master_id,entry_type,russian,russian_no_accent,japanese,pos,gender,number,imperfective,perfective,aspect_pair_key,case_pattern,source_rounds,source_sections,source_context,frequency,duplicate_group,level,category,card_direction,front,answer,back,tags,needs_review,review_status,review_note,include_in_app,original_card_ids,confidence,,,,,,,,,,
m0001,verb_pair,встава́ть — встать,вставать — встать,起きる／立ち上がる,動詞,,,встава́ть,встать,вставать—встать,,60,64,84,文法II,動詞の体・時制選択,3,вставать—встать,2,verb,ru→ja / ja→ru候補,встава́ть — встать,起きる／立ち上がる,"答え：起きる／立ち上がる
品詞：動詞
不完了体：встава́ть
完了体：встать
出題回：60;64;84
文脈：動詞の体・時制選択",ロシア語2級,verb,動詞,複数回,要確認,未確認,不完了体・完了体セットで校正。訳は文脈で調整。,候補,,中,,,,,
m0002,verb_pair,выходи́ть — вы́йти,выходить — выити,出る,動詞,,,выходи́ть,вы́йти,выходить—выити,,60,文法II,動詞の体・時制選択,1,выходить—выити,2,verb,ru→ja / ja→ru候補,выходи́ть — вы́йти,出る,"答え：出る
品詞：動詞
不完了体：выходи́ть
完了体：вы́йти
出題回：60
文脈：動詞の体・時制選択",ロシア語2級,verb,動詞,第60回,要確認,未確認,不完了体・完了体セットで校正。訳は文脈で調整。,候補,,中,,,,,,,
m0003,verb_pair,говори́ть — сказа́ть,говорить — сказать,話す／言う,動詞,,,говори́ть,сказа́ть,говорить—сказать,,60,文法II,動詞の体・時制選択,1,говорить—сказать,2,verb,ru→ja / ja→ru候補,говори́ть — сказа́ть,話す／言う,"答え：話す／言う
品詞：動詞
不完了体：говори́ть
完了体：сказа́ть
出題回：60
文脈：動詞の体・時制選択",ロシア語2級,verb,動詞,第60回,要確認,未確認,不完了体・完了体セットで校正。訳は文脈で調整。,候補,,中,,,,,,,
m0004,verb_pair,гото́вить — пригото́вить,готовить — приготовить,準備する／料理する,動詞,,,гото́вить,пригото́вить,готовить—приготовить,,60,文法II,動詞の体・時制選択,1,готовить—приготовить,2,verb,ru→ja / ja→ru候補,гото́вить — пригото́вить,準備する／料理する,"答え：準備する／料理する
品詞：動詞
不完了体：гото́вить
完了体：пригото́вить
出題回：60
文脈：動詞の体・時制選択",ロシア語2級,verb,動詞,第60回,要確認,未確認,不完了体・完了体セットで校正。訳は文脈で調整。,候補,,中,,,,,,,
m0005,verb_pair,де́лать — сде́лать,делать — сделать,する／作る,動詞,,,де́лать,сде́лать,делать—сделать,,60,文法II,動詞の体・時制選択,1,делать—сделать,2,verb,ru→ja / ja→ru候補,де́лать — сде́лать,する／作る,"答え：する／作る
品詞：動詞
不完了体：де́лать
完了体：сде́лать
出題回：60
文脈：動詞の体・時制選択",ロシア語2級,verb,動詞,第60回,要確認,未確認,不完了体・完了体セットで校正。訳は文脈で調整。,候補,,中,,,,,,,
m0006,verb_pair,закрыва́ть — закры́ть,закрывать — закрыть,閉める,動詞,,,закрыва́ть,закры́ть,закрывать—закрыть,,60,文法II,動詞の体・時制選択,1,закрывать—закрыть,2,verb,ru→ja / ja→ru候補,закрыва́ть — закры́ть,閉める,"答え：閉める
品詞：動詞
不完了体：закрыва́ть
完了体：закры́ть
出題回：60
文脈：動詞の体・時制選択",ロシア語2級,verb,動詞,第60回,要確認,未確認,不完了体・完了体セットで校正。訳は文脈で調整。,候補,,中,,,,,,,
m0007,verb_pair,изменя́ться — измени́ться,изменяться — измениться,変わる,動詞,,,изменя́ться,измени́ться,изменяться—измениться,,60,文法II,動詞の体・時制選択,1,изменяться—измениться,2,verb,ru→ja / ja→ru候補,изменя́ться — измени́ться,変わる,"答え：変わる
品詞：動詞
不完了体：изменя́ться
完了体：измени́ться
出題回：60
文脈：動詞の体・時制選択",ロシア語2級,verb,動詞,第60回,要確認,未確認,不完了体・完了体セットで校正。訳は文脈で調整。,候補,,中,,,,,,,
m0008,verb_pair,приводи́ть — привести́,приводить — привести,連れてくる／導く,動詞,,,приводи́ть,привести́,приводить—привести,,60,文法II,動詞の体・時制選択,1,приводить—привести,2,verb,ru→ja / ja→ru候補,приводи́ть — привести́,連れてくる／導く,"答え：連れてくる／導く
品詞：動詞
不完了体：приводи́ть
完了体：привести́
出題回：60
文脈：動詞の体・時制選択",ロシア語2級,verb,動詞,第60回,要確認,未確認,不完了体・完了体セットで校正。訳は文脈で調整。,候補,,中,,,,,,,
m0009,verb_pair,спеши́ть — поспеши́ть,спешить — поспешить,急ぐ,動詞,,,спеши́ть,поспеши́ть,спешить—поспешить,,60,文法II,動詞の体・時制選択,1,спешить—поспешить,2,verb,ru→ja / ja→ru候補,спеши́ть — поспеши́ть,急ぐ,"答え：急ぐ
品詞：動詞
不完了体：спеши́ть
完了体：поспеши́ть
出題回：60
文脈：動詞の体・時制選択",ロシア語2級,verb,動詞,第60回,要確認,未確認,不完了体・完了体セットで校正。訳は文脈で調整。,候補,,中,,,,,,,
m0010,verb_pair,возвраща́ться — верну́ться,возвращаться — вернуться,戻る,動詞,,,возвраща́ться,верну́ться,возвращаться—вернуться,,60,62,文法II,動詞の体・時制選択,2,возвращаться—вернуться,2,verb,ru→ja / ja→ru候補,возвраща́ться — верну́ться,戻る,"答え：戻る
品詞：動詞
不完了体：возвраща́ться
完了体：верну́ться
出題回：60;62
文脈：動詞の体・時制選択",ロシア語2級,verb,動詞,複数回,要確認,未確認,不完了体・完了体セットで校正。訳は文脈で調整。,候補,,中,,,,,,
m0011,verb_pair,ока́нчивать — око́нчить,оканчивать — окончить,終える,動詞,,,ока́нчивать,око́нчить,оканчивать—окончить,,60,文法II,動詞の体・時制選択,1,оканчивать—окончить,2,verb,ru→ja / ja→ru候補,ока́нчивать — око́нчить,終える,"答え：終える
品詞：動詞
不完了体：ока́нчивать
完了体：око́нчить
出題回：60
文脈：動詞の体・時制選択",ロシア語2級,verb,動詞,第60回,要確認,未確認,不完了体・完了体セットで校正。訳は文脈で調整。,候補,,中,,,,,,,
m0012,verb_pair,проверя́ть — прове́рить,проверять — проверить,確認する,動詞,,,проверя́ть,прове́рить,проверять—проверить,,60,文法II,動詞の体・時制選択,1,проверять—проверить,2,verb,ru→ja / ja→ru候補,проверя́ть — прове́рить,確認する,"答え：確認する
品詞：動詞
不完了体：проверя́ть
完了体：прове́рить
出題回：60
文脈：動詞の体・時制選択",ロシア語2級,verb,動詞,第60回,要確認,未確認,不完了体・完了体セットで校正。訳は文脈で調整。,候補,,中,,,,,,,
m0013,verb_pair,уезжа́ть — уе́хать,уезжать — уехать,出発する／去る,動詞,,,уезжа́ть,уе́хать,уезжать—уехать,,60,文法II,動詞の体・時制選択,1,уезжать—уехать,2,verb,ru→ja / ja→ru候補,уезжа́ть — уе́хать,出発する／去る,"答え：出発する／去る
品詞：動詞
不完了体：уезжа́ть
完了体：уе́хать
出題回：60
文脈：動詞の体・時制選択",ロシア語2級,verb,動詞,第60回,要確認,未確認,不完了体・完了体セットで校正。訳は文脈で調整。,候補,,中,,,,,,,
m0014,verb_pair,чита́ть — прочита́ть,читать — прочитать,読む,動詞,,,чита́ть,прочита́ть,читать—прочитать,,60,文法II,動詞の体・時制選択,1,читать—прочитать,2,verb,ru→ja / ja→ru候補,чита́ть — прочита́ть,読む,"答え：読む
品詞：動詞
不完了体：чита́ть
完了体：прочита́ть
出題回：60
文脈：動詞の体・時制選択",ロシア語2級,verb,動詞,第60回,要確認,未確認,不完了体・完了体セットで校正。訳は文脈で調整。,候補,,中,,,,,,,
m0015,verb_pair,включа́ть — включи́ть,включать — включить,つける／含める,動詞,,,включа́ть,включи́ть,включать—включить,,62,文法II,動詞の体・時制選択,1,включать—включить,2,verb,ru→ja / ja→ru候補,включа́ть — включи́ть,つける／含める,"答え：つける／含める
品詞：動詞
不完了体：включа́ть
完了体：включи́ть
出題回：62
文脈：動詞の体・時制選択",ロシア語2級,verb,動詞,第62回,要確認,未確認,不完了体・完了体セットで校正。訳は文脈で調整。,候補,,中,,,,,,,
m0016,verb_pair,входи́ть — войти́,входить — воити,入る,動詞,,,входи́ть,войти́,входить—воити,,62,84,文法II,動詞の体・時制選択,2,входить—воити,2,verb,ru→ja / ja→ru候補,входи́ть — войти́,入る,"答え：入る
品詞：動詞
不完了体：входи́ть
完了体：войти́
出題回：62;84
文脈：動詞の体・時制選択",ロシア語2級,verb,動詞,複数回,要確認,未確認,不完了体・完了体セットで校正。訳は文脈で調整。,候補,,中,,,,,,
m0017,verb_pair,конча́ться — ко́нчиться,кончаться — кончиться,終わる,動詞,,,конча́ться,ко́нчиться,кончаться—кончиться,,62,文法II,動詞の体・時制選択,1,кончаться—кончиться,2,verb,ru→ja / ja→ru候補,конча́ться — ко́нчиться,終わる,"答え：終わる
品詞：動詞
不完了体：конча́ться
完了体：ко́нчиться
出題回：62
文脈：動詞の体・時制選択",ロシア語2級,verb,動詞,第62回,要確認,未確認,不完了体・完了体セットで校正。訳は文脈で調整。,候補,,中,,,,,,,
m0018,verb_pair,открыва́ть — откры́ть,открывать — открыть,開ける／開く,動詞,,,открыва́ть,откры́ть,открывать—открыть,,62,文法II,動詞の体・時制選択,1,открывать—открыть,2,verb,ru→ja / ja→ru候補,открыва́ть — откры́ть,開ける／開く,"答え：開ける／開く
品詞：動詞
不完了体：открыва́ть
完了体：откры́ть
出題回：62
文脈：動詞の体・時制選択",ロシア語2級,verb,動詞,第62回,要確認,未確認,不完了体・完了体セットで校正。訳は文脈で調整。,候補,,中,,,,,,,
m0019,verb_pair,перевози́ть — перевезти́,перевозить — перевезти,運ぶ,動詞,,,перевози́ть,перевезти́,перевозить—перевезти,,62,文法II,動詞の体・時制選択,1,перевозить—перевезти,2,verb,ru→ja / ja→ru候補,перевози́ть — перевезти́,運ぶ,"答え：運ぶ
品詞：動詞
不完了体：перевози́ть
完了体：перевезти́
出題回：62
文脈：動詞の体・時制選択",ロシア語2級,verb,動詞,第62回,要確認,未確認,不完了体・完了体セットで校正。訳は文脈で調整。,候補,,中,,,,,,,
m0020,verb_pair,расска́зывать — рассказа́ть,рассказывать — рассказать,話す／語る,動詞,,,расска́зывать,рассказа́ть,рассказывать—рассказать,,62,文法II,動詞の体・時制選択,1,рассказывать—рассказать,2,verb,ru→ja / ja→ru候補,расска́зывать — рассказа́ть,話す／語る,"答え：話す／語る
品詞：動詞
不完了体：расска́зывать
完了体：рассказа́ть
出題回：62
文脈：動詞の体・時制選択",ロシア語2級,verb,動詞,第62回,要確認,未確認,不完了体・完了体セットで校正。訳は文脈で調整。,候補,,中,,,,,,,
m0021,verb_pair,спо́рить — поспо́рить,спорить — поспорить,議論する,動詞,,,спо́рить,поспо́рить,спорить—поспорить,,62,64,文法II,動詞の体・時制選択,2,спорить—поспорить,2,verb,ru→ja / ja→ru候補,спо́рить — поспо́рить,議論する,"答え：議論する
品詞：動詞
不完了体：спо́рить
完了体：поспо́рить
出題回：62;64
文脈：動詞の体・時制選択",ロシア語2級,verb,動詞,複数回,要確認,未確認,不完了体・完了体セットで校正。訳は文脈で調整。,候補,,中,,,,,,
m0022,verb_pair,станови́ться — стать,становиться — стать,〜になる,動詞,,,станови́ться,стать,становиться—стать,,62,文法II,動詞の体・時制選択,1,становиться—стать,2,verb,ru→ja / ja→ru候補,станови́ться — стать,〜になる,"答え：〜になる
品詞：動詞
不完了体：станови́ться
完了体：стать
出題回：62
文脈：動詞の体・時制選択",ロシア語2級,verb,動詞,第62回,要確認,未確認,不完了体・完了体セットで校正。訳は文脈で調整。,候補,,中,,,,,,,
m0023,verb_pair,улета́ть — улете́ть,улетать — улететь,飛び去る／出発する,動詞,,,улета́ть,улете́ть,улетать—улететь,,62,文法II,動詞の体・時制選択,1,улетать—улететь,2,verb,ru→ja / ja→ru候補,улета́ть — улете́ть,飛び去る／出発する,"答え：飛び去る／出発する
品詞：動詞
不完了体：улета́ть
完了体：улете́ть
出題回：62
文脈：動詞の体・時制選択",ロシア語2級,verb,動詞,第62回,要確認,未確認,不完了体・完了体セットで校正。訳は文脈で調整。,候補,,中,,,,,,,
m0024,verb_pair,за́втракать — поза́втракать,завтракать — позавтракать,朝食をとる,動詞,,,за́втракать,поза́втракать,завтракать—позавтракать,,64,文法II,動詞の体・時制選択,1,завтракать—позавтракать,2,verb,ru→ja / ja→ru候補,за́втракать — поза́втракать,朝食をとる,"答え：朝食をとる
品詞：動詞
不完了体：за́втракать
完了体：поза́втракать
出題回：64
文脈：動詞の体・時制選択",ロシア語2級,verb,動詞,第64回,要確認,未確認,不完了体・完了体セットで校正。訳は文脈で調整。,候補,,中,,,,,,,
m0025,verb_pair,заезжа́ть — зае́хать,заезжать — заехать,立ち寄る／車で入る,動詞,,,заезжа́ть,зае́хать,заезжать—заехать,,64,文法II,動詞の体・時制選択,1,заезжать—заехать,2,verb,ru→ja / ja→ru候補,заезжа́ть — зае́хать,立ち寄る／車で入る,"答え：立ち寄る／車で入る
品詞：動詞
不完了体：заезжа́ть
完了体：зае́хать
出題回：64
文脈：動詞の体・時制選択",ロシア語2級,verb,動詞,第64回,要確認,未確認,不完了体・完了体セットで校正。訳は文脈で調整。,候補,,中,,,,,,,
m0026,verb_pair,нра́виться — понра́виться,нравиться — понравиться,気に入る,動詞,,,нра́виться,понра́виться,нравиться—понравиться,,64,文法II,動詞の体・時制選択,1,нравиться—понравиться,2,verb,ru→ja / ja→ru候補,нра́виться — понра́виться,気に入る,"答え：気に入る
品詞：動詞
不完了体：нра́виться
完了体：понра́виться
出題回：64
文脈：動詞の体・時制選択",ロシア語2級,verb,動詞,第64回,要確認,未確認,不完了体・完了体セットで校正。訳は文脈で調整。,候補,,中,,,,,,,
m0027,verb_pair,объясня́ть — объясни́ть,объяснять — объяснить,説明する,動詞,,,объясня́ть,объясни́ть,объяснять—объяснить,,64,文法II,動詞の体・時制選択,1,объяснять—объяснить,2,verb,ru→ja / ja→ru候補,объясня́ть — объясни́ть,説明する,"答え：説明する
品詞：動詞
不完了体：объясня́ть
完了体：объясни́ть
出題回：64
文脈：動詞の体・時制選択",ロシア語2級,verb,動詞,第64回,要確認,未確認,不完了体・完了体セットで校正。訳は文脈で調整。,候補,,中,,,,,,,
m0028,verb_pair,па́дать — упа́сть,падать — упасть,落ちる／倒れる,動詞,,,па́дать,упа́сть,падать—упасть,,64,文法II,動詞の体・時制選択,1,падать—упасть,2,verb,ru→ja / ja→ru候補,па́дать — упа́сть,落ちる／倒れる,"答え：落ちる／倒れる
品詞：動詞
不完了体：па́дать
完了体：упа́сть
出題回：64
文脈：動詞の体・時制選択",ロシア語2級,verb,動詞,第64回,要確認,未確認,不完了体・完了体セットで校正。訳は文脈で調整。,候補,,中,,,,,,,
m0029,verb_pair,писа́ть — написа́ть,писать — написать,書く,動詞,,,писа́ть,написа́ть,писать—написать,,64,文法II,動詞の体・時制選択,1,писать—написать,2,verb,ru→ja / ja→ru候補,писа́ть — написа́ть,書く,"答え：書く
品詞：動詞
不完了体：писа́ть
完了体：написа́ть
出題回：64
文脈：動詞の体・時制選択",ロシア語2級,verb,動詞,第64回,要確認,未確認,不完了体・完了体セットで校正。訳は文脈で調整。,候補,,中,,,,,,,
m0030,verb_pair,смотре́ть — посмотре́ть,смотреть — посмотреть,見る,動詞,,,смотре́ть,посмотре́ть,смотреть—посмотреть,,64,文法II,動詞の体・時制選択,1,смотреть—посмотреть,2,verb,ru→ja / ja→ru候補,смотре́ть — посмотре́ть,見る,"答え：見る
品詞：動詞
不完了体：смотре́ть
完了体：посмотре́ть
出題回：64
文脈：動詞の体・時制選択",ロシア語2級,verb,動詞,第64回,要確認,未確認,不完了体・完了体セットで校正。訳は文脈で調整。,候補,,中,,,,,,,
m0031,verb_pair,уходи́ть — уйти́,уходить — уити,去る／出て行く,動詞,,,уходи́ть,уйти́,уходить—уити,,64,文法II,動詞の体・時制選択,1,уходить—уити,2,verb,ru→ja / ja→ru候補,уходи́ть — уйти́,去る／出て行く,"答え：去る／出て行く
品詞：動詞
不完了体：уходи́ть
完了体：уйти́
出題回：64
文脈：動詞の体・時制選択",ロシア語2級,verb,動詞,第64回,要確認,未確認,不完了体・完了体セットで校正。訳は文脈で調整。,候補,,中,,,,,,,
m0032,verb_pair,бра́ть — взять,брать — взять,取る,動詞,,,бра́ть,взять,брать—взять,,84,文法II,動詞の体・時制選択,1,брать—взять,2,verb,ru→ja / ja→ru候補,бра́ть — взять,取る,"答え：取る
品詞：動詞
不完了体：бра́ть
完了体：взять
出題回：84
文脈：動詞の体・時制選択",ロシア語2級,verb,動詞,第84回,要確認,未確認,不完了体・完了体セットで校正。訳は文脈で調整。,候補,,中,,,,,,,
m0033,verb_pair,встреча́ть — встре́тить,встречать — встретить,会う／迎える,動詞,,,встреча́ть,встре́тить,встречать—встретить,,84,文法II,動詞の体・時制選択,1,встречать—встретить,2,verb,ru→ja / ja→ru候補,встреча́ть — встре́тить,会う／迎える,"答え：会う／迎える
品詞：動詞
不完了体：встреча́ть
完了体：встре́тить
出題回：84
文脈：動詞の体・時制選択",ロシア語2級,verb,動詞,第84回,要確認,未確認,不完了体・完了体セットで校正。訳は文脈で調整。,候補,,中,,,,,,,
m0034,verb_pair,заходи́ть — зайти́,заходить — заити,立ち寄る／入る,動詞,,,заходи́ть,зайти́,заходить—заити,,84,文法II,動詞の体・時制選択,1,заходить—заити,2,verb,ru→ja / ja→ru候補,заходи́ть — зайти́,立ち寄る／入る,"答え：立ち寄る／入る
品詞：動詞
不完了体：заходи́ть
完了体：зайти́
出題回：84
文脈：動詞の体・時制選択",ロシア語2級,verb,動詞,第84回,要確認,未確認,不完了体・完了体セットで校正。訳は文脈で調整。,候補,,中,,,,,,,
m0035,verb_pair,изуча́ть — изучи́ть,изучать — изучить,学ぶ／研究する,動詞,,,изуча́ть,изучи́ть,изучать—изучить,,84,文法II,動詞の体・時制選択,1,изучать—изучить,2,verb,ru→ja / ja→ru候補,изуча́ть — изучи́ть,学ぶ／研究する,"答え：学ぶ／研究する
品詞：動詞
不完了体：изуча́ть
完了体：изучи́ть
出題回：84
文脈：動詞の体・時制選択",ロシア語2級,verb,動詞,第84回,要確認,未確認,不完了体・完了体セットで校正。訳は文脈で調整。,候補,,中,,,,,,,
m0036,verb_pair,ложи́ться — лечь,ложиться — лечь,横になる／寝る,動詞,,,ложи́ться,лечь,ложиться—лечь,,84,文法II,動詞の体・時制選択,1,ложиться—лечь,2,verb,ru→ja / ja→ru候補,ложи́ться — лечь,横になる／寝る,"答え：横になる／寝る
品詞：動詞
不完了体：ложи́ться
完了体：лечь
出題回：84
文脈：動詞の体・時制選択",ロシア語2級,verb,動詞,第84回,要確認,未確認,不完了体・完了体セットで校正。訳は文脈で調整。,候補,,中,,,,,,,
m0037,verb_pair,начина́ться — нача́ться,начинаться — начаться,始まる,動詞,,,начина́ться,нача́ться,начинаться—начаться,,84,文法II,動詞の体・時制選択,1,начинаться—начаться,2,verb,ru→ja / ja→ru候補,начина́ться — нача́ться,始まる,"答え：始まる
品詞：動詞
不完了体：начина́ться
完了体：нача́ться
出題回：84
文脈：動詞の体・時制選択",ロシア語2級,verb,動詞,第84回,要確認,未確認,不完了体・完了体セットで校正。訳は文脈で調整。,候補,,中,,,,,,,
m0038,verb_pair,сдава́ть — сдать,сдавать — сдать,提出する／受験する／引き渡す,動詞,,,сдава́ть,сдать,сдавать—сдать,,84,文法II,動詞の体・時制選択,1,сдавать—сдать,2,verb,ru→ja / ja→ru候補,сдава́ть — сдать,提出する／受験する／引き渡す,"答え：提出する／受験する／引き渡す
品詞：動詞
不完了体：сдава́ть
完了体：сдать
出題回：84
文脈：動詞の体・時制選択",ロシア語2級,verb,動詞,第84回,要確認,未確認,不完了体・完了体セットで校正。訳は文脈で調整。,候補,,中,,,,,,,
m0039,verb_pair,чи́стить — почи́стить,чистить — почистить,掃除する／磨く,動詞,,,чи́стить,почи́стить,чистить—почистить,,84,文法II,動詞の体・時制選択,1,чистить—почистить,2,verb,ru→ja / ja→ru候補,чи́стить — почи́стить,掃除する／磨く,"答え：掃除する／磨く
品詞：動詞
不完了体：чи́стить
完了体：почи́стить
出題回：84
文脈：動詞の体・時制選択",ロシア語2級,verb,動詞,第84回,要確認,未確認,不完了体・完了体セットで校正。訳は文脈で調整。,候補,,中,,,,,,,
m0040,vocab,Земля́,Земля,地球,名詞,女性,,,,,,84,文法I,空・大気・太陽光の散乱,1,земля,1,vocab,ru→ja / ja→ru候補,Земля́,地球,"答え：地球
品詞：名詞
性：女性
出題回：84
文脈：空・大気・太陽光の散乱",ロシア語2級,vocab,名詞,第84回,要確認,未確認,旧CSV/過去メモからの種データ。アクセント・品詞・訳語を要確認。,候補,,中,,,,,,,
m0041,vocab,Со́лнце,Солнце,太陽,名詞,中性,,,,,,84,文法I,空・大気・太陽光の散乱,1,солнце,1,vocab,ru→ja / ja→ru候補,Со́лнце,太陽,"答え：太陽
品詞：名詞
性：中性
出題回：84
文脈：空・大気・太陽光の散乱",ロシア語2級,vocab,名詞,第84回,要確認,未確認,旧CSV/過去メモからの種データ。アクセント・品詞・訳語を要確認。,候補,,中,,,,,,,
m0042,vocab,а́тмосфе́ра,атмосфера,大気,名詞,女性,,,,,,84,文法I,空・大気・太陽光の散乱,1,атмосфера,1,vocab,ru→ja / ja→ru候補,а́тмосфе́ра,大気,"答え：大気
品詞：名詞
性：女性
出題回：84
文脈：空・大気・太陽光の散乱",ロシア語2級,vocab,名詞,第84回,要確認,未確認,旧CSV/過去メモからの種データ。アクセント・品詞・訳語を要確認。,候補,,中,,,,,,,
m0043,vocab,прозра́чный,прозрачныи,透明な,形容詞,,,,,,,84,文法I,空・大気・太陽光の散乱,1,прозрачныи,1,vocab,ru→ja / ja→ru候補,прозра́чный,透明な,"答え：透明な
品詞：形容詞
出題回：84
文脈：空・大気・太陽光の散乱",ロシア語2級,vocab,形容詞,第84回,要確認,未確認,旧CSV/過去メモからの種データ。アクセント・品詞・訳語を要確認。,候補,,中,,,,,,,
m0044,vocab,плане́та,планета,惑星,名詞,女性,,,,,,84,文法I,地球・惑星,1,планета,1,vocab,ru→ja / ja→ru候補,плане́та,惑星,"答え：惑星
品詞：名詞
性：女性
出題回：84
文脈：地球・惑星",ロシア語2級,vocab,名詞,第84回,要確認,未確認,旧CSV/過去メモからの種データ。アクセント・品詞・訳語を要確認。,候補,,中,,,,,,,
m0045,vocab,челове́ческий глаз,человеческии глаз,人間の目,名詞句,男性,,,,,,84,文法I,視覚・太陽光,1,человеческии_глаз,2,vocab,ru→ja / ja→ru候補,челове́ческий глаз,人間の目,"答え：人間の目
品詞：名詞句
性：男性
出題回：84
文脈：視覚・太陽光",ロシア語2級,vocab,名詞句,第84回,要確認,未確認,旧CSV/過去メモからの種データ。アクセント・品詞・訳語を要確認。,候補,,中,,,,,,,
m0046,vocab,па́смурная пого́да,пасмурная погода,曇りの天気,名詞句,女性,,,,,,84,文法I,天候,1,пасмурная_погода,2,vocab,ru→ja / ja→ru候補,па́смурная пого́да,曇りの天気,"答え：曇りの天気
品詞：名詞句
性：女性
出題回：84
文脈：天候",ロシア語2級,vocab,名詞句,第84回,要確認,未確認,旧CSV/過去メモからの種データ。アクセント・品詞・訳語を要確認。,候補,,中,,,,,,,
m0047,vocab,горизо́нт,горизонт,地平線,名詞,男性,,,,,,84,文法I,自然・視界,1,горизонт,2,vocab,ru→ja / ja→ru候補,горизо́нт,地平線,"答え：地平線
品詞：名詞
性：男性
出題回：84
文脈：自然・視界",ロシア語2級,vocab,名詞,第84回,要確認,未確認,旧CSV/過去メモからの種データ。アクセント・品詞・訳語を要確認。,候補,,中,,,,,,,
m0048,vocab,тури́ст,турист,観光客,名詞,男性,,,,,,84,文法III,富士山・オーバーツーリズム,1,турист,1,vocab,ru→ja / ja→ru候補,тури́ст,観光客,"答え：観光客
品詞：名詞
性：男性
出題回：84
文脈：富士山・オーバーツーリズム",ロシア語2級,vocab,名詞,第84回,要確認,未確認,旧CSV/過去メモからの種データ。アクセント・品詞・訳語を要確認。,候補,,中,,,,,,,
m0049,vocab,Фудзия́ма,Фудзияма,富士山,固有名詞,女性,,,,,,84,文法III,富士山・オーバーツーリズム,1,фудзияма,1,vocab,ru→ja / ja→ru候補,Фудзия́ма,富士山,"答え：富士山
品詞：固有名詞
性：女性
出題回：84
文脈：富士山・オーバーツーリズム",ロシア語2級,vocab,固有名詞,第84回,要確認,未確認,旧CSV/過去メモからの種データ。アクセント・品詞・訳語を要確認。,候補,,中,,,,,,,
m0050,vocab,смартфо́н,смартфон,スマホ,名詞,男性,,,,,,84,露文和訳,夏休み・スマホ利用制限,1,смартфон,1,vocab,ru→ja / ja→ru候補,смартфо́н,スマホ,"答え：スマホ
品詞：名詞
性：男性
出題回：84
文脈：夏休み・スマホ利用制限",ロシア語2級,vocab,名詞,第84回,要確認,未確認,旧CSV/過去メモからの種データ。アクセント・品詞・訳語を要確認。,候補,,中,,,,,,,
m0051,vocab,кани́кулы,каникулы,休暇／休み,名詞,,複数,,,,,84,76,露文和訳,聴取,夏休み・季節,2,каникулы,1,vocab,ru→ja / ja→ru候補,кани́кулы,休暇／休み,"答え：休暇／休み
品詞：名詞
出題回：84;76
文脈：夏休み・季節",ロシア語2級,vocab,名詞,複数回,要確認,未確認,旧CSV/過去メモからの種データ。アクセント・品詞・訳語を要確認。,候補,,中,,,,,
m0052,vocab,психо́лог,психолог,心理学者,名詞,男性,,,,,,84,露文和訳,心理学者スミルノワ,1,психолог,2,vocab,ru→ja / ja→ru候補,психо́лог,心理学者,"答え：心理学者
品詞：名詞
性：男性
出題回：84
文脈：心理学者スミルノワ",ロシア語2級,vocab,名詞,第84回,要確認,未確認,旧CSV/過去メモからの種データ。アクセント・品詞・訳語を要確認。,候補,,中,,,,,,,
m0053,vocab,стре́сс,стресс,ストレス,名詞,男性,,,,,,84,露文和訳,夏休み・回復,1,стресс,1,vocab,ru→ja / ja→ru候補,стре́сс,ストレス,"答え：ストレス
品詞：名詞
性：男性
出題回：84
文脈：夏休み・回復",ロシア語2級,vocab,名詞,第84回,要確認,未確認,旧CSV/過去メモからの種データ。アクセント・品詞・訳語を要確認。,候補,,中,,,,,,,
m0054,vocab,тури́ст,турист,観光客,名詞,男性,,,,,,84,和文露訳,イタリア・スペイン旅行,1,турист,1,vocab,ru→ja / ja→ru候補,тури́ст,観光客,"答え：観光客
品詞：名詞
性：男性
出題回：84
文脈：イタリア・スペイン旅行",ロシア語2級,vocab,名詞,第84回,要確認,未確認,旧CSV/過去メモからの種データ。アクセント・品詞・訳語を要確認。,候補,,中,,,,,,,
m0055,vocab,вре́мена го́да,времена года,四季,名詞句,,複数,,,,,76,68,聴取,ロシアの四季,2,времена_года,1,vocab,ru→ja / ja→ru候補,вре́мена го́да,四季,"答え：四季
品詞：名詞句
出題回：76;68
文脈：ロシアの四季",ロシア語2級,vocab,名詞句,複数回,要確認,未確認,旧CSV/過去メモからの種データ。アクセント・品詞・訳語を要確認。,候補,,中,,,,,,
m0056,vocab,зима́,зима,冬,名詞,女性,,,,,,76,聴取,季節,1,зима,1,vocab,ru→ja / ja→ru候補,зима́,冬,"答え：冬
品詞：名詞
性：女性
出題回：76
文脈：季節",ロシア語2級,vocab,名詞,第76回,要確認,未確認,旧CSV/過去メモからの種データ。アクセント・品詞・訳語を要確認。,候補,,中,,,,,,,
m0057,vocab,весна́,весна,春,名詞,女性,,,,,,76,聴取,季節,1,весна,1,vocab,ru→ja / ja→ru候補,весна́,春,"答え：春
品詞：名詞
性：女性
出題回：76
文脈：季節",ロシア語2級,vocab,名詞,第76回,要確認,未確認,旧CSV/過去メモからの種データ。アクセント・品詞・訳語を要確認。,候補,,中,,,,,,,
m0058,vocab,ле́то,лето,夏,名詞,中性,,,,,,76,聴取,季節,1,лето,1,vocab,ru→ja / ja→ru候補,ле́то,夏,"答え：夏
品詞：名詞
性：中性
出題回：76
文脈：季節",ロシア語2級,vocab,名詞,第76回,要確認,未確認,旧CSV/過去メモからの種データ。アクセント・品詞・訳語を要確認。,候補,,中,,,,,,,
m0059,vocab,о́сень,осень,秋,名詞,女性,,,,,,76,聴取,季節,1,осень,1,vocab,ru→ja / ja→ru候補,о́сень,秋,"答え：秋
品詞：名詞
性：女性
出題回：76
文脈：季節",ロシア語2級,vocab,名詞,第76回,要確認,未確認,旧CSV/過去メモからの種データ。アクセント・品詞・訳語を要確認。,候補,,中,,,,,,,
m0060,vocab,зо́лотая о́сень,золотая осень,黄金の秋,名詞句,女性,,,,,,76,聴取,季節・紅葉,1,золотая_осень,2,vocab,ru→ja / ja→ru候補,зо́лотая о́сень,黄金の秋,"答え：黄金の秋
品詞：名詞句
性：女性
出題回：76
文脈：季節・紅葉",ロシア語2級,vocab,名詞句,第76回,要確認,未確認,旧CSV/過去メモからの種データ。アクセント・品詞・訳語を要確認。,候補,,中,,,,,,,
m0061,vocab,снег,снег,雪,名詞,男性,,,,,,76,聴取,冬,1,снег,1,vocab,ru→ja / ja→ru候補,снег,雪,"答え：雪
品詞：名詞
性：男性
出題回：76
文脈：冬",ロシア語2級,vocab,名詞,第76回,要確認,未確認,旧CSV/過去メモからの種データ。アクセント・品詞・訳語を要確認。,候補,,中,,,,,,,
m0062,vocab,лёд,лед,氷,名詞,男性,,,,,,76,聴取,冬,1,лед,1,vocab,ru→ja / ja→ru候補,лёд,氷,"答え：氷
品詞：名詞
性：男性
出題回：76
文脈：冬",ロシア語2級,vocab,名詞,第76回,要確認,未確認,旧CSV/過去メモからの種データ。アクセント・品詞・訳語を要確認。,候補,,中,,,,,,,
m0063,vocab,ве́лосипе́д,велосипед,自転車,名詞,男性,,,,,,76,聴取,夏の活動,1,велосипед,1,vocab,ru→ja / ja→ru候補,ве́лосипе́д,自転車,"答え：自転車
品詞：名詞
性：男性
出題回：76
文脈：夏の活動",ロシア語2級,vocab,名詞,第76回,要確認,未確認,旧CSV/過去メモからの種データ。アクセント・品詞・訳語を要確認。,候補,,中,,,,,,,
m0064,vocab,пла́вать,плавать,泳ぐ,動詞,,,,,,,76,聴取,夏の活動,1,плавать,1,vocab,ru→ja / ja→ru候補,пла́вать,泳ぐ,"答え：泳ぐ
品詞：動詞
出題回：76
文脈：夏の活動",ロシア語2級,vocab,動詞,第76回,要確認,未確認,旧CSV/過去メモからの種データ。アクセント・品詞・訳語を要確認。,候補,,中,,,,,,,
m0065,vocab,горо́д,город,町／都市,名詞,男性,,,,,,76,口頭作文,私の好きな町,1,город,1,vocab,ru→ja / ja→ru候補,горо́д,町／都市,"答え：町／都市
品詞：名詞
性：男性
出題回：76
文脈：私の好きな町",ロシア語2級,vocab,名詞,第76回,要確認,未確認,旧CSV/過去メモからの種データ。アクセント・品詞・訳語を要確認。,候補,,中,,,,,,,
m0066,vocab,Моско́вский университе́т,Московскии университет,モスクワ大学,固有名詞句,男性,,,,,,64,文法I,創立250周年,1,московскии_университет,2,vocab,ru→ja / ja→ru候補,Моско́вский университе́т,モスクワ大学,"答え：モスクワ大学
品詞：固有名詞句
性：男性
出題回：64
文脈：創立250周年",ロシア語2級,vocab,固有名詞句,第64回,要確認,未確認,旧CSV/過去メモからの種データ。アクセント・品詞・訳語を要確認。,候補,,中,,,,,,,
m0067,vocab,университе́т,университет,大学,名詞,男性,,,,,,64,文法I,モスクワ大学,1,университет,1,vocab,ru→ja / ja→ru候補,университе́т,大学,"答え：大学
品詞：名詞
性：男性
出題回：64
文脈：モスクワ大学",ロシア語2級,vocab,名詞,第64回,要確認,未確認,旧CSV/過去メモからの種データ。アクセント・品詞・訳語を要確認。,候補,,中,,,,,,,
m0068,vocab,библиоте́ка,библиотека,図書館,名詞,女性,,,,,,64,86,文法I,頻出語彙,大学・本・図書館,2,библиотека,1,vocab,ru→ja / ja→ru候補,библиоте́ка,図書館,"答え：図書館
品詞：名詞
性：女性
出題回：64;86
文脈：大学・本・図書館",ロシア語2級,vocab,名詞,複数回,要確認,未確認,旧CSV/過去メモからの種データ。アクセント・品詞・訳語を要確認。,候補,,中,,,,,
m0069,vocab,аудито́рия,аудитория,講堂／教室,名詞,女性,,,,,,64,文法I,教育棟・講堂,1,аудитория,1,vocab,ru→ja / ja→ru候補,аудито́рия,講堂／教室,"答え：講堂／教室
品詞：名詞
性：女性
出題回：64
文脈：教育棟・講堂",ロシア語2級,vocab,名詞,第64回,要確認,未確認,旧CSV/過去メモからの種データ。アクセント・品詞・訳語を要確認。,候補,,中,,,,,,,
m0070,vocab,уче́бный ко́рпус,учебныи корпус,教育棟,名詞句,男性,,,,,,64,文法I,大学施設,1,учебныи_корпус,2,vocab,ru→ja / ja→ru候補,уче́бный ко́рпус,教育棟,"答え：教育棟
品詞：名詞句
性：男性
出題回：64
文脈：大学施設",ロシア語2級,vocab,名詞句,第64回,要確認,未確認,旧CSV/過去メモからの種データ。アクセント・品詞・訳語を要確認。,候補,,中,,,,,,,
m0071,vocab,лаборато́рия,лаборатория,研究室／実験室,名詞,女性,,,,,,64,文法I,大学施設,1,лаборатория,1,vocab,ru→ja / ja→ru候補,лаборато́рия,研究室／実験室,"答え：研究室／実験室
品詞：名詞
性：女性
出題回：64
文脈：大学施設",ロシア語2級,vocab,名詞,第64回,要確認,未確認,旧CSV/過去メモからの種データ。アクセント・品詞・訳語を要確認。,候補,,中,,,,,,,
m0072,vocab,подзе́мный гара́ж,подземныи гараж,地下駐車場,名詞句,男性,,,,,,64,文法I,大学施設,1,подземныи_гараж,2,vocab,ru→ja / ja→ru候補,подзе́мный гара́ж,地下駐車場,"答え：地下駐車場
品詞：名詞句
性：男性
出題回：64
文脈：大学施設",ロシア語2級,vocab,名詞句,第64回,要確認,未確認,旧CSV/過去メモからの種データ。アクセント・品詞・訳語を要確認。,候補,,中,,,,,,,
m0073,vocab,уче́бник,учебник,教科書,名詞,男性,,,,,,62,64,文法I,日本語教育・大学教科書,2,учебник,1,vocab,ru→ja / ja→ru候補,уче́бник,教科書,"答え：教科書
品詞：名詞
性：男性
出題回：62;64
文脈：日本語教育・大学教科書",ロシア語2級,vocab,名詞,複数回,要確認,未確認,旧CSV/過去メモからの種データ。アクセント・品詞・訳語を要確認。,候補,,中,,,,,,
m0074,vocab,кла́ссика,классика,古典,名詞,女性,,,,,,64,文法I,大学文学・古典,1,классика,2,vocab,ru→ja / ja→ru候補,кла́ссика,古典,"答え：古典
品詞：名詞
性：女性
出題回：64
文脈：大学文学・古典",ロシア語2級,vocab,名詞,第64回,要確認,未確認,旧CSV/過去メモからの種データ。アクセント・品詞・訳語を要確認。,候補,,中,,,,,,,
m0075,vocab,автомоби́ль,автомобиль,自動車,名詞,男性,,,,,,64,露文和訳,日本の自動車普及,1,автомобиль,1,vocab,ru→ja / ja→ru候補,автомоби́ль,自動車,"答え：自動車
品詞：名詞
性：男性
出題回：64
文脈：日本の自動車普及",ロシア語2級,vocab,名詞,第64回,要確認,未確認,旧CSV/過去メモからの種データ。アクセント・品詞・訳語を要確認。,候補,,中,,,,,,,
m0076,vocab,стира́льная маши́на,стиральная машина,洗濯機,名詞句,女性,,,,,,64,露文和訳,三種の神器,1,стиральная_машина,1,vocab,ru→ja / ja→ru候補,стира́льная маши́на,洗濯機,"答え：洗濯機
品詞：名詞句
性：女性
出題回：64
文脈：三種の神器",ロシア語2級,vocab,名詞句,第64回,要確認,未確認,旧CSV/過去メモからの種データ。アクセント・品詞・訳語を要確認。,候補,,中,,,,,,,
m0077,vocab,холоди́льник,холодильник,冷蔵庫,名詞,男性,,,,,,64,露文和訳,三種の神器,1,холодильник,1,vocab,ru→ja / ja→ru候補,холоди́льник,冷蔵庫,"答え：冷蔵庫
品詞：名詞
性：男性
出題回：64
文脈：三種の神器",ロシア語2級,vocab,名詞,第64回,要確認,未確認,旧CSV/過去メモからの種データ。アクセント・品詞・訳語を要確認。,候補,,中,,,,,,,
m0078,vocab,чёрно-бе́лый телеви́зор,черно-белыи телевизор,白黒テレビ,名詞句,男性,,,,,,64,露文和訳,三種の神器,1,черно-белыи_телевизор,2,vocab,ru→ja / ja→ru候補,чёрно-бе́лый телеви́зор,白黒テレビ,"答え：白黒テレビ
品詞：名詞句
性：男性
出題回：64
文脈：三種の神器",ロシア語2級,vocab,名詞句,第64回,要確認,未確認,旧CSV/過去メモからの種データ。アクセント・品詞・訳語を要確認。,候補,,中,,,,,,,
m0079,vocab,бума́жная кни́га,бумажная книга,紙の本,名詞句,女性,,,,,,64,和文露訳,紙の本と電子書籍,1,бумажная_книга,1,vocab,ru→ja / ja→ru候補,бума́жная кни́га,紙の本,"答え：紙の本
品詞：名詞句
性：女性
出題回：64
文脈：紙の本と電子書籍",ロシア語2級,vocab,名詞句,第64回,要確認,未確認,旧CSV/過去メモからの種データ。アクセント・品詞・訳語を要確認。,候補,,中,,,,,,,
m0080,vocab,электро́нная кни́га,электронная книга,電子書籍,名詞句,女性,,,,,,64,和文露訳,紙の本と電子書籍,1,электронная_книга,1,vocab,ru→ja / ja→ru候補,электро́нная кни́га,電子書籍,"答え：電子書籍
品詞：名詞句
性：女性
出題回：64
文脈：紙の本と電子書籍",ロシア語2級,vocab,名詞句,第64回,要確認,未確認,旧CSV/過去メモからの種データ。アクセント・品詞・訳語を要確認。,候補,,中,,,,,,,
m0081,vocab,неви́димая нить,невидимая нить,見えない糸,名詞句,女性,,,,,,64,和文露訳,紙の本の温もり,1,невидимая_нить,2,vocab,ru→ja / ja→ru候補,неви́димая нить,見えない糸,"答え：見えない糸
品詞：名詞句
性：女性
出題回：64
文脈：紙の本の温もり",ロシア語2級,vocab,名詞句,第64回,要確認,未確認,旧CSV/過去メモからの種データ。アクセント・品詞・訳語を要確認。,候補,,中,,,,,,,
m0082,vocab,робот,робот,ロボット,名詞,男性,,,,,,64,口頭作文,ロボットについて,1,робот,1,vocab,ru→ja / ja→ru候補,робот,ロボット,"答え：ロボット
品詞：名詞
性：男性
出題回：64
文脈：ロボットについて",ロシア語2級,vocab,名詞,第64回,要確認,未確認,旧CSV/過去メモからの種データ。アクセント・品詞・訳語を要確認。,候補,,中,,,,,,,
m0083,vocab,япо́нский язы́к,японскии язык,日本語,名詞句,男性,,,,,,62,文法I,日本語教育,1,японскии_язык,1,vocab,ru→ja / ja→ru候補,япо́нский язы́к,日本語,"答え：日本語
品詞：名詞句
性：男性
出題回：62
文脈：日本語教育",ロシア語2級,vocab,名詞句,第62回,要確認,未確認,旧CSV/過去メモからの種データ。アクセント・品詞・訳語を要確認。,候補,,中,,,,,,,
m0084,vocab,филоло́гия,филология,文献学,名詞,女性,,,,,,62,文法I,日本語教育・専攻,1,филология,2,vocab,ru→ja / ja→ru候補,филоло́гия,文献学,"答え：文献学
品詞：名詞
性：女性
出題回：62
文脈：日本語教育・専攻",ロシア語2級,vocab,名詞,第62回,要確認,未確認,旧CSV/過去メモからの種データ。アクセント・品詞・訳語を要確認。,候補,,中,,,,,,,
m0085,vocab,интерне́т,интернет,インターネット,名詞,男性,,,,,,62,文法I,教材・交流,1,интернет,1,vocab,ru→ja / ja→ru候補,интерне́т,インターネット,"答え：インターネット
品詞：名詞
性：男性
出題回：62
文脈：教材・交流",ロシア語2級,vocab,名詞,第62回,要確認,未確認,旧CSV/過去メモからの種データ。アクセント・品詞・訳語を要確認。,候補,,中,,,,,,,
m0086,vocab,о́бмен,обмен,交流／交換,名詞,男性,,,,,,62,文法I,日本との交流,1,обмен,2,vocab,ru→ja / ja→ru候補,о́бмен,交流／交換,"答え：交流／交換
品詞：名詞
性：男性
出題回：62
文脈：日本との交流",ロシア語2級,vocab,名詞,第62回,要確認,未確認,旧CSV/過去メモからの種データ。アクセント・品詞・訳語を要確認。,候補,,中,,,,,,,
m0087,vocab,слова́рный запа́с,словарныи запас,語彙力／語彙量,名詞句,男性,,,,,,62,露文和訳,語彙学習,1,словарныи_запас,1,vocab,ru→ja / ja→ru候補,слова́рный запа́с,語彙力／語彙量,"答え：語彙力／語彙量
品詞：名詞句
性：男性
出題回：62
文脈：語彙学習",ロシア語2級,vocab,名詞句,第62回,要確認,未確認,旧CSV/過去メモからの種データ。アクセント・品詞・訳語を要確認。,候補,,中,,,,,,,
m0088,vocab,повторе́ние,повторение,反復,名詞,中性,,,,,,62,露文和訳,語彙学習,1,повторение,1,vocab,ru→ja / ja→ru候補,повторе́ние,反復,"答え：反復
品詞：名詞
性：中性
出題回：62
文脈：語彙学習",ロシア語2級,vocab,名詞,第62回,要確認,未確認,旧CSV/過去メモからの種データ。アクセント・品詞・訳語を要確認。,候補,,中,,,,,,,
m0089,vocab,систе́матически,систематически,体系的に,副詞,,,,,,,62,露文和訳,毎日学ぶ,1,систематически,2,vocab,ru→ja / ja→ru候補,систе́матически,体系的に,"答え：体系的に
品詞：副詞
出題回：62
文脈：毎日学ぶ",ロシア語2級,vocab,副詞,第62回,要確認,未確認,旧CSV/過去メモからの種データ。アクセント・品詞・訳語を要確認。,候補,,中,,,,,,,
m0090,vocab,общежи́тие,общежитие,寮,名詞,中性,,,,,,62,聴取,大学生アンドレイ,1,общежитие,1,vocab,ru→ja / ja→ru候補,общежи́тие,寮,"答え：寮
品詞：名詞
性：中性
出題回：62
文脈：大学生アンドレイ",ロシア語2級,vocab,名詞,第62回,要確認,未確認,旧CSV/過去メモからの種データ。アクセント・品詞・訳語を要確認。,候補,,中,,,,,,,
m0091,vocab,кварти́ра,квартира,アパート／住居,名詞,女性,,,,,,62,聴取,大学生アンドレイ,1,квартира,1,vocab,ru→ja / ja→ru候補,кварти́ра,アパート／住居,"答え：アパート／住居
品詞：名詞
性：女性
出題回：62
文脈：大学生アンドレイ",ロシア語2級,vocab,名詞,第62回,要確認,未確認,旧CSV/過去メモからの種データ。アクセント・品詞・訳語を要確認。,候補,,中,,,,,,,
m0092,vocab,парк,парк,公園,名詞,男性,,,,,,62,聴取,大学近くの小さなアパート,1,парк,1,vocab,ru→ja / ja→ru候補,парк,公園,"答え：公園
品詞：名詞
性：男性
出題回：62
文脈：大学近くの小さなアパート",ロシア語2級,vocab,名詞,第62回,要確認,未確認,旧CSV/過去メモからの種データ。アクセント・品詞・訳語を要確認。,候補,,中,,,,,,,
m0093,vocab,письмо́,письмо,手紙,名詞,中性,,,,,,62,口頭作文,手紙について,1,письмо,1,vocab,ru→ja / ja→ru候補,письмо́,手紙,"答え：手紙
品詞：名詞
性：中性
出題回：62
文脈：手紙について",ロシア語2級,vocab,名詞,第62回,要確認,未確認,旧CSV/過去メモからの種データ。アクセント・品詞・訳語を要確認。,候補,,中,,,,,,,
m0094,vocab,ко́шка,кошка,猫,名詞,女性,,,,,,78,露文和訳,猫カフェと動物保護法,1,кошка,1,vocab,ru→ja / ja→ru候補,ко́шка,猫,"答え：猫
品詞：名詞
性：女性
出題回：78
文脈：猫カフェと動物保護法",ロシア語2級,vocab,名詞,第78回,要確認,未確認,旧CSV/過去メモからの種データ。アクセント・品詞・訳語を要確認。,候補,,中,,,,,,,
m0095,vocab,кафе́,кафе,カフェ,名詞,中性,,,,,,78,露文和訳,猫カフェ,1,кафе,1,vocab,ru→ja / ja→ru候補,кафе́,カフェ,"答え：カフェ
品詞：名詞
性：中性
出題回：78
文脈：猫カフェ",ロシア語2級,vocab,名詞,第78回,要確認,未確認,旧CSV/過去メモからの種データ。アクセント・品詞・訳語を要確認。,候補,,中,,,,,,,
m0096,vocab,защи́та живо́тных,защита животных,動物保護,名詞句,女性,,,,,,78,露文和訳,動物保護法,1,защита_животных,2,vocab,ru→ja / ja→ru候補,защи́та живо́тных,動物保護,"答え：動物保護
品詞：名詞句
性：女性
出題回：78
文脈：動物保護法",ロシア語2級,vocab,名詞句,第78回,要確認,未確認,旧CSV/過去メモからの種データ。アクセント・品詞・訳語を要確認。,候補,,中,,,,,,,
m0097,vocab,чита́ть,читать,読む,動詞,,,,,,,78,和文露訳,読書嫌いの克服,1,читать,1,vocab,ru→ja / ja→ru候補,чита́ть,読む,"答え：読む
品詞：動詞
出題回：78
文脈：読書嫌いの克服",ロシア語2級,vocab,動詞,第78回,要確認,未確認,旧CSV/過去メモからの種データ。アクセント・品詞・訳語を要確認。,候補,,中,,,,,,,
m0098,vocab,телефо́н,телефон,電話,名詞,男性,,,,,,78,口頭作文,私と電話,1,телефон,1,vocab,ru→ja / ja→ru候補,телефо́н,電話,"答え：電話
品詞：名詞
性：男性
出題回：78
文脈：私と電話",ロシア語2級,vocab,名詞,第78回,要確認,未確認,旧CSV/過去メモからの種データ。アクセント・品詞・訳語を要確認。,候補,,中,,,,,,,
m0099,vocab,гео́лог,геолог,地質学者,名詞,男性,,,,,,78,聴取,ヴィクトルと地質学者,1,геолог,2,vocab,ru→ja / ja→ru候補,гео́лог,地質学者,"答え：地質学者
品詞：名詞
性：男性
出題回：78
文脈：ヴィクトルと地質学者",ロシア語2級,vocab,名詞,第78回,要確認,未確認,旧CSV/過去メモからの種データ。アクセント・品詞・訳語を要確認。,候補,,中,,,,,,,
m0100,vocab,а́нима́ция,анимация,アニメーション,名詞,女性,,,,,,86,頻出語彙,第86回テーマ語彙,1,анимация,1,vocab,ru→ja / ja→ru候補,а́нима́ция,アニメーション,"答え：アニメーション
品詞：名詞
性：女性
出題回：86
文脈：第86回テーマ語彙",ロシア語2級,vocab,名詞,第86回,要確認,未確認,旧CSV/過去メモからの種データ。アクセント・品詞・訳語を要確認。,候補,,中,,,,,,,
m0101,vocab,гриб,гриб,きのこ,名詞,男性,,,,,,86,頻出語彙,第86回テーマ語彙,1,гриб,1,vocab,ru→ja / ja→ru候補,гриб,きのこ,"答え：きのこ
品詞：名詞
性：男性
出題回：86
文脈：第86回テーマ語彙",ロシア語2級,vocab,名詞,第86回,要確認,未確認,旧CSV/過去メモからの種データ。アクセント・品詞・訳語を要確認。,候補,,中,,,,,,,
m0102,vocab,аре́ст,арест,逮捕,名詞,男性,,,,,,60,頻出語彙,第60回テーマ語彙,1,арест,2,vocab,ru→ja / ja→ru候補,аре́ст,逮捕,"答え：逮捕
品詞：名詞
性：男性
出題回：60
文脈：第60回テーマ語彙",ロシア語2級,vocab,名詞,第60回,要確認,未確認,旧CSV/過去メモからの種データ。アクセント・品詞・訳語を要確認。,候補,,中,,,,,,,
m0103,case_pattern,боя́ться,бояться,〜を恐れる,動詞,,,,,,生格,78,過去弱点,格支配,боя́ться + 生格,2,бояться,2,case,ru→ja / ja→ru候補,боя́ться,〜を恐れる,"答え：〜を恐れる
品詞：動詞
格支配：生格
出題回：78;過去弱点
文脈：боя́ться + 生格",ロシア語2級,case,動詞,複数回,要確認,未確認,格支配カード候補。例文追加が必要。,候補,,中,,,,,,
m0104,case_pattern,ждать,ждать,〜を待つ,動詞,,,,,,生格,78,過去弱点,格支配,ждать + 生格,2,ждать,2,case,ru→ja / ja→ru候補,ждать,〜を待つ,"答え：〜を待つ
品詞：動詞
格支配：生格
出題回：78;過去弱点
文脈：ждать + 生格",ロシア語2級,case,動詞,複数回,要確認,未確認,格支配カード候補。例文追加が必要。,候補,,中,,,,,,
m0105,case_pattern,интересова́ться,интересоваться,〜に興味を持つ,動詞,,,,,,造格,2級共通,格支配,интересоваться + 造格,1,интересоваться,2,case,ru→ja / ja→ru候補,интересова́ться,〜に興味を持つ,"答え：〜に興味を持つ
品詞：動詞
格支配：造格
出題回：2級共通
文脈：интересоваться + 造格",ロシア語2級,case,動詞,第2級共通回,要確認,未確認,格支配カード候補。例文追加が必要。,候補,,中,,,,,,,
m0106,case_pattern,ду́мать о + Предл.,думать о + Предл.,〜について考える,表現,,,,,,前置格,2級共通,格支配,о + 前置格,1,думать_о_+_предл.,2,case,ru→ja / ja→ru候補,ду́мать о + Предл.,〜について考える,"答え：〜について考える
品詞：表現
格支配：前置格
出題回：2級共通
文脈：о + 前置格",ロシア語2級,case,表現,第2級共通回,要確認,未確認,格支配カード候補。例文追加が必要。,候補,,中,,,,,,,
m0107,round_placeholder,第60回 未整理語彙,第60回 未整理語彙,第60回の未整理語彙を追加,,,,,,,,60,未整理,この回の文法I〜IV・露文和訳・和文露訳・聴取・口頭作文から追加していく,1,第60回_未整理語彙,,todo,ru→ja / ja→ru候補,第60回 未整理語彙,第60回の未整理語彙を追加,"答え：第60回の未整理語彙を追加
出題回：60
文脈：この回の文法I〜IV・露文和訳・和文露訳・聴取・口頭作文から追加していく",ロシア語2級,todo,第60回,要確認,未確認,この行は管理用。実カード化しない。,除外,,高,,,,,,,,
m0108,round_placeholder,第62回 未整理語彙,第62回 未整理語彙,第62回の未整理語彙を追加,,,,,,,,62,未整理,この回の文法I〜IV・露文和訳・和文露訳・聴取・口頭作文から追加していく,1,第62回_未整理語彙,,todo,ru→ja / ja→ru候補,第62回 未整理語彙,第62回の未整理語彙を追加,"答え：第62回の未整理語彙を追加
出題回：62
文脈：この回の文法I〜IV・露文和訳・和文露訳・聴取・口頭作文から追加していく",ロシア語2級,todo,第62回,要確認,未確認,この行は管理用。実カード化しない。,除外,,高,,,,,,,,
m0109,round_placeholder,第64回 未整理語彙,第64回 未整理語彙,第64回の未整理語彙を追加,,,,,,,,64,未整理,この回の文法I〜IV・露文和訳・和文露訳・聴取・口頭作文から追加していく,1,第64回_未整理語彙,,todo,ru→ja / ja→ru候補,第64回 未整理語彙,第64回の未整理語彙を追加,"答え：第64回の未整理語彙を追加
出題回：64
文脈：この回の文法I〜IV・露文和訳・和文露訳・聴取・口頭作文から追加していく",ロシア語2級,todo,第64回,要確認,未確認,この行は管理用。実カード化しない。,除外,,高,,,,,,,,
m0110,round_placeholder,第66回 未整理語彙,第66回 未整理語彙,第66回の未整理語彙を追加,,,,,,,,66,未整理,この回の文法I〜IV・露文和訳・和文露訳・聴取・口頭作文から追加していく,1,第66回_未整理語彙,,todo,ru→ja / ja→ru候補,第66回 未整理語彙,第66回の未整理語彙を追加,"答え：第66回の未整理語彙を追加
出題回：66
文脈：この回の文法I〜IV・露文和訳・和文露訳・聴取・口頭作文から追加していく",ロシア語2級,todo,第66回,要確認,未確認,この行は管理用。実カード化しない。,除外,,高,,,,,,,,
m0111,round_placeholder,第68回 未整理語彙,第68回 未整理語彙,第68回の未整理語彙を追加,,,,,,,,68,未整理,この回の文法I〜IV・露文和訳・和文露訳・聴取・口頭作文から追加していく,1,第68回_未整理語彙,,todo,ru→ja / ja→ru候補,第68回 未整理語彙,第68回の未整理語彙を追加,"答え：第68回の未整理語彙を追加
出題回：68
文脈：この回の文法I〜IV・露文和訳・和文露訳・聴取・口頭作文から追加していく",ロシア語2級,todo,第68回,要確認,未確認,この行は管理用。実カード化しない。,除外,,高,,,,,,,,
m0112,round_placeholder,第70回 未整理語彙,第70回 未整理語彙,第70回の未整理語彙を追加,,,,,,,,70,未整理,この回の文法I〜IV・露文和訳・和文露訳・聴取・口頭作文から追加していく,1,第70回_未整理語彙,,todo,ru→ja / ja→ru候補,第70回 未整理語彙,第70回の未整理語彙を追加,"答え：第70回の未整理語彙を追加
出題回：70
文脈：この回の文法I〜IV・露文和訳・和文露訳・聴取・口頭作文から追加していく",ロシア語2級,todo,第70回,要確認,未確認,この行は管理用。実カード化しない。,除外,,高,,,,,,,,
m0113,round_placeholder,第72回 未整理語彙,第72回 未整理語彙,第72回の未整理語彙を追加,,,,,,,,72,未整理,この回の文法I〜IV・露文和訳・和文露訳・聴取・口頭作文から追加していく,1,第72回_未整理語彙,,todo,ru→ja / ja→ru候補,第72回 未整理語彙,第72回の未整理語彙を追加,"答え：第72回の未整理語彙を追加
出題回：72
文脈：この回の文法I〜IV・露文和訳・和文露訳・聴取・口頭作文から追加していく",ロシア語2級,todo,第72回,要確認,未確認,この行は管理用。実カード化しない。,除外,,高,,,,,,,,
m0114,round_placeholder,第74回 未整理語彙,第74回 未整理語彙,第74回の未整理語彙を追加,,,,,,,,74,未整理,この回の文法I〜IV・露文和訳・和文露訳・聴取・口頭作文から追加していく,1,第74回_未整理語彙,,todo,ru→ja / ja→ru候補,第74回 未整理語彙,第74回の未整理語彙を追加,"答え：第74回の未整理語彙を追加
出題回：74
文脈：この回の文法I〜IV・露文和訳・和文露訳・聴取・口頭作文から追加していく",ロシア語2級,todo,第74回,要確認,未確認,この行は管理用。実カード化しない。,除外,,高,,,,,,,,
m0115,round_placeholder,第76回 未整理語彙,第76回 未整理語彙,第76回の未整理語彙を追加,,,,,,,,76,未整理,この回の文法I〜IV・露文和訳・和文露訳・聴取・口頭作文から追加していく,1,第76回_未整理語彙,,todo,ru→ja / ja→ru候補,第76回 未整理語彙,第76回の未整理語彙を追加,"答え：第76回の未整理語彙を追加
出題回：76
文脈：この回の文法I〜IV・露文和訳・和文露訳・聴取・口頭作文から追加していく",ロシア語2級,todo,第76回,要確認,未確認,この行は管理用。実カード化しない。,除外,,高,,,,,,,,
m0116,round_placeholder,第78回 未整理語彙,第78回 未整理語彙,第78回の未整理語彙を追加,,,,,,,,78,未整理,この回の文法I〜IV・露文和訳・和文露訳・聴取・口頭作文から追加していく,1,第78回_未整理語彙,,todo,ru→ja / ja→ru候補,第78回 未整理語彙,第78回の未整理語彙を追加,"答え：第78回の未整理語彙を追加
出題回：78
文脈：この回の文法I〜IV・露文和訳・和文露訳・聴取・口頭作文から追加していく",ロシア語2級,todo,第78回,要確認,未確認,この行は管理用。実カード化しない。,除外,,高,,,,,,,,
m0117,round_placeholder,第82回 未整理語彙,第82回 未整理語彙,第82回の未整理語彙を追加,,,,,,,,82,未整理,この回の文法I〜IV・露文和訳・和文露訳・聴取・口頭作文から追加していく,1,第82回_未整理語彙,,todo,ru→ja / ja→ru候補,第82回 未整理語彙,第82回の未整理語彙を追加,"答え：第82回の未整理語彙を追加
出題回：82
文脈：この回の文法I〜IV・露文和訳・和文露訳・聴取・口頭作文から追加していく",ロシア語2級,todo,第82回,要確認,未確認,この行は管理用。実カード化しない。,除外,,高,,,,,,,,
m0118,round_placeholder,第84回 未整理語彙,第84回 未整理語彙,第84回の未整理語彙を追加,,,,,,,,84,未整理,この回の文法I〜IV・露文和訳・和文露訳・聴取・口頭作文から追加していく,1,第84回_未整理語彙,,todo,ru→ja / ja→ru候補,第84回 未整理語彙,第84回の未整理語彙を追加,"答え：第84回の未整理語彙を追加
出題回：84
文脈：この回の文法I〜IV・露文和訳・和文露訳・聴取・口頭作文から追加していく",ロシア語2級,todo,第84回,要確認,未確認,この行は管理用。実カード化しない。,除外,,高,,,,,,,,
m0119,round_placeholder,第86回 未整理語彙,第86回 未整理語彙,第86回の未整理語彙を追加,,,,,,,,86,未整理,この回の文法I〜IV・露文和訳・和文露訳・聴取・口頭作文から追加していく,1,第86回_未整理語彙,,todo,ru→ja / ja→ru候補,第86回 未整理語彙,第86回の未整理語彙を追加,"答え：第86回の未整理語彙を追加
出題回：86
文脈：この回の文法I〜IV・露文和訳・和文露訳・聴取・口頭作文から追加していく",ロシア語2級,todo,第86回,要確認,未確認,この行は管理用。実カード化しない。,除外,,高,,,,,,,,
m0120,verb_pair,обе́дать — пообе́дать,обедать — пообедать,昼食をとる,動詞,,,обе́дать,пообе́дать,обедать—пообедать,,74,文法II,動詞の体・語彙選択,1,обедать—пообедать,2,verb,ru→ja / ja→ru候補,обе́дать — пообе́дать,昼食をとる,"答え：昼食をとる
品詞：動詞
不完了体：обе́дать
完了体：пообе́дать
出題回：74
出題区分：文法II
文脈：動詞の体・語彙選択",ロシア語2級,verb,動詞,第74回,要確認,未確認,不完了体・完了体セットで校正。訳は文脈で調整。,候補,,中,,,,,,,
m0121,verb_pair,одева́ться — оде́ться,одеваться — одеться,服を着る,動詞,,,одева́ться,оде́ться,одеваться—одеться,,74,文法II,動詞の体・語彙選択,1,одеваться—одеться,2,verb,ru→ja / ja→ru候補,одева́ться — оде́ться,服を着る,"答え：服を着る
品詞：動詞
不完了体：одева́ться
完了体：оде́ться
出題回：74
出題区分：文法II
文脈：動詞の体・語彙選択",ロシア語2級,verb,動詞,第74回,要確認,未確認,不完了体・完了体セットで校正。訳は文脈で調整。,候補,,中,,,,,,,
m0122,verb_pair,отдыха́ть — отдохну́ть,отдыхать — отдохнуть,休む,動詞,,,отдыха́ть,отдохну́ть,отдыхать—отдохнуть,,74,文法II,動詞の体・語彙選択,1,отдыхать—отдохнуть,2,verb,ru→ja / ja→ru候補,отдыха́ть — отдохну́ть,休む,"答え：休む
品詞：動詞
不完了体：отдыха́ть
完了体：отдохну́ть
出題回：74
出題区分：文法II
文脈：動詞の体・語彙選択",ロシア語2級,verb,動詞,第74回,要確認,未確認,不完了体・完了体セットで校正。訳は文脈で調整。,候補,,中,,,,,,,
m0123,verb_pair,принима́ть — приня́ть,принимать — принять,受け取る・採用する,動詞,,,принима́ть,приня́ть,принимать—принять,,74,文法II,動詞の体・語彙選択,1,принимать—принять,2,verb,ru→ja / ja→ru候補,принима́ть — приня́ть,受け取る・採用する,"答え：受け取る・採用する
品詞：動詞
不完了体：принима́ть
完了体：приня́ть
出題回：74
出題区分：文法II
文脈：動詞の体・語彙選択",ロシア語2級,verb,動詞,第74回,要確認,未確認,不完了体・完了体セットで校正。訳は文脈で調整。,候補,,中,,,,,,,
m0124,verb_pair,сади́ться — сесть,садиться — сесть,座る・乗る,動詞,,,сади́ться,сесть,садиться—сесть,,74,文法II,動詞の体・語彙選択,1,садиться—сесть,2,verb,ru→ja / ja→ru候補,сади́ться — сесть,座る・乗る,"答え：座る・乗る
品詞：動詞
不完了体：сади́ться
完了体：сесть
出題回：74
出題区分：文法II
文脈：動詞の体・語彙選択",ロシア語2級,verb,動詞,第74回,要確認,未確認,不完了体・完了体セットで校正。訳は文脈で調整。,候補,,中,,,,,,,
m0125,verb_pair,спра́шивать — спроси́ть,спрашивать — спросить,尋ねる,動詞,,,спра́шивать,спроси́ть,спрашивать—спросить,,74,文法II,動詞の体・語彙選択,1,спрашивать—спросить,2,verb,ru→ja / ja→ru候補,спра́шивать — спроси́ть,尋ねる,"答え：尋ねる
品詞：動詞
不完了体：спра́шивать
完了体：спроси́ть
出題回：74
出題区分：文法II
文脈：動詞の体・語彙選択",ロシア語2級,verb,動詞,第74回,要確認,未確認,不完了体・完了体セットで校正。訳は文脈で調整。,候補,,中,,,,,,,
m0126,verb_pair,волнова́ться — взволнова́ться,волноваться — взволноваться,心配する・動揺する,動詞,,,волнова́ться,взволнова́ться,волноваться—взволноваться,,70,文法II,動詞の体・語彙選択,1,волноваться—взволноваться,2,verb,ru→ja / ja→ru候補,волнова́ться — взволнова́ться,心配する・動揺する,"答え：心配する・動揺する
品詞：動詞
不完了体：волнова́ться
完了体：взволнова́ться
出題回：70
出題区分：文法II
文脈：動詞の体・語彙選択",ロシア語2級,verb,動詞,第70回,要確認,未確認,不完了体・完了体セットで校正。訳は文脈で調整。,候補,,中,,,,,,,
m0127,verb_pair,гото́виться — подгото́виться,готовиться — подготовиться,準備する,動詞,,,гото́виться,подгото́виться,готовиться—подготовиться,,70,文法II,動詞の体・語彙選択,1,готовиться—подготовиться,2,verb,ru→ja / ja→ru候補,гото́виться — подгото́виться,準備する,"答え：準備する
品詞：動詞
不完了体：гото́виться
完了体：подгото́виться
出題回：70
出題区分：文法II
文脈：動詞の体・語彙選択",ロシア語2級,verb,動詞,第70回,要確認,未確認,不完了体・完了体セットで校正。訳は文脈で調整。,候補,,中,,,,,,,
m0128,verb_pair,доезжа́ть — дое́хать,доезжать — доехать,乗り物で到着する,動詞,,,доезжа́ть,дое́хать,доезжать—доехать,,70,文法II,動詞の体・語彙選択,1,доезжать—доехать,2,verb,ru→ja / ja→ru候補,доезжа́ть — дое́хать,乗り物で到着する,"答え：乗り物で到着する
品詞：動詞
不完了体：доезжа́ть
完了体：дое́хать
出題回：70
出題区分：文法II
文脈：動詞の体・語彙選択",ロシア語2級,verb,動詞,第70回,要確認,未確認,不完了体・完了体セットで校正。訳は文脈で調整。,候補,,中,,,,,,,
m0129,verb_pair,запомина́ть — запо́мнить,запоминать — запомнить,覚える,動詞,,,запомина́ть,запо́мнить,запоминать—запомнить,,70,文法II,動詞の体・語彙選択,1,запоминать—запомнить,2,verb,ru→ja / ja→ru候補,запомина́ть — запо́мнить,覚える,"答え：覚える
品詞：動詞
不完了体：запомина́ть
完了体：запо́мнить
出題回：70
出題区分：文法II
文脈：動詞の体・語彙選択",ロシア語2級,verb,動詞,第70回,要確認,未確認,不完了体・完了体セットで校正。訳は文脈で調整。,候補,,中,,,,,,,
m0130,verb_pair,посеща́ть — посети́ть,посещать — посетить,訪問する・通う,動詞,,,посеща́ть,посети́ть,посещать—посетить,,70,文法II,動詞の体・語彙選択,1,посещать—посетить,2,verb,ru→ja / ja→ru候補,посеща́ть — посети́ть,訪問する・通う,"答え：訪問する・通う
品詞：動詞
不完了体：посеща́ть
完了体：посети́ть
出題回：70
出題区分：文法II
文脈：動詞の体・語彙選択",ロシア語2級,verb,動詞,第70回,要確認,未確認,不完了体・完了体セットで校正。訳は文脈で調整。,候補,,中,,,,,,,
m0131,verb_pair,приезжа́ть — прие́хать,приезжать — приехать,到着する,動詞,,,приезжа́ть,прие́хать,приезжать—приехать,,70,文法II,動詞の体・語彙選択,1,приезжать—приехать,2,verb,ru→ja / ja→ru候補,приезжа́ть — прие́хать,到着する,"答え：到着する
品詞：動詞
不完了体：приезжа́ть
完了体：прие́хать
出題回：70
出題区分：文法II
文脈：動詞の体・語彙選択",ロシア語2級,verb,動詞,第70回,要確認,未確認,不完了体・完了体セットで校正。訳は文脈で調整。,候補,,中,,,,,,,
m0132,word,простра́нство,пространство,空間,名詞,中性,,,,,,84,文法I,地球・大気・太陽光,1,пространство,2,vocab,ru→ja / ja→ru候補,простра́нство,空間,"答え：空間
品詞：名詞
性：中性
出題回：84
出題区分：文法I
文脈：地球・大気・太陽光",ロシア語2級,vocab,名詞,第84回,要確認,未確認,第何回由来・品詞・訳語を確認。必要に応じて例文化。,候補,,中,,,,,,,
m0133,word,голубо́й,голубои,青い・空色の,形容詞,,,,,,,84,文法I,地球・大気・太陽光,1,голубои,2,vocab,ru→ja / ja→ru候補,голубо́й,青い・空色の,"答え：青い・空色の
品詞：形容詞
出題回：84
出題区分：文法I
文脈：地球・大気・太陽光",ロシア語2級,vocab,形容詞,第84回,要確認,未確認,第何回由来・品詞・訳語を確認。必要に応じて例文化。,候補,,中,,,,,,,
m0134,word,преиму́щественно,преимущественно,主に・優勢に,副詞,,,,,,,84,文法I,地球・大気・太陽光,1,преимущественно,2,vocab,ru→ja / ja→ru候補,преиму́щественно,主に・優勢に,"答え：主に・優勢に
品詞：副詞
出題回：84
出題区分：文法I
文脈：地球・大気・太陽光",ロシア語2級,vocab,副詞,第84回,要確認,未確認,第何回由来・品詞・訳語を確認。必要に応じて例文化。,候補,,中,,,,,,,
m0135,word,шко́льник,школьник,生徒・児童,名詞,男性,,,,,,84,露文和訳,夏休みと学習,1,школьник,2,vocab,ru→ja / ja→ru候補,шко́льник,生徒・児童,"答え：生徒・児童
品詞：名詞
性：男性
出題回：84
出題区分：露文和訳
文脈：夏休みと学習",ロシア語2級,vocab,名詞,第84回,要確認,未確認,第何回由来・品詞・訳語を確認。必要に応じて例文化。,候補,,中,,,,,,,
m0136,word,ле́тние кани́кулы,летние каникулы,夏休み,名詞句,,複数,,,,,84,露文和訳,夏休みと学習,1,летние каникулы,2,vocab,ru→ja / ja→ru候補,ле́тние кани́кулы,夏休み,"答え：夏休み
品詞：名詞句
数：複数
出題回：84
出題区分：露文和訳
文脈：夏休みと学習",ロシア語2級,vocab,名詞句,第84回,要確認,未確認,第何回由来・品詞・訳語を確認。必要に応じて例文化。,候補,,中,,,,,,,
m0137,word,с по́льзой,с пользои,有益に,表現,,,,,,,84,露文和訳,夏休みと学習,1,с пользои,2,vocab,ru→ja / ja→ru候補,с по́льзой,有益に,"答え：有益に
品詞：表現
出題回：84
出題区分：露文和訳
文脈：夏休みと学習",ロシア語2級,vocab,表現,第84回,要確認,未確認,第何回由来・品詞・訳語を確認。必要に応じて例文化。,候補,,中,,,,,,,
m0138,word,отстава́ние,отставание,遅れ,名詞,中性,,,,,,84,露文和訳,夏休みと学習,1,отставание,2,vocab,ru→ja / ja→ru候補,отстава́ние,遅れ,"答え：遅れ
品詞：名詞
性：中性
出題回：84
出題区分：露文和訳
文脈：夏休みと学習",ロシア語2級,vocab,名詞,第84回,要確認,未確認,第何回由来・品詞・訳語を確認。必要に応じて例文化。,候補,,中,,,,,,,
m0139,word,восстановле́ние,восстановление,回復,名詞,中性,,,,,,84,露文和訳,夏休みと学習,1,восстановление,2,vocab,ru→ja / ja→ru候補,восстановле́ние,回復,"答え：回復
品詞：名詞
性：中性
出題回：84
出題区分：露文和訳
文脈：夏休みと学習",ロシア語2級,vocab,名詞,第84回,要確認,未確認,第何回由来・品詞・訳語を確認。必要に応じて例文化。,候補,,中,,,,,,,
m0140,word,роди́тели,родители,両親,名詞,,複数,,,,,84,露文和訳,夏休みと学習,1,родители,2,vocab,ru→ja / ja→ru候補,роди́тели,両親,"答え：両親
品詞：名詞
数：複数
出題回：84
出題区分：露文和訳
文脈：夏休みと学習",ロシア語2級,vocab,名詞,第84回,要確認,未確認,第何回由来・品詞・訳語を確認。必要に応じて例文化。,候補,,中,,,,,,,
m0141,word,ла́герь,лагерь,キャンプ・合宿,名詞,男性,,,,,,84,露文和訳,夏休みと学習,1,лагерь,2,vocab,ru→ja / ja→ru候補,ла́герь,キャンプ・合宿,"答え：キャンプ・合宿
品詞：名詞
性：男性
出題回：84
出題区分：露文和訳
文脈：夏休みと学習",ロシア語2級,vocab,名詞,第84回,要確認,未確認,第何回由来・品詞・訳語を確認。必要に応じて例文化。,候補,,中,,,,,,,
m0142,word,ограниче́ние,ограничение,制限,名詞,中性,,,,,,84,露文和訳,夏休みと学習,1,ограничение,2,vocab,ru→ja / ja→ru候補,ограниче́ние,制限,"答え：制限
品詞：名詞
性：中性
出題回：84
出題区分：露文和訳
文脈：夏休みと学習",ロシア語2級,vocab,名詞,第84回,要確認,未確認,第何回由来・品詞・訳語を確認。必要に応じて例文化。,候補,,中,,,,,,,
m0143,word,местные жи́тели,местные жители,現地の人々,名詞句,,複数,,,,,84,和文露訳,旅行・観光客対応,1,местные жители,2,vocab,ru→ja / ja→ru候補,местные жи́тели,現地の人々,"答え：現地の人々
品詞：名詞句
数：複数
出題回：84
出題区分：和文露訳
文脈：旅行・観光客対応",ロシア語2級,vocab,名詞句,第84回,要確認,未確認,第何回由来・品詞・訳語を確認。必要に応じて例文化。,候補,,中,,,,,,,
m0144,word,иностра́нный тури́ст,иностранныи турист,外国人観光客,名詞句,男性,,,,,,84,和文露訳,旅行・観光客対応,1,иностранныи турист,2,vocab,ru→ja / ja→ru候補,иностра́нный тури́ст,外国人観光客,"答え：外国人観光客
品詞：名詞句
性：男性
出題回：84
出題区分：和文露訳
文脈：旅行・観光客対応",ロシア語2級,vocab,名詞句,第84回,要確認,未確認,第何回由来・品詞・訳語を確認。必要に応じて例文化。,候補,,中,,,,,,,
m0145,word,отноше́ние к тури́стам,отношение к туристам,観光客への接し方・態度,名詞句,中性,,,,,,84,和文露訳,旅行・観光客対応,1,отношение к туристам,2,vocab,ru→ja / ja→ru候補,отноше́ние к тури́стам,観光客への接し方・態度,"答え：観光客への接し方・態度
品詞：名詞句
性：中性
出題回：84
出題区分：和文露訳
文脈：旅行・観光客対応",ロシア語2級,vocab,名詞句,第84回,要確認,未確認,第何回由来・品詞・訳語を確認。必要に応じて例文化。,候補,,中,,,,,,,
m0146,word,гора́ Фу́дзи,гора Фудзи,富士山,名詞句,女性,,,,,,84,文法III,富士山・オーバーツーリズム,1,гора фудзи,2,vocab,ru→ja / ja→ru候補,гора́ Фу́дзи,富士山,"答え：富士山
品詞：名詞句
性：女性
出題回：84
出題区分：文法III
文脈：富士山・オーバーツーリズム",ロシア語2級,vocab,名詞句,第84回,要確認,未確認,第何回由来・品詞・訳語を確認。必要に応じて例文化。,候補,,中,,,,,,,
m0147,word,пла́та,плата,料金,名詞,女性,,,,,,84,文法III,富士山・オーバーツーリズム,1,плата,2,vocab,ru→ja / ja→ru候補,пла́та,料金,"答え：料金
品詞：名詞
性：女性
出題回：84
出題区分：文法III
文脈：富士山・オーバーツーリズム",ロシア語2級,vocab,名詞,第84回,要確認,未確認,第何回由来・品詞・訳語を確認。必要に応じて例文化。,候補,,中,,,,,,,
m0148,word,маршру́т,маршрут,ルート・道順,名詞,男性,,,,,,84,文法III,富士山・オーバーツーリズム,1,маршрут,2,vocab,ru→ja / ja→ru候補,маршру́т,ルート・道順,"答え：ルート・道順
品詞：名詞
性：男性
出題回：84
出題区分：文法III
文脈：富士山・オーバーツーリズム",ロシア語2級,vocab,名詞,第84回,要確認,未確認,第何回由来・品詞・訳語を確認。必要に応じて例文化。,候補,,中,,,,,,,
m0149,phrase,на са́мом де́ле,на самом деле,実際には・本当は,表現,,,,,,,84,文法I,地球・大気・太陽光,1,на самом деле,2,phrase,ru→ja / ja→ru候補,на са́мом де́ле,実際には・本当は,"答え：実際には・本当は
品詞：表現
出題回：84
出題区分：文法I
文脈：地球・大気・太陽光",ロシア語2級,phrase,表現,第84回,要確認,未確認,第何回由来・品詞・訳語を確認。必要に応じて例文化。,候補,,中,,,,,,,
m0150,phrase,на пе́рвый взгляд,на первыи взгляд,一見したところ,表現,,,,,,,84,文法I,地球・大気・太陽光,1,на первыи взгляд,2,phrase,ru→ja / ja→ru候補,на пе́рвый взгляд,一見したところ,"答え：一見したところ
品詞：表現
出題回：84
出題区分：文法I
文脈：地球・大気・太陽光",ロシア語2級,phrase,表現,第84回,要確認,未確認,第何回由来・品詞・訳語を確認。必要に応じて例文化。,候補,,中,,,,,,,
m0151,word,пого́да,погода,天気,名詞,女性,,,,,,70,文法I,天気とロシア人の生活,1,погода,2,vocab,ru→ja / ja→ru候補,пого́да,天気,"答え：天気
品詞：名詞
性：女性
出題回：70
出題区分：文法I
文脈：天気とロシア人の生活",ロシア語2級,vocab,名詞,第70回,要確認,未確認,第何回由来・品詞・訳語を確認。必要に応じて例文化。,候補,,中,,,,,,,
m0152,word,ро́ль,роль,役割,名詞,女性,,,,,,70,文法I,天気とロシア人の生活,1,роль,2,vocab,ru→ja / ja→ru候補,ро́ль,役割,"答え：役割
品詞：名詞
性：女性
出題回：70
出題区分：文法I
文脈：天気とロシア人の生活",ロシア語2級,vocab,名詞,第70回,要確認,未確認,第何回由来・品詞・訳語を確認。必要に応じて例文化。,候補,,中,,,,,,,
m0153,word,посло́вица,пословица,ことわざ,名詞,女性,,,,,,70,文法I,天気とロシア人の生活,1,пословица,2,vocab,ru→ja / ja→ru候補,посло́вица,ことわざ,"答え：ことわざ
品詞：名詞
性：女性
出題回：70
出題区分：文法I
文脈：天気とロシア人の生活",ロシア語2級,vocab,名詞,第70回,要確認,未確認,第何回由来・品詞・訳語を確認。必要に応じて例文化。,候補,,中,,,,,,,
m0154,word,погово́рка,поговорка,言い回し・ことわざ,名詞,女性,,,,,,70,文法I,天気とロシア人の生活,1,поговорка,2,vocab,ru→ja / ja→ru候補,погово́рка,言い回し・ことわざ,"答え：言い回し・ことわざ
品詞：名詞
性：女性
出題回：70
出題区分：文法I
文脈：天気とロシア人の生活",ロシア語2級,vocab,名詞,第70回,要確認,未確認,第何回由来・品詞・訳語を確認。必要に応じて例文化。,候補,,中,,,,,,,
m0155,word,анекдо́т,анекдот,小話・ジョーク,名詞,男性,,,,,,70,文法I,天気とロシア人の生活,1,анекдот,2,vocab,ru→ja / ja→ru候補,анекдо́т,小話・ジョーク,"答え：小話・ジョーク
品詞：名詞
性：男性
出題回：70
出題区分：文法I
文脈：天気とロシア人の生活",ロシア語2級,vocab,名詞,第70回,要確認,未確認,第何回由来・品詞・訳語を確認。必要に応じて例文化。,候補,,中,,,,,,,
m0156,word,жа́ра,жара,暑さ,名詞,女性,,,,,,70,文法I,天気とロシア人の生活,1,жара,2,vocab,ru→ja / ja→ru候補,жа́ра,暑さ,"答え：暑さ
品詞：名詞
性：女性
出題回：70
出題区分：文法I
文脈：天気とロシア人の生活",ロシア語2級,vocab,名詞,第70回,要確認,未確認,第何回由来・品詞・訳語を確認。必要に応じて例文化。,候補,,中,,,,,,,
m0157,word,прохла́да,прохлада,涼しさ,名詞,女性,,,,,,70,文法I,天気とロシア人の生活,1,прохлада,2,vocab,ru→ja / ja→ru候補,прохла́да,涼しさ,"答え：涼しさ
品詞：名詞
性：女性
出題回：70
出題区分：文法I
文脈：天気とロシア人の生活",ロシア語2級,vocab,名詞,第70回,要確認,未確認,第何回由来・品詞・訳語を確認。必要に応じて例文化。,候補,,中,,,,,,,
m0158,word,засу́ха,засуха,干ばつ,名詞,女性,,,,,,70,文法I,天気とロシア人の生活,1,засуха,2,vocab,ru→ja / ja→ru候補,засу́ха,干ばつ,"答え：干ばつ
品詞：名詞
性：女性
出題回：70
出題区分：文法I
文脈：天気とロシア人の生活",ロシア語2級,vocab,名詞,第70回,要確認,未確認,第何回由来・品詞・訳語を確認。必要に応じて例文化。,候補,,中,,,,,,,
m0159,word,сля́коть,слякоть,ぬかるみ・みぞれ混じりの悪天候,名詞,女性,,,,,,70,文法I,天気とロシア人の生活,1,слякоть,2,vocab,ru→ja / ja→ru候補,сля́коть,ぬかるみ・みぞれ混じりの悪天候,"答え：ぬかるみ・みぞれ混じりの悪天候
品詞：名詞
性：女性
出題回：70
出題区分：文法I
文脈：天気とロシア人の生活",ロシア語2級,vocab,名詞,第70回,要確認,未確認,第何回由来・品詞・訳語を確認。必要に応じて例文化。,候補,,中,,,,,,,
m0160,word,прогно́з пого́ды,прогноз погоды,天気予報,名詞句,男性,,,,,,70,文法I,天気とロシア人の生活,1,прогноз погоды,2,vocab,ru→ja / ja→ru候補,прогно́з пого́ды,天気予報,"答え：天気予報
品詞：名詞句
性：男性
出題回：70
出題区分：文法I
文脈：天気とロシア人の生活",ロシア語2級,vocab,名詞句,第70回,要確認,未確認,第何回由来・品詞・訳語を確認。必要に応じて例文化。,候補,,中,,,,,,,
m0161,word,стихи́йное бе́дствие,стихииное бедствие,自然災害,名詞句,中性,,,,,,70,文法I,天気とロシア人の生活,1,стихииное бедствие,2,vocab,ru→ja / ja→ru候補,стихи́йное бе́дствие,自然災害,"答え：自然災害
品詞：名詞句
性：中性
出題回：70
出題区分：文法I
文脈：天気とロシア人の生活",ロシア語2級,vocab,名詞句,第70回,要確認,未確認,第何回由来・品詞・訳語を確認。必要に応じて例文化。,候補,,中,,,,,,,
m0162,word,наводне́ние,наводнение,洪水,名詞,中性,,,,,,70,文法I,天気とロシア人の生活,1,наводнение,2,vocab,ru→ja / ja→ru候補,наводне́ние,洪水,"答え：洪水
品詞：名詞
性：中性
出題回：70
出題区分：文法I
文脈：天気とロシア人の生活",ロシア語2級,vocab,名詞,第70回,要確認,未確認,第何回由来・品詞・訳語を確認。必要に応じて例文化。,候補,,中,,,,,,,
m0163,word,фе́рмер,фермер,農家・農場主,名詞,男性,,,,,,70,文法I,天気とロシア人の生活,1,фермер,2,vocab,ru→ja / ja→ru候補,фе́рмер,農家・農場主,"答え：農家・農場主
品詞：名詞
性：男性
出題回：70
出題区分：文法I
文脈：天気とロシア人の生活",ロシア語2級,vocab,名詞,第70回,要確認,未確認,第何回由来・品詞・訳語を確認。必要に応じて例文化。,候補,,中,,,,,,,
m0164,word,моря́к,моряк,船乗り・水夫,名詞,男性,,,,,,70,文法I,天気とロシア人の生活,1,моряк,2,vocab,ru→ja / ja→ru候補,моря́к,船乗り・水夫,"答え：船乗り・水夫
品詞：名詞
性：男性
出題回：70
出題区分：文法I
文脈：天気とロシア人の生活",ロシア語2級,vocab,名詞,第70回,要確認,未確認,第何回由来・品詞・訳語を確認。必要に応じて例文化。,候補,,中,,,,,,,
m0165,word,посе́в,посев,種まき,名詞,男性,,,,,,70,文法I,天気とロシア人の生活,1,посев,2,vocab,ru→ja / ja→ru候補,посе́в,種まき,"答え：種まき
品詞：名詞
性：男性
出題回：70
出題区分：文法I
文脈：天気とロシア人の生活",ロシア語2級,vocab,名詞,第70回,要確認,未確認,第何回由来・品詞・訳語を確認。必要に応じて例文化。,候補,,中,,,,,,,
m0166,word,шторм,шторм,嵐・暴風雨,名詞,男性,,,,,,70,文法I,天気とロシア人の生活,1,шторм,2,vocab,ru→ja / ja→ru候補,шторм,嵐・暴風雨,"答え：嵐・暴風雨
品詞：名詞
性：男性
出題回：70
出題区分：文法I
文脈：天気とロシア人の生活",ロシア語2級,vocab,名詞,第70回,要確認,未確認,第何回由来・品詞・訳語を確認。必要に応じて例文化。,候補,,中,,,,,,,
m0167,word,разгово́рный язы́к,разговорныи язык,話し言葉,名詞句,男性,,,,,,70,露文和訳,話し言葉という新しい言語,1,разговорныи язык,2,vocab,ru→ja / ja→ru候補,разгово́рный язы́к,話し言葉,"答え：話し言葉
品詞：名詞句
性：男性
出題回：70
出題区分：露文和訳
文脈：話し言葉という新しい言語",ロシア語2級,vocab,名詞句,第70回,要確認,未確認,第何回由来・品詞・訳語を確認。必要に応じて例文化。,候補,,中,,,,,,,
m0168,word,литерату́рный язы́к,литературныи язык,文学語・標準語,名詞句,男性,,,,,,70,露文和訳,話し言葉,1,литературныи язык,2,vocab,ru→ja / ja→ru候補,литерату́рный язы́к,文学語・標準語,"答え：文学語・標準語
品詞：名詞句
性：男性
出題回：70
出題区分：露文和訳
文脈：話し言葉",ロシア語2級,vocab,名詞句,第70回,要確認,未確認,第何回由来・品詞・訳語を確認。必要に応じて例文化。,候補,,中,,,,,,,
m0169,word,у́стная фо́рма,устная форма,口頭形式,名詞句,女性,,,,,,70,露文和訳,話し言葉,1,устная форма,2,vocab,ru→ja / ja→ru候補,у́стная фо́рма,口頭形式,"答え：口頭形式
品詞：名詞句
性：女性
出題回：70
出題区分：露文和訳
文脈：話し言葉",ロシア語2級,vocab,名詞句,第70回,要確認,未確認,第何回由来・品詞・訳語を確認。必要に応じて例文化。,候補,,中,,,,,,,
m0170,word,заме́тка,заметка,メモ・短い記事,名詞,女性,,,,,,70,露文和訳,話し言葉,1,заметка,2,vocab,ru→ja / ja→ru候補,заме́тка,メモ・短い記事,"答え：メモ・短い記事
品詞：名詞
性：女性
出題回：70
出題区分：露文和訳
文脈：話し言葉",ロシア語2級,vocab,名詞,第70回,要確認,未確認,第何回由来・品詞・訳語を確認。必要に応じて例文化。,候補,,中,,,,,,,
m0171,word,рюкза́к,рюкзак,リュックサック,名詞,男性,,,,,,70,和文露訳,通学リュック・教科書,1,рюкзак,2,vocab,ru→ja / ja→ru候補,рюкза́к,リュックサック,"答え：リュックサック
品詞：名詞
性：男性
出題回：70
出題区分：和文露訳
文脈：通学リュック・教科書",ロシア語2級,vocab,名詞,第70回,要確認,未確認,第何回由来・品詞・訳語を確認。必要に応じて例文化。,候補,,中,,,,,,,
m0172,word,вес,вес,重さ・体重,名詞,男性,,,,,,70,和文露訳,通学リュック・教科書,1,вес,2,vocab,ru→ja / ja→ru候補,вес,重さ・体重,"答え：重さ・体重
品詞：名詞
性：男性
出題回：70
出題区分：和文露訳
文脈：通学リュック・教科書",ロシア語2級,vocab,名詞,第70回,要確認,未確認,第何回由来・品詞・訳語を確認。必要に応じて例文化。,候補,,中,,,,,,,
m0173,phrase,страда́ть от жа́ры,страдать от жары,暑さに苦しむ,表現,,,,,,,70,文法I,天気とロシア人の生活,1,страдать от жары,2,phrase,ru→ja / ja→ru候補,страда́ть от жа́ры,暑さに苦しむ,"答え：暑さに苦しむ
品詞：表現
出題回：70
出題区分：文法I
文脈：天気とロシア人の生活",ロシア語2級,phrase,表現,第70回,要確認,未確認,第何回由来・品詞・訳語を確認。必要に応じて例文化。,候補,,中,,,,,,,
m0174,phrase,промо́кнуть от сля́коти,промокнуть от слякоти,ぬかるみ・悪天候で濡れる,表現,,,,,,,70,文法I,天気とロシア人の生活,1,промокнуть от слякоти,2,phrase,ru→ja / ja→ru候補,промо́кнуть от сля́коти,ぬかるみ・悪天候で濡れる,"答え：ぬかるみ・悪天候で濡れる
品詞：表現
出題回：70
出題区分：文法I
文脈：天気とロシア人の生活",ロシア語2級,phrase,表現,第70回,要確認,未確認,第何回由来・品詞・訳語を確認。必要に応じて例文化。,候補,,中,,,,,,,
m0175,phrase,влия́ть на жизнь,влиять на жизнь,生活に影響する,表現,,,,,,,70,文法I,天気とロシア人の生活,1,влиять на жизнь,2,phrase,ru→ja / ja→ru候補,влия́ть на жизнь,生活に影響する,"答え：生活に影響する
品詞：表現
出題回：70
出題区分：文法I
文脈：天気とロシア人の生活",ロシア語2級,phrase,表現,第70回,要確認,未確認,第何回由来・品詞・訳語を確認。必要に応じて例文化。,候補,,中,,,,,,,
m0176,word,экономи́ческое разви́тие,экономическое развитие,経済発展,名詞句,中性,,,,,,74,文法I,日本の経済発展・教育,1,экономическое развитие,2,vocab,ru→ja / ja→ru候補,экономи́ческое разви́тие,経済発展,"答え：経済発展
品詞：名詞句
性：中性
出題回：74
出題区分：文法I
文脈：日本の経済発展・教育",ロシア語2級,vocab,名詞句,第74回,要確認,未確認,第何回由来・品詞・訳語を確認。必要に応じて例文化。,候補,,中,,,,,,,
m0177,word,достиже́ние,достижение,達成・成果,名詞,中性,,,,,,74,文法I,日本の経済発展・教育,1,достижение,2,vocab,ru→ja / ja→ru候補,достиже́ние,達成・成果,"答え：達成・成果
品詞：名詞
性：中性
出題回：74
出題区分：文法I
文脈：日本の経済発展・教育",ロシア語2級,vocab,名詞,第74回,要確認,未確認,第何回由来・品詞・訳語を確認。必要に応じて例文化。,候補,,中,,,,,,,
m0178,word,ка́чество,качество,質,名詞,中性,,,,,,74,文法I,日本の経済発展・教育,1,качество,2,vocab,ru→ja / ja→ru候補,ка́чество,質,"答え：質
品詞：名詞
性：中性
出題回：74
出題区分：文法I
文脈：日本の経済発展・教育",ロシア語2級,vocab,名詞,第74回,要確認,未確認,第何回由来・品詞・訳語を確認。必要に応じて例文化。,候補,,中,,,,,,,
m0179,word,образе́ц,образец,模範・手本,名詞,男性,,,,,,74,文法I,日本の経済発展・教育,1,образец,2,vocab,ru→ja / ja→ru候補,образе́ц,模範・手本,"答え：模範・手本
品詞：名詞
性：男性
出題回：74
出題区分：文法I
文脈：日本の経済発展・教育",ロシア語2級,vocab,名詞,第74回,要確認,未確認,第何回由来・品詞・訳語を確認。必要に応じて例文化。,候補,,中,,,,,,,
m0180,word,похвала́,похвала,称賛,名詞,女性,,,,,,74,文法I,日本の経済発展・教育,1,похвала,2,vocab,ru→ja / ja→ru候補,похвала́,称賛,"答え：称賛
品詞：名詞
性：女性
出題回：74
出題区分：文法I
文脈：日本の経済発展・教育",ロシア語2級,vocab,名詞,第74回,要確認,未確認,第何回由来・品詞・訳語を確認。必要に応じて例文化。,候補,,中,,,,,,,
m0181,word,систе́ма образова́ния,система образования,教育制度,名詞句,女性,,,,,,74,文法I,日本の経済発展・教育,1,система образования,2,vocab,ru→ja / ja→ru候補,систе́ма образова́ния,教育制度,"答え：教育制度
品詞：名詞句
性：女性
出題回：74
出題区分：文法I
文脈：日本の経済発展・教育",ロシア語2級,vocab,名詞句,第74回,要確認,未確認,第何回由来・品詞・訳語を確認。必要に応じて例文化。,候補,,中,,,,,,,
m0182,word,оце́нка,оценка,評価,名詞,女性,,,,,,74,文法I,日本の経済発展・教育,1,оценка,2,vocab,ru→ja / ja→ru候補,оце́нка,評価,"答え：評価
品詞：名詞
性：女性
出題回：74
出題区分：文法I
文脈：日本の経済発展・教育",ロシア語2級,vocab,名詞,第74回,要確認,未確認,第何回由来・品詞・訳語を確認。必要に応じて例文化。,候補,,中,,,,,,,
m0183,word,показа́тель,показатель,指標,名詞,男性,,,,,,74,文法I,日本の経済発展・教育,1,показатель,2,vocab,ru→ja / ja→ru候補,показа́тель,指標,"答え：指標
品詞：名詞
性：男性
出題回：74
出題区分：文法I
文脈：日本の経済発展・教育",ロシア語2級,vocab,名詞,第74回,要確認,未確認,第何回由来・品詞・訳語を確認。必要に応じて例文化。,候補,,中,,,,,,,
m0184,word,мирово́й ли́дер,мировои лидер,世界的リーダー・先進国,名詞句,男性,,,,,,74,文法I,日本の経済発展・教育,1,мировои лидер,2,vocab,ru→ja / ja→ru候補,мирово́й ли́дер,世界的リーダー・先進国,"答え：世界的リーダー・先進国
品詞：名詞句
性：男性
出題回：74
出題区分：文法I
文脈：日本の経済発展・教育",ロシア語2級,vocab,名詞句,第74回,要確認,未確認,第何回由来・品詞・訳語を確認。必要に応じて例文化。,候補,,中,,,,,,,
m0185,word,сте́пень,степень,程度・学位,名詞,女性,,,,,,74,文法I,日本の経済発展・教育,1,степень,2,vocab,ru→ja / ja→ru候補,сте́пень,程度・学位,"答え：程度・学位
品詞：名詞
性：女性
出題回：74
出題区分：文法I
文脈：日本の経済発展・教育",ロシア語2級,vocab,名詞,第74回,要確認,未確認,第何回由来・品詞・訳語を確認。必要に応じて例文化。,候補,,中,,,,,,,
m0186,word,сре́днее образова́ние,среднее образование,中等教育,名詞句,中性,,,,,,74,文法I,日本の経済発展・教育,1,среднее образование,2,vocab,ru→ja / ja→ru候補,сре́днее образова́ние,中等教育,"答え：中等教育
品詞：名詞句
性：中性
出題回：74
出題区分：文法I
文脈：日本の経済発展・教育",ロシア語2級,vocab,名詞句,第74回,要確認,未確認,第何回由来・品詞・訳語を確認。必要に応じて例文化。,候補,,中,,,,,,,
m0187,word,вы́сшее образова́ние,высшее образование,高等教育,名詞句,中性,,,,,,74,文法I,日本の経済発展・教育,1,высшее образование,2,vocab,ru→ja / ja→ru候補,вы́сшее образова́ние,高等教育,"答え：高等教育
品詞：名詞句
性：中性
出題回：74
出題区分：文法I
文脈：日本の経済発展・教育",ロシア語2級,vocab,名詞句,第74回,要確認,未確認,第何回由来・品詞・訳語を確認。必要に応じて例文化。,候補,,中,,,,,,,
m0188,word,обяза́тельное образова́ние,обязательное образование,義務教育,名詞句,中性,,,,,,74,文法I,日本の経済発展・教育,1,обязательное образование,2,vocab,ru→ja / ja→ru候補,обяза́тельное образова́ние,義務教育,"答え：義務教育
品詞：名詞句
性：中性
出題回：74
出題区分：文法I
文脈：日本の経済発展・教育",ロシア語2級,vocab,名詞句,第74回,要確認,未確認,第何回由来・品詞・訳語を確認。必要に応じて例文化。,候補,,中,,,,,,,
m0189,word,вы́сшее уче́бное заведе́ние,высшее учебное заведение,高等教育機関・大学,名詞句,中性,,,,,,74,文法I,日本の経済発展・教育,1,высшее учебное заведение,2,vocab,ru→ja / ja→ru候補,вы́сшее уче́бное заведе́ние,高等教育機関・大学,"答え：高等教育機関・大学
品詞：名詞句
性：中性
出題回：74
出題区分：文法I
文脈：日本の経済発展・教育",ロシア語2級,vocab,名詞句,第74回,要確認,未確認,第何回由来・品詞・訳語を確認。必要に応じて例文化。,候補,,中,,,,,,,
m0190,word,тест,тест,テスト,名詞,男性,,,,,,74,文法I,日本の経済発展・教育,1,тест,2,vocab,ru→ja / ja→ru候補,тест,テスト,"答え：テスト
品詞：名詞
性：男性
出題回：74
出題区分：文法I
文脈：日本の経済発展・教育",ロシア語2級,vocab,名詞,第74回,要確認,未確認,第何回由来・品詞・訳語を確認。必要に応じて例文化。,候補,,中,,,,,,,
m0191,word,кра́йняя ме́ра,краиняя мера,最後の手段,名詞句,女性,,,,,,74,文法I,日本の経済発展・教育,1,краиняя мера,2,vocab,ru→ja / ja→ru候補,кра́йняя ме́ра,最後の手段,"答え：最後の手段
品詞：名詞句
性：女性
出題回：74
出題区分：文法I
文脈：日本の経済発展・教育",ロシア語2級,vocab,名詞句,第74回,要確認,未確認,第何回由来・品詞・訳語を確認。必要に応じて例文化。,候補,,中,,,,,,,
m0192,word,трудоспосо́бное населе́ние,трудоспособное население,労働可能人口,名詞句,中性,,,,,,74,露文和訳,日本の労働可能人口,1,трудоспособное население,2,vocab,ru→ja / ja→ru候補,трудоспосо́бное населе́ние,労働可能人口,"答え：労働可能人口
品詞：名詞句
性：中性
出題回：74
出題区分：露文和訳
文脈：日本の労働可能人口",ロシア語2級,vocab,名詞句,第74回,要確認,未確認,第何回由来・品詞・訳語を確認。必要に応じて例文化。,候補,,中,,,,,,,
m0193,word,до́ля,доля,割合,名詞,女性,,,,,,74,露文和訳,日本の労働可能人口,1,доля,2,vocab,ru→ja / ja→ru候補,до́ля,割合,"答え：割合
品詞：名詞
性：女性
出題回：74
出題区分：露文和訳
文脈：日本の労働可能人口",ロシア語2級,vocab,名詞,第74回,要確認,未確認,第何回由来・品詞・訳語を確認。必要に応じて例文化。,候補,,中,,,,,,,
m0194,word,населе́ние,население,人口,名詞,中性,,,,,,74,露文和訳,日本の労働可能人口,1,население,2,vocab,ru→ja / ja→ru候補,населе́ние,人口,"答え：人口
品詞：名詞
性：中性
出題回：74
出題区分：露文和訳
文脈：日本の労働可能人口",ロシア語2級,vocab,名詞,第74回,要確認,未確認,第何回由来・品詞・訳語を確認。必要に応じて例文化。,候補,,中,,,,,,,
m0195,word,пенсионе́р,пенсионер,年金受給者,名詞,男性,,,,,,74,露文和訳,日本の労働可能人口,1,пенсионер,2,vocab,ru→ja / ja→ru候補,пенсионе́р,年金受給者,"答え：年金受給者
品詞：名詞
性：男性
出題回：74
出題区分：露文和訳
文脈：日本の労働可能人口",ロシア語2級,vocab,名詞,第74回,要確認,未確認,第何回由来・品詞・訳語を確認。必要に応じて例文化。,候補,,中,,,,,,,
m0196,word,старе́ние,старение,高齢化,名詞,中性,,,,,,74,露文和訳,日本の労働可能人口,1,старение,2,vocab,ru→ja / ja→ru候補,старе́ние,高齢化,"答え：高齢化
品詞：名詞
性：中性
出題回：74
出題区分：露文和訳
文脈：日本の労働可能人口",ロシア語2級,vocab,名詞,第74回,要確認,未確認,第何回由来・品詞・訳語を確認。必要に応じて例文化。,候補,,中,,,,,,,
m0197,word,музыка́льный ко́нкурс,музыкальныи конкурс,音楽コンクール,名詞句,男性,,,,,,74,和文露訳,ドイツの音楽コンクール,1,музыкальныи конкурс,2,vocab,ru→ja / ja→ru候補,музыка́льный ко́нкурс,音楽コンクール,"答え：音楽コンクール
品詞：名詞句
性：男性
出題回：74
出題区分：和文露訳
文脈：ドイツの音楽コンクール",ロシア語2級,vocab,名詞句,第74回,要確認,未確認,第何回由来・品詞・訳語を確認。必要に応じて例文化。,候補,,中,,,,,,,
m0198,word,скрипа́ч,скрипач,ヴァイオリニスト,名詞,男性,,,,,,74,和文露訳,ドイツの音楽コンクール,1,скрипач,2,vocab,ru→ja / ja→ru候補,скрипа́ч,ヴァイオリニスト,"答え：ヴァイオリニスト
品詞：名詞
性：男性
出題回：74
出題区分：和文露訳
文脈：ドイツの音楽コンクール",ロシア語2級,vocab,名詞,第74回,要確認,未確認,第何回由来・品詞・訳語を確認。必要に応じて例文化。,候補,,中,,,,,,,
m0199,word,выступле́ние,выступление,演奏・発表,名詞,中性,,,,,,74,和文露訳,ドイツの音楽コンクール,1,выступление,2,vocab,ru→ja / ja→ru候補,выступле́ние,演奏・発表,"答え：演奏・発表
品詞：名詞
性：中性
出題回：74
出題区分：和文露訳
文脈：ドイツの音楽コンクール",ロシア語2級,vocab,名詞,第74回,要確認,未確認,第何回由来・品詞・訳語を確認。必要に応じて例文化。,候補,,中,,,,,,,
m0200,word,инструме́нт,инструмент,楽器・道具,名詞,男性,,,,,,74,和文露訳,ドイツの音楽コンクール,1,инструмент,2,vocab,ru→ja / ja→ru候補,инструме́нт,楽器・道具,"答え：楽器・道具
品詞：名詞
性：男性
出題回：74
出題区分：和文露訳
文脈：ドイツの音楽コンクール",ロシア語2級,vocab,名詞,第74回,要確認,未確認,第何回由来・品詞・訳語を確認。必要に応じて例文化。,候補,,中,,,,,,,
m0201,word,все си́лы,все силы,全力,名詞句,,複数,,,,,74,和文露訳,ドイツの音楽コンクール,1,все силы,2,vocab,ru→ja / ja→ru候補,все си́лы,全力,"答え：全力
品詞：名詞句
数：複数
出題回：74
出題区分：和文露訳
文脈：ドイツの音楽コンクール",ロシア語2級,vocab,名詞句,第74回,要確認,未確認,第何回由来・品詞・訳語を確認。必要に応じて例文化。,候補,,中,,,,,,,
m0202,phrase,втора́я полови́на XX ве́ка,вторая половина XX века,20世紀後半,表現,,,,,,,74,文法I,日本の経済発展・教育,1,вторая половина xx века,2,phrase,ru→ja / ja→ru候補,втора́я полови́на XX ве́ка,20世紀後半,"答え：20世紀後半
品詞：表現
出題回：74
出題区分：文法I
文脈：日本の経済発展・教育",ロシア語2級,phrase,表現,第74回,要確認,未確認,第何回由来・品詞・訳語を確認。必要に応じて例文化。,候補,,中,,,,,,,
m0203,phrase,по́сле заверше́ния,после завершения,終了後に,表現,,,,,,,74,文法I,教育制度,1,после завершения,2,phrase,ru→ja / ja→ru候補,по́сле заверше́ния,終了後に,"答え：終了後に
品詞：表現
出題回：74
出題区分：文法I
文脈：教育制度",ロシア語2級,phrase,表現,第74回,要確認,未確認,第何回由来・品詞・訳語を確認。必要に応じて例文化。,候補,,中,,,,,,,
m0204,word,уве́ренно,уверенно,自信を持って,副詞,,,,,,,62,露文和訳,ロシア語で自信を持って話す,1,уверенно,2,vocab,ru→ja / ja→ru候補,уве́ренно,自信を持って,"答え：自信を持って
品詞：副詞
出題回：62
出題区分：露文和訳
文脈：ロシア語で自信を持って話す",ロシア語2級,vocab,副詞,第62回,要確認,未確認,第何回由来・品詞・訳語を確認。必要に応じて例文化。,候補,,中,,,,,,,
m0205,word,выраже́ние,выражение,表現,名詞,中性,,,,,,62,露文和訳,ロシア語で自信を持って話す,1,выражение,2,vocab,ru→ja / ja→ru候補,выраже́ние,表現,"答え：表現
品詞：名詞
性：中性
出題回：62
出題区分：露文和訳
文脈：ロシア語で自信を持って話す",ロシア語2級,vocab,名詞,第62回,要確認,未確認,第何回由来・品詞・訳語を確認。必要に応じて例文化。,候補,,中,,,,,,,
m0206,word,профе́ссия,профессия,職業,名詞,女性,,,,,,62,露文和訳,語彙と職業,1,профессия,2,vocab,ru→ja / ja→ru候補,профе́ссия,職業,"答え：職業
品詞：名詞
性：女性
出題回：62
出題区分：露文和訳
文脈：語彙と職業",ロシア語2級,vocab,名詞,第62回,要確認,未確認,第何回由来・品詞・訳語を確認。必要に応じて例文化。,候補,,中,,,,,,,
m0207,word,краткосро́чный,краткосрочныи,短期間の,形容詞,,,,,,,62,露文和訳,語彙学習,1,краткосрочныи,2,vocab,ru→ja / ja→ru候補,краткосро́чный,短期間の,"答え：短期間の
品詞：形容詞
出題回：62
出題区分：露文和訳
文脈：語彙学習",ロシア語2級,vocab,形容詞,第62回,要確認,未確認,第何回由来・品詞・訳語を確認。必要に応じて例文化。,候補,,中,,,,,,,
m0208,word,внук,внук,孫息子,名詞,男性,,,,,,62,和文露訳,孫の夏休み,1,внук,2,vocab,ru→ja / ja→ru候補,внук,孫息子,"答え：孫息子
品詞：名詞
性：男性
出題回：62
出題区分：和文露訳
文脈：孫の夏休み",ロシア語2級,vocab,名詞,第62回,要確認,未確認,第何回由来・品詞・訳語を確認。必要に応じて例文化。,候補,,中,,,,,,,
m0209,word,вну́чка,внучка,孫娘,名詞,女性,,,,,,62,和文露訳,孫の夏休み,1,внучка,2,vocab,ru→ja / ja→ru候補,вну́чка,孫娘,"答え：孫娘
品詞：名詞
性：女性
出題回：62
出題区分：和文露訳
文脈：孫の夏休み",ロシア語2級,vocab,名詞,第62回,要確認,未確認,第何回由来・品詞・訳語を確認。必要に応じて例文化。,候補,,中,,,,,,,
m0210,word,обы́чный по́езд,обычныи поезд,普通列車,名詞句,男性,,,,,,62,和文露訳,夏休み旅行,1,обычныи поезд,2,vocab,ru→ja / ja→ru候補,обы́чный по́езд,普通列車,"答え：普通列車
品詞：名詞句
性：男性
出題回：62
出題区分：和文露訳
文脈：夏休み旅行",ロシア語2級,vocab,名詞句,第62回,要確認,未確認,第何回由来・品詞・訳語を確認。必要に応じて例文化。,候補,,中,,,,,,,
m0211,word,при́рода,природа,自然,名詞,女性,,,,,,62,和文露訳,子どもの夏休み,1,природа,2,vocab,ru→ja / ja→ru候補,при́рода,自然,"答え：自然
品詞：名詞
性：女性
出題回：62
出題区分：和文露訳
文脈：子どもの夏休み",ロシア語2級,vocab,名詞,第62回,要確認,未確認,第何回由来・品詞・訳語を確認。必要に応じて例文化。,候補,,中,,,,,,,
m0212,word,чте́ние,чтение,読書,名詞,中性,,,,,,62,和文露訳,子どもの夏休み,1,чтение,2,vocab,ru→ja / ja→ru候補,чте́ние,読書,"答え：読書
品詞：名詞
性：中性
出題回：62
出題区分：和文露訳
文脈：子どもの夏休み",ロシア語2級,vocab,名詞,第62回,要確認,未確認,第何回由来・品詞・訳語を確認。必要に応じて例文化。,候補,,中,,,,,,,
m0213,word,авто́бус,автобус,バス,名詞,男性,,,,,,62,聴取,モスクワの住居,1,автобус,2,vocab,ru→ja / ja→ru候補,авто́бус,バス,"答え：バス
品詞：名詞
性：男性
出題回：62
出題区分：聴取
文脈：モスクワの住居",ロシア語2級,vocab,名詞,第62回,要確認,未確認,第何回由来・品詞・訳語を確認。必要に応じて例文化。,候補,,中,,,,,,,
m0214,phrase,часто употребля́емые слова́,часто употребляемые слова,頻繁に使われる単語,表現,,,,,,,62,露文和訳,語彙学習,1,часто употребляемые слова,2,phrase,ru→ja / ja→ru候補,часто употребля́емые слова́,頻繁に使われる単語,"答え：頻繁に使われる単語
品詞：表現
出題回：62
出題区分：露文和訳
文脈：語彙学習",ロシア語2級,phrase,表現,第62回,要確認,未確認,第何回由来・品詞・訳語を確認。必要に応じて例文化。,候補,,中,,,,,,,
m0215,phrase,зави́сеть от профе́ссии,зависеть от профессии,職業によって異なる,表現,,,,,,,62,露文和訳,語彙学習,1,зависеть от профессии,2,phrase,ru→ja / ja→ru候補,зави́сеть от профе́ссии,職業によって異なる,"答え：職業によって異なる
品詞：表現
出題回：62
出題区分：露文和訳
文脈：語彙学習",ロシア語2級,phrase,表現,第62回,要確認,未確認,第何回由来・品詞・訳語を確認。必要に応じて例文化。,候補,,中,,,,,,,
m0216,word,ле́то в Япо́нии,лето в Японии,日本の夏,名詞句,中性,,,,,,86,口頭作文,日本の夏,1,лето в японии,2,vocab,ru→ja / ja→ru候補,ле́то в Япо́нии,日本の夏,"答え：日本の夏
品詞：名詞句
性：中性
出題回：86
出題区分：口頭作文
文脈：日本の夏",ロシア語2級,vocab,名詞句,第86回,要確認,未確認,第何回由来・品詞・訳語を確認。必要に応じて例文化。,候補,,低,,,,,,,
m0217,word,вла́жность,влажность,湿度,名詞,女性,,,,,,86,口頭作文,日本の夏,1,влажность,2,vocab,ru→ja / ja→ru候補,вла́жность,湿度,"答え：湿度
品詞：名詞
性：女性
出題回：86
出題区分：口頭作文
文脈：日本の夏",ロシア語2級,vocab,名詞,第86回,要確認,未確認,第何回由来・品詞・訳語を確認。必要に応じて例文化。,候補,,低,,,,,,,
m0218,word,сезо́н дожде́й,сезон дождеи,梅雨・雨季,名詞句,男性,,,,,,86,口頭作文,日本の夏,1,сезон дождеи,2,vocab,ru→ja / ja→ru候補,сезо́н дожде́й,梅雨・雨季,"答え：梅雨・雨季
品詞：名詞句
性：男性
出題回：86
出題区分：口頭作文
文脈：日本の夏",ロシア語2級,vocab,名詞句,第86回,要確認,未確認,第何回由来・品詞・訳語を確認。必要に応じて例文化。,候補,,低,,,,,,,
m0219,word,кондиционе́р,кондиционер,エアコン,名詞,男性,,,,,,86,口頭作文,日本の夏,1,кондиционер,2,vocab,ru→ja / ja→ru候補,кондиционе́р,エアコン,"答え：エアコン
品詞：名詞
性：男性
出題回：86
出題区分：口頭作文
文脈：日本の夏",ロシア語2級,vocab,名詞,第86回,要確認,未確認,第何回由来・品詞・訳語を確認。必要に応じて例文化。,候補,,低,,,,,,,
m0220,word,фейерве́рк,феиерверк,花火,名詞,男性,,,,,,86,口頭作文,日本の夏,1,феиерверк,2,vocab,ru→ja / ja→ru候補,фейерве́рк,花火,"答え：花火
品詞：名詞
性：男性
出題回：86
出題区分：口頭作文
文脈：日本の夏",ロシア語2級,vocab,名詞,第86回,要確認,未確認,第何回由来・品詞・訳語を確認。必要に応じて例文化。,候補,,低,,,,,,,
m0221,word,фестива́ль,фестиваль,祭り・フェスティバル,名詞,男性,,,,,,86,口頭作文,日本の夏,1,фестиваль,2,vocab,ru→ja / ja→ru候補,фестива́ль,祭り・フェスティバル,"答え：祭り・フェスティバル
品詞：名詞
性：男性
出題回：86
出題区分：口頭作文
文脈：日本の夏",ロシア語2級,vocab,名詞,第86回,要確認,未確認,第何回由来・品詞・訳語を確認。必要に応じて例文化。,候補,,低,,,,,,,
m0222,word,моро́женое,мороженое,アイスクリーム,名詞,中性,,,,,,86,口頭作文,日本の夏,1,мороженое,2,vocab,ru→ja / ja→ru候補,моро́женое,アイスクリーム,"答え：アイスクリーム
品詞：名詞
性：中性
出題回：86
出題区分：口頭作文
文脈：日本の夏",ロシア語2級,vocab,名詞,第86回,要確認,未確認,第何回由来・品詞・訳語を確認。必要に応じて例文化。,候補,,低,,,,,,,
m0223,word,пляж,пляж,海水浴場・浜辺,名詞,男性,,,,,,86,口頭作文,日本の夏,1,пляж,2,vocab,ru→ja / ja→ru候補,пляж,海水浴場・浜辺,"答え：海水浴場・浜辺
品詞：名詞
性：男性
出題回：86
出題区分：口頭作文
文脈：日本の夏",ロシア語2級,vocab,名詞,第86回,要確認,未確認,第何回由来・品詞・訳語を確認。必要に応じて例文化。,候補,,低,,,,,,,
m0224,word,тради́ция,традиция,伝統,名詞,女性,,,,,,86,口頭作文,日本の夏,1,традиция,2,vocab,ru→ja / ja→ru候補,тради́ция,伝統,"答え：伝統
品詞：名詞
性：女性
出題回：86
出題区分：口頭作文
文脈：日本の夏",ロシア語2級,vocab,名詞,第86回,要確認,未確認,第何回由来・品詞・訳語を確認。必要に応じて例文化。,候補,,低,,,,,,,
m0225,word,сильно́ жа́рко,сильно жарко,とても暑い,表現,,,,,,,86,口頭作文,日本の夏,1,сильно жарко,2,vocab,ru→ja / ja→ru候補,сильно́ жа́рко,とても暑い,"答え：とても暑い
品詞：表現
出題回：86
出題区分：口頭作文
文脈：日本の夏",ロシア語2級,vocab,表現,第86回,要確認,未確認,第何回由来・品詞・訳語を確認。必要に応じて例文化。,候補,,低,,,,,,,
m0226,word,причастие,причастие,形動詞,名詞,中性,,,,,,74,84,文法IV,形動詞,2,причастие,2,grammar,ru→ja / ja→ru候補,причастие,形動詞,"答え：形動詞
品詞：名詞
性：中性
出題回：74;84
出題区分：文法IV
文脈：形動詞",ロシア語2級,grammar,名詞,第74,第84回,要確認,未確認,第何回由来・品詞・訳語を確認。必要に応じて例文化。,候補,,中,,,,,
m0227,word,дееприча́стие,деепричастие,副動詞,名詞,中性,,,,,,74,84,70,文法IV,副動詞,3,деепричастие,2,grammar,ru→ja / ja→ru候補,дееприча́стие,副動詞,"答え：副動詞
品詞：名詞
性：中性
出題回：74;84;70
出題区分：文法IV
文脈：副動詞",ロシア語2級,grammar,名詞,第74,第84,第70回,要確認,未確認,第何回由来・品詞・訳語を確認。必要に応じて例文化。,候補,,中,,,
m0228,word,верну́вшийся,вернувшиися,戻ってきた〜,形動詞,,,,,,,84,文法IV,形動詞,1,вернувшиися,2,grammar,ru→ja / ja→ru候補,верну́вшийся,戻ってきた〜,"答え：戻ってきた〜
品詞：形動詞
出題回：84
出題区分：文法IV
文脈：形動詞",ロシア語2級,grammar,形動詞,第84回,要確認,未確認,第何回由来・品詞・訳語を確認。必要に応じて例文化。,候補,,中,,,,,,,
m0229,word,поступи́вший,поступившии,入学した・到着した〜,形動詞,,,,,,,84,文法IV,形動詞,1,поступившии,2,grammar,ru→ja / ja→ru候補,поступи́вший,入学した・到着した〜,"答え：入学した・到着した〜
品詞：形動詞
出題回：84
出題区分：文法IV
文脈：形動詞",ロシア語2級,grammar,形動詞,第84回,要確認,未確認,第何回由来・品詞・訳語を確認。必要に応じて例文化。,候補,,中,,,,,,,
m0230,word,поста́вленный,поставленныи,置かれた・設置された〜,形動詞,,,,,,,84,文法IV,形動詞,1,поставленныи,2,grammar,ru→ja / ja→ru候補,поста́вленный,置かれた・設置された〜,"答え：置かれた・設置された〜
品詞：形動詞
出題回：84
出題区分：文法IV
文脈：形動詞",ロシア語2級,grammar,形動詞,第84回,要確認,未確認,第何回由来・品詞・訳語を確認。必要に応じて例文化。,候補,,中,,,,,,,
m0231,word,лежа́щий,лежащии,横たわっている〜,形動詞,,,,,,,74,文法IV,形動詞,1,лежащии,2,grammar,ru→ja / ja→ru候補,лежа́щий,横たわっている〜,"答え：横たわっている〜
品詞：形動詞
出題回：74
出題区分：文法IV
文脈：形動詞",ロシア語2級,grammar,形動詞,第74回,要確認,未確認,第何回由来・品詞・訳語を確認。必要に応じて例文化。,候補,,中,,,,,,,
m0232,word,переведённый,переведенныи,翻訳された〜,形動詞,,,,,,,74,文法IV,形動詞,1,переведенныи,2,grammar,ru→ja / ja→ru候補,переведённый,翻訳された〜,"答え：翻訳された〜
品詞：形動詞
出題回：74
出題区分：文法IV
文脈：形動詞",ロシア語2級,grammar,形動詞,第74回,要確認,未確認,第何回由来・品詞・訳語を確認。必要に応じて例文化。,候補,,中,,,,,,,
m0233,word,издава́емый,издаваемыи,出版される〜,形動詞,,,,,,,74,文法IV,形動詞,1,издаваемыи,2,grammar,ru→ja / ja→ru候補,издава́емый,出版される〜,"答え：出版される〜
品詞：形動詞
出題回：74
出題区分：文法IV
文脈：形動詞",ロシア語2級,grammar,形動詞,第74回,要確認,未確認,第何回由来・品詞・訳語を確認。必要に応じて例文化。,候補,,中,,,,,,,
m0234,word,ответив,ответив,答えてから,副動詞,,,,,,,74,文法IV,副動詞,1,ответив,2,grammar,ru→ja / ja→ru候補,ответив,答えてから,"答え：答えてから
品詞：副動詞
出題回：74
出題区分：文法IV
文脈：副動詞",ロシア語2級,grammar,副動詞,第74回,要確認,未確認,第何回由来・品詞・訳語を確認。必要に応じて例文化。,候補,,中,,,,,,,
m0235,word,подня́вшись,поднявшись,上がってから,副動詞,,,,,,,74,文法IV,副動詞,1,поднявшись,2,grammar,ru→ja / ja→ru候補,подня́вшись,上がってから,"答え：上がってから
品詞：副動詞
出題回：74
出題区分：文法IV
文脈：副動詞",ロシア語2級,grammar,副動詞,第74回,要確認,未確認,第何回由来・品詞・訳語を確認。必要に応じて例文化。,候補,,中,,,,,,,
m0236,word,бу́дучи,будучи,〜でありながら・〜として,副動詞,,,,,,,74,文法IV,副動詞,1,будучи,2,grammar,ru→ja / ja→ru候補,бу́дучи,〜でありながら・〜として,"答え：〜でありながら・〜として
品詞：副動詞
出題回：74
出題区分：文法IV
文脈：副動詞",ロシア語2級,grammar,副動詞,第74回,要確認,未確認,第何回由来・品詞・訳語を確認。必要に応じて例文化。,候補,,中,,,,,,,
m0237,word,интересу́ясь,интересуясь,興味を持ちながら,副動詞,,,,,,,70,文法IV,副動詞,1,интересуясь,2,grammar,ru→ja / ja→ru候補,интересу́ясь,興味を持ちながら,"答え：興味を持ちながら
品詞：副動詞
出題回：70
出題区分：文法IV
文脈：副動詞",ロシア語2級,grammar,副動詞,第70回,要確認,未確認,第何回由来・品詞・訳語を確認。必要に応じて例文化。,候補,,中,,,,,,,
m0238,verb_pair,начина́ть — нача́ть,начинать — начать,始める,動詞,,,начина́ть,нача́ть,начинать—начать,,66,文法II,動詞の体・時制選択,1,начинать — начать,2,verb,ru→ja / ja→ru候補,начина́ть — нача́ть,始める,"答え：始める
品詞：動詞
不完了体：начина́ть
完了体：нача́ть
出典候補：第66回
状態：校正用・未確認",russian2,動詞対,不完了体,完了体,校正用,yes,未確認,v03追加。出典回・アクセント・訳語を要確認。,no,,0.7,,,,,,
m0239,verb_pair,конча́ть — ко́нчить,кончать — кончить,終える,動詞,,,конча́ть,ко́нчить,кончать—кончить,,68,文法II,動詞の体・時制選択,1,кончать — кончить,2,verb,ru→ja / ja→ru候補,конча́ть — ко́нчить,終える,"答え：終える
品詞：動詞
不完了体：конча́ть
完了体：ко́нчить
出典候補：第68回
状態：校正用・未確認",russian2,動詞対,不完了体,完了体,校正用,yes,未確認,v03追加。出典回・アクセント・訳語を要確認。,no,,0.7,,,,,,
m0240,verb_pair,зако́нчивать — зако́нчить,закончивать — закончить,終える／卒業する,動詞,,,зако́нчивать,зако́нчить,закончивать—закончить,,70,文法II,動詞の体・時制選択,1,закончивать — закончить,2,verb,ru→ja / ja→ru候補,зако́нчивать — зако́нчить,終える／卒業する,"答え：終える／卒業する
品詞：動詞
不完了体：зако́нчивать
完了体：зако́нчить
出典候補：第70回
状態：校正用・未確認",russian2,動詞対,不完了体,完了体,校正用,yes,未確認,v03追加。出典回・アクセント・訳語を要確認。,no,,0.7,,,,,,
m0241,verb_pair,продолжа́ть — продо́лжить,продолжать — продолжить,続ける,動詞,,,продолжа́ть,продо́лжить,продолжать—продолжить,,72,文法II,動詞の体・時制選択,1,продолжать — продолжить,2,verb,ru→ja / ja→ru候補,продолжа́ть — продо́лжить,続ける,"答え：続ける
品詞：動詞
不完了体：продолжа́ть
完了体：продо́лжить
出典候補：第72回
状態：校正用・未確認",russian2,動詞対,不完了体,完了体,校正用,yes,未確認,v03追加。出典回・アクセント・訳語を要確認。,no,,0.7,,,,,,
m0242,verb_pair,показыва́ть — показа́ть,показывать — показать,見せる／示す,動詞,,,показыва́ть,показа́ть,показывать—показать,,74,文法II,動詞の体・時制選択,1,показывать — показать,2,verb,ru→ja / ja→ru候補,показыва́ть — показа́ть,見せる／示す,"答え：見せる／示す
品詞：動詞
不完了体：показыва́ть
完了体：показа́ть
出典候補：第74回
状態：校正用・未確認",russian2,動詞対,不完了体,完了体,校正用,yes,未確認,v03追加。出典回・アクセント・訳語を要確認。,no,,0.7,,,,,,
m0243,verb_pair,повторя́ть — повтори́ть,повторять — повторить,繰り返す／復習する,動詞,,,повторя́ть,повтори́ть,повторять—повторить,,78,文法II,動詞の体・時制選択,1,повторять — повторить,2,verb,ru→ja / ja→ru候補,повторя́ть — повтори́ть,繰り返す／復習する,"答え：繰り返す／復習する
品詞：動詞
不完了体：повторя́ть
完了体：повтори́ть
出典候補：第78回
状態：校正用・未確認",russian2,動詞対,不完了体,完了体,校正用,yes,未確認,v03追加。出典回・アクセント・訳語を要確認。,no,,0.7,,,,,,
m0244,verb_pair,исправля́ть — испра́вить,исправлять — исправить,直す／修正する,動詞,,,исправля́ть,испра́вить,исправлять—исправить,,84,文法II,動詞の体・時制選択,1,исправлять — исправить,2,verb,ru→ja / ja→ru候補,исправля́ть — испра́вить,直す／修正する,"答え：直す／修正する
品詞：動詞
不完了体：исправля́ть
完了体：испра́вить
出典候補：第84回
状態：校正用・未確認",russian2,動詞対,不完了体,完了体,校正用,yes,未確認,v03追加。出典回・アクセント・訳語を要確認。,no,,0.7,,,,,,
m0245,verb_pair,вспомина́ть — вспо́мнить,вспоминать — вспомнить,思い出す,動詞,,,вспомина́ть,вспо́мнить,вспоминать—вспомнить,,60,文法II,動詞の体・時制選択,1,вспоминать — вспомнить,2,verb,ru→ja / ja→ru候補,вспомина́ть — вспо́мнить,思い出す,"答え：思い出す
品詞：動詞
不完了体：вспомина́ть
完了体：вспо́мнить
出典候補：第60回
状態：校正用・未確認",russian2,動詞対,不完了体,完了体,校正用,yes,未確認,v03追加。出典回・アクセント・訳語を要確認。,no,,0.7,,,,,,
m0246,verb_pair,забыва́ть — забы́ть,забывать — забыть,忘れる,動詞,,,забыва́ть,забы́ть,забывать—забыть,,62,文法II,動詞の体・時制選択,1,забывать — забыть,2,verb,ru→ja / ja→ru候補,забыва́ть — забы́ть,忘れる,"答え：忘れる
品詞：動詞
不完了体：забыва́ть
完了体：забы́ть
出典候補：第62回
状態：校正用・未確認",russian2,動詞対,不完了体,完了体,校正用,yes,未確認,v03追加。出典回・アクセント・訳語を要確認。,no,,0.7,,,,,,
m0247,verb_pair,помога́ть — помо́чь,помогать — помочь,助ける,動詞,,,помога́ть,помо́чь,помогать—помочь,,64,文法II,動詞の体・時制選択,1,помогать — помочь,2,verb,ru→ja / ja→ru候補,помога́ть — помо́чь,助ける,"答え：助ける
品詞：動詞
不完了体：помога́ть
完了体：помо́чь
出典候補：第64回
状態：校正用・未確認",russian2,動詞対,不完了体,完了体,校正用,yes,未確認,v03追加。出典回・アクセント・訳語を要確認。,no,,0.7,,,,,,
m0248,verb_pair,сове́товать — посове́товать,советовать — посоветовать,助言する,動詞,,,сове́товать,посове́товать,советовать—посоветовать,,66,文法II,動詞の体・時制選択,1,советовать — посоветовать,2,verb,ru→ja / ja→ru候補,сове́товать — посове́товать,助言する,"答え：助言する
品詞：動詞
不完了体：сове́товать
完了体：посове́товать
出典候補：第66回
状態：校正用・未確認",russian2,動詞対,不完了体,完了体,校正用,yes,未確認,v03追加。出典回・アクセント・訳語を要確認。,no,,0.7,,,,,,
m0249,verb_pair,ограни́чивать — ограни́чить,ограничивать — ограничить,制限する,動詞,,,ограни́чивать,ограни́чить,ограничивать—ограничить,,68,文法II,動詞の体・時制選択,1,ограничивать — ограничить,2,verb,ru→ja / ja→ru候補,ограни́чивать — ограни́чить,制限する,"答え：制限する
品詞：動詞
不完了体：ограни́чивать
完了体：ограни́чить
出典候補：第68回
状態：校正用・未確認",russian2,動詞対,不完了体,完了体,校正用,yes,未確認,v03追加。出典回・アクセント・訳語を要確認。,no,,0.7,,,,,,
m0250,verb_pair,разреша́ть — разреши́ть,разрешать — разрешить,許可する／解決する,動詞,,,разреша́ть,разреши́ть,разрешать—разрешить,,70,文法II,動詞の体・時制選択,1,разрешать — разрешить,2,verb,ru→ja / ja→ru候補,разреша́ть — разреши́ть,許可する／解決する,"答え：許可する／解決する
品詞：動詞
不完了体：разреша́ть
完了体：разреши́ть
出典候補：第70回
状態：校正用・未確認",russian2,動詞対,不完了体,完了体,校正用,yes,未確認,v03追加。出典回・アクセント・訳語を要確認。,no,,0.7,,,,,,
m0251,verb_pair,запреща́ть — запрети́ть,запрещать — запретить,禁止する,動詞,,,запреща́ть,запрети́ть,запрещать—запретить,,72,文法II,動詞の体・時制選択,1,запрещать — запретить,2,verb,ru→ja / ja→ru候補,запреща́ть — запрети́ть,禁止する,"答え：禁止する
品詞：動詞
不完了体：запреща́ть
完了体：запрети́ть
出典候補：第72回
状態：校正用・未確認",russian2,動詞対,不完了体,完了体,校正用,yes,未確認,v03追加。出典回・アクセント・訳語を要確認。,no,,0.7,,,,,,
m0252,verb_pair,увели́чивать — увели́чить,увеличивать — увеличить,増やす,動詞,,,увели́чивать,увели́чить,увеличивать—увеличить,,74,文法II,動詞の体・時制選択,1,увеличивать — увеличить,2,verb,ru→ja / ja→ru候補,увели́чивать — увели́чить,増やす,"答え：増やす
品詞：動詞
不完了体：увели́чивать
完了体：увели́чить
出典候補：第74回
状態：校正用・未確認",russian2,動詞対,不完了体,完了体,校正用,yes,未確認,v03追加。出典回・アクセント・訳語を要確認。,no,,0.7,,,,,,
m0253,verb_pair,уменьша́ть — уме́ньшить,уменьшать — уменьшить,減らす,動詞,,,уменьша́ть,уме́ньшить,уменьшать—уменьшить,,76,文法II,動詞の体・時制選択,1,уменьшать — уменьшить,2,verb,ru→ja / ja→ru候補,уменьша́ть — уме́ньшить,減らす,"答え：減らす
品詞：動詞
不完了体：уменьша́ть
完了体：уме́ньшить
出典候補：第76回
状態：校正用・未確認",russian2,動詞対,不完了体,完了体,校正用,yes,未確認,v03追加。出典回・アクセント・訳語を要確認。,no,,0.7,,,,,,
m0254,verb_pair,снижа́ть — сни́зить,снижать — снизить,下げる／低下させる,動詞,,,снижа́ть,сни́зить,снижать—снизить,,78,文法II,動詞の体・時制選択,1,снижать — снизить,2,verb,ru→ja / ja→ru候補,снижа́ть — сни́зить,下げる／低下させる,"答え：下げる／低下させる
品詞：動詞
不完了体：снижа́ть
完了体：сни́зить
出典候補：第78回
状態：校正用・未確認",russian2,動詞対,不完了体,完了体,校正用,yes,未確認,v03追加。出典回・アクセント・訳語を要確認。,no,,0.7,,,,,,
m0255,verb_pair,повыша́ть — повы́сить,повышать — повысить,高める／上げる,動詞,,,повыша́ть,повы́сить,повышать—повысить,,82,文法II,動詞の体・時制選択,1,повышать — повысить,2,verb,ru→ja / ja→ru候補,повыша́ть — повы́сить,高める／上げる,"答え：高める／上げる
品詞：動詞
不完了体：повыша́ть
完了体：повы́сить
出典候補：第82回
状態：校正用・未確認",russian2,動詞対,不完了体,完了体,校正用,yes,未確認,v03追加。出典回・アクセント・訳語を要確認。,no,,0.7,,,,,,
m0256,verb_pair,улучша́ть — улу́чшить,улучшать — улучшить,改善する,動詞,,,улучша́ть,улу́чшить,улучшать—улучшить,,84,文法II,動詞の体・時制選択,1,улучшать — улучшить,2,verb,ru→ja / ja→ru候補,улучша́ть — улу́чшить,改善する,"答え：改善する
品詞：動詞
不完了体：улучша́ть
完了体：улу́чшить
出典候補：第84回
状態：校正用・未確認",russian2,動詞対,不完了体,完了体,校正用,yes,未確認,v03追加。出典回・アクセント・訳語を要確認。,no,,0.7,,,,,,
m0257,verb_pair,ухудша́ть — уху́дшить,ухудшать — ухудшить,悪化させる,動詞,,,ухудша́ть,уху́дшить,ухудшать—ухудшить,,86,文法II,動詞の体・時制選択,1,ухудшать — ухудшить,2,verb,ru→ja / ja→ru候補,ухудша́ть — уху́дшить,悪化させる,"答え：悪化させる
品詞：動詞
不完了体：ухудша́ть
完了体：уху́дшить
出典候補：第86回
状態：校正用・未確認",russian2,動詞対,不完了体,完了体,校正用,yes,未確認,v03追加。出典回・アクセント・訳語を要確認。,no,,0.7,,,,,,
m0258,verb_pair,меня́ть — поменя́ть,менять — поменять,変える,動詞,,,меня́ть,поменя́ть,менять—поменять,,60,文法II,動詞の体・時制選択,1,менять — поменять,2,verb,ru→ja / ja→ru候補,меня́ть — поменя́ть,変える,"答え：変える
品詞：動詞
不完了体：меня́ть
完了体：поменя́ть
出典候補：第60回
状態：校正用・未確認",russian2,動詞対,不完了体,完了体,校正用,yes,未確認,v03追加。出典回・アクセント・訳語を要確認。,no,,0.7,,,,,,
m0259,verb_pair,изменя́ть — измени́ть,изменять — изменить,変更する／変化させる,動詞,,,изменя́ть,измени́ть,изменять—изменить,,62,文法II,動詞の体・時制選択,1,изменять — изменить,2,verb,ru→ja / ja→ru候補,изменя́ть — измени́ть,変更する／変化させる,"答え：変更する／変化させる
品詞：動詞
不完了体：изменя́ть
完了体：измени́ть
出典候補：第62回
状態：校正用・未確認",russian2,動詞対,不完了体,完了体,校正用,yes,未確認,v03追加。出典回・アクセント・訳語を要確認。,no,,0.7,,,,,,
m0260,verb_pair,сравнива́ть — сравни́ть,сравнивать — сравнить,比較する,動詞,,,сравнива́ть,сравни́ть,сравнивать—сравнить,,64,文法II,動詞の体・時制選択,1,сравнивать — сравнить,2,verb,ru→ja / ja→ru候補,сравнива́ть — сравни́ть,比較する,"答え：比較する
品詞：動詞
不完了体：сравнива́ть
完了体：сравни́ть
出典候補：第64回
状態：校正用・未確認",russian2,動詞対,不完了体,完了体,校正用,yes,未確認,v03追加。出典回・アクセント・訳語を要確認。,no,,0.7,,,,,,
m0261,verb_pair,оценива́ть — оцени́ть,оценивать — оценить,評価する,動詞,,,оценива́ть,оцени́ть,оценивать—оценить,,66,文法II,動詞の体・時制選択,1,оценивать — оценить,2,verb,ru→ja / ja→ru候補,оценива́ть — оцени́ть,評価する,"答え：評価する
品詞：動詞
不完了体：оценива́ть
完了体：оцени́ть
出典候補：第66回
状態：校正用・未確認",russian2,動詞対,不完了体,完了体,校正用,yes,未確認,v03追加。出典回・アクセント・訳語を要確認。,no,,0.7,,,,,,
m0262,verb_pair,выбира́ть — вы́брать,выбирать — выбрать,選ぶ,動詞,,,выбира́ть,вы́брать,выбирать—выбрать,,68,文法II,動詞の体・時制選択,1,выбирать — выбрать,2,verb,ru→ja / ja→ru候補,выбира́ть — вы́брать,選ぶ,"答え：選ぶ
品詞：動詞
不完了体：выбира́ть
完了体：вы́брать
出典候補：第68回
状態：校正用・未確認",russian2,動詞対,不完了体,完了体,校正用,yes,未確認,v03追加。出典回・アクセント・訳語を要確認。,no,,0.7,,,,,,
m0263,verb_pair,реша́ть — реши́ть,решать — решить,解く／決める,動詞,,,реша́ть,реши́ть,решать—решить,,70,文法II,動詞の体・時制選択,1,решать — решить,2,verb,ru→ja / ja→ru候補,реша́ть — реши́ть,解く／決める,"答え：解く／決める
品詞：動詞
不完了体：реша́ть
完了体：реши́ть
出典候補：第70回
状態：校正用・未確認",russian2,動詞対,不完了体,完了体,校正用,yes,未確認,v03追加。出典回・アクセント・訳語を要確認。,no,,0.7,,,,,,
m0264,verb_pair,получа́ть — получи́ть,получать — получить,受け取る／得る,動詞,,,получа́ть,получи́ть,получать—получить,,72,文法II,動詞の体・時制選択,1,получать — получить,2,verb,ru→ja / ja→ru候補,получа́ть — получи́ть,受け取る／得る,"答え：受け取る／得る
品詞：動詞
不完了体：получа́ть
完了体：получи́ть
出典候補：第72回
状態：校正用・未確認",russian2,動詞対,不完了体,完了体,校正用,yes,未確認,v03追加。出典回・アクセント・訳語を要確認。,no,,0.7,,,,,,
m0265,verb_pair,передава́ть — переда́ть,передавать — передать,渡す／伝える,動詞,,,передава́ть,переда́ть,передавать—передать,,74,文法II,動詞の体・時制選択,1,передавать — передать,2,verb,ru→ja / ja→ru候補,передава́ть — переда́ть,渡す／伝える,"答え：渡す／伝える
品詞：動詞
不完了体：передава́ть
完了体：переда́ть
出典候補：第74回
状態：校正用・未確認",russian2,動詞対,不完了体,完了体,校正用,yes,未確認,v03追加。出典回・アクセント・訳語を要確認。,no,,0.7,,,,,,
m0266,verb_pair,отправля́ть — отпра́вить,отправлять — отправить,送る,動詞,,,отправля́ть,отпра́вить,отправлять—отправить,,76,文法II,動詞の体・時制選択,1,отправлять — отправить,2,verb,ru→ja / ja→ru候補,отправля́ть — отпра́вить,送る,"答え：送る
品詞：動詞
不完了体：отправля́ть
完了体：отпра́вить
出典候補：第76回
状態：校正用・未確認",russian2,動詞対,不完了体,完了体,校正用,yes,未確認,v03追加。出典回・アクセント・訳語を要確認。,no,,0.7,,,,,,
m0267,verb_pair,посыла́ть — посла́ть,посылать — послать,送る,動詞,,,посыла́ть,посла́ть,посылать—послать,,78,文法II,動詞の体・時制選択,1,посылать — послать,2,verb,ru→ja / ja→ru候補,посыла́ть — посла́ть,送る,"答え：送る
品詞：動詞
不完了体：посыла́ть
完了体：посла́ть
出典候補：第78回
状態：校正用・未確認",russian2,動詞対,不完了体,完了体,校正用,yes,未確認,v03追加。出典回・アクセント・訳語を要確認。,no,,0.7,,,,,,
m0268,verb_pair,приглаша́ть — пригласи́ть,приглашать — пригласить,招待する,動詞,,,приглаша́ть,пригласи́ть,приглашать—пригласить,,84,文法II,動詞の体・時制選択,1,приглашать — пригласить,2,verb,ru→ja / ja→ru候補,приглаша́ть — пригласи́ть,招待する,"答え：招待する
品詞：動詞
不完了体：приглаша́ть
完了体：пригласи́ть
出典候補：第84回
状態：校正用・未確認",russian2,動詞対,不完了体,完了体,校正用,yes,未確認,v03追加。出典回・アクセント・訳語を要確認。,no,,0.7,,,,,,
m0269,verb_pair,отвеча́ть — отве́тить,отвечать — ответить,答える,動詞,,,отвеча́ть,отве́тить,отвечать—ответить,,86,文法II,動詞の体・時制選択,1,отвечать — ответить,2,verb,ru→ja / ja→ru候補,отвеча́ть — отве́тить,答える,"答え：答える
品詞：動詞
不完了体：отвеча́ть
完了体：отве́тить
出典候補：第86回
状態：校正用・未確認",russian2,動詞対,不完了体,完了体,校正用,yes,未確認,v03追加。出典回・アクセント・訳語を要確認。,no,,0.7,,,,,,
m0270,verb_pair,сообща́ть — сообщи́ть,сообщать — сообщить,知らせる,動詞,,,сообща́ть,сообщи́ть,сообщать—сообщить,,62,文法II,動詞の体・時制選択,1,сообщать — сообщить,2,verb,ru→ja / ja→ru候補,сообща́ть — сообщи́ть,知らせる,"答え：知らせる
品詞：動詞
不完了体：сообща́ть
完了体：сообщи́ть
出典候補：第62回
状態：校正用・未確認",russian2,動詞対,不完了体,完了体,校正用,yes,未確認,v03追加。出典回・アクセント・訳語を要確認。,no,,0.7,,,,,,
m0271,verb_pair,переводи́ть — перевести́,переводить — перевести,翻訳する／移す,動詞,,,переводи́ть,перевести́,переводить—перевести,,72,文法II,動詞の体・時制選択,1,переводить — перевести,2,verb,ru→ja / ja→ru候補,переводи́ть — перевести́,翻訳する／移す,"答え：翻訳する／移す
品詞：動詞
不完了体：переводи́ть
完了体：перевести́
出典候補：第72回
状態：校正用・未確認",russian2,動詞対,不完了体,完了体,校正用,yes,未確認,v03追加。出典回・アクセント・訳語を要確認。,no,,0.7,,,,,,
m0272,verb_pair,учи́ть — вы́учить,учить — выучить,学ぶ／覚える,動詞,,,учи́ть,вы́учить,учить—выучить,,74,文法II,動詞の体・時制選択,1,учить — выучить,2,verb,ru→ja / ja→ru候補,учи́ть — вы́учить,学ぶ／覚える,"答え：学ぶ／覚える
品詞：動詞
不完了体：учи́ть
完了体：вы́учить
出典候補：第74回
状態：校正用・未確認",russian2,動詞対,不完了体,完了体,校正用,yes,未確認,v03追加。出典回・アクセント・訳語を要確認。,no,,0.7,,,,,,
m0273,verb_pair,занима́ться — заня́ться,заниматься — заняться,従事する／勉強する,動詞,,,занима́ться,заня́ться,заниматься—заняться,,76,文法II,動詞の体・時制選択,1,заниматься — заняться,2,verb,ru→ja / ja→ru候補,занима́ться — заня́ться,従事する／勉強する,"答え：従事する／勉強する
品詞：動詞
不完了体：занима́ться
完了体：заня́ться
出典候補：第76回
状態：校正用・未確認",russian2,動詞対,不完了体,完了体,校正用,yes,未確認,v03追加。出典回・アクセント・訳語を要確認。,no,,0.7,,,,,,
m0274,verb_pair,тренирова́ться — потренирова́ться,тренироваться — потренироваться,練習する,動詞,,,тренирова́ться,потренирова́ться,тренироваться—потренироваться,,78,文法II,動詞の体・時制選択,1,тренироваться — потренироваться,2,verb,ru→ja / ja→ru候補,тренирова́ться — потренирова́ться,練習する,"答え：練習する
品詞：動詞
不完了体：тренирова́ться
完了体：потренирова́ться
出典候補：第78回
状態：校正用・未確認",russian2,動詞対,不完了体,完了体,校正用,yes,未確認,v03追加。出典回・アクセント・訳語を要確認。,no,,0.7,,,,,,
m0275,verb_pair,поступа́ть — поступить,поступать — поступить,入学する／入る,動詞,,,поступа́ть,поступить,поступать—поступить,,84,文法II,動詞の体・時制選択,1,поступать — поступить,2,verb,ru→ja / ja→ru候補,поступа́ть — поступить,入学する／入る,"答え：入学する／入る
品詞：動詞
不完了体：поступа́ть
完了体：поступить
出典候補：第84回
状態：校正用・未確認",russian2,動詞対,不完了体,完了体,校正用,yes,未確認,v03追加。出典回・アクセント・訳語を要確認。,no,,0.7,,,,,,
m0276,verb_pair,прово́дить — провести́,проводить — провести,過ごす／実施する,動詞,,,прово́дить,провести́,проводить—провести,,60,文法II,動詞の体・時制選択,1,проводить — провести,2,verb,ru→ja / ja→ru候補,прово́дить — провести́,過ごす／実施する,"答え：過ごす／実施する
品詞：動詞
不完了体：прово́дить
完了体：провести́
出典候補：第60回
状態：校正用・未確認",russian2,動詞対,不完了体,完了体,校正用,yes,未確認,v03追加。出典回・アクセント・訳語を要確認。,no,,0.7,,,,,,
m0277,verb_pair,провожа́ть — проводи́ть,провожать — проводить,見送る,動詞,,,провожа́ть,проводи́ть,провожать—проводить,,64,文法II,動詞の体・時制選択,1,провожать — проводить,2,verb,ru→ja / ja→ru候補,провожа́ть — проводи́ть,見送る,"答え：見送る
品詞：動詞
不完了体：провожа́ть
完了体：проводи́ть
出典候補：第64回
状態：校正用・未確認",russian2,動詞対,不完了体,完了体,校正用,yes,未確認,v03追加。出典回・アクセント・訳語を要確認。,no,,0.7,,,,,,
m0278,verb_pair,переезжа́ть — пере́ехать,переезжать — переехать,引っ越す／渡る,動詞,,,переезжа́ть,пере́ехать,переезжать—переехать,,74,文法II,動詞の体・時制選択,1,переезжать — переехать,2,verb,ru→ja / ja→ru候補,переезжа́ть — пере́ехать,引っ越す／渡る,"答え：引っ越す／渡る
品詞：動詞
不完了体：переезжа́ть
完了体：пере́ехать
出典候補：第74回
状態：校正用・未確認",russian2,動詞対,不完了体,完了体,校正用,yes,未確認,v03追加。出典回・アクセント・訳語を要確認。,no,,0.7,,,,,,
m0279,verb_pair,поднима́ться — подня́ться,подниматься — подняться,上がる／登る,動詞,,,поднима́ться,подня́ться,подниматься—подняться,,76,文法II,動詞の体・時制選択,1,подниматься — подняться,2,verb,ru→ja / ja→ru候補,поднима́ться — подня́ться,上がる／登る,"答え：上がる／登る
品詞：動詞
不完了体：поднима́ться
完了体：подня́ться
出典候補：第76回
状態：校正用・未確認",russian2,動詞対,不完了体,完了体,校正用,yes,未確認,v03追加。出典回・アクセント・訳語を要確認。,no,,0.7,,,,,,
m0280,verb_pair,опуска́ться — опусти́ться,опускаться — опуститься,下がる／降りる,動詞,,,опуска́ться,опусти́ться,опускаться—опуститься,,78,文法II,動詞の体・時制選択,1,опускаться — опуститься,2,verb,ru→ja / ja→ru候補,опуска́ться — опусти́ться,下がる／降りる,"答え：下がる／降りる
品詞：動詞
不完了体：опуска́ться
完了体：опусти́ться
出典候補：第78回
状態：校正用・未確認",russian2,動詞対,不完了体,完了体,校正用,yes,未確認,v03追加。出典回・アクセント・訳語を要確認。,no,,0.7,,,,,,
m0281,verb_pair,умыва́ться — умы́ться,умываться — умыться,顔を洗う,動詞,,,умыва́ться,умы́ться,умываться—умыться,,60,文法II,動詞の体・時制選択,1,умываться — умыться,2,verb,ru→ja / ja→ru候補,умыва́ться — умы́ться,顔を洗う,"答え：顔を洗う
品詞：動詞
不完了体：умыва́ться
完了体：умы́ться
出典候補：第60回
状態：校正用・未確認",russian2,動詞対,不完了体,完了体,校正用,yes,未確認,v03追加。出典回・アクセント・訳語を要確認。,no,,0.7,,,,,,
m0282,verb_pair,путеше́ствовать — попутеше́ствовать,путешествовать — попутешествовать,旅行する,動詞,,,путеше́ствовать,попутеше́ствовать,путешествовать—попутешествовать,,70,文法II,動詞の体・時制選択,1,путешествовать — попутешествовать,2,verb,ru→ja / ja→ru候補,путеше́ствовать — попутеше́ствовать,旅行する,"答え：旅行する
品詞：動詞
不完了体：путеше́ствовать
完了体：попутеше́ствовать
出典候補：第70回
状態：校正用・未確認",russian2,動詞対,不完了体,完了体,校正用,yes,未確認,v03追加。出典回・アクセント・訳語を要確認。,no,,0.7,,,,,,
m0283,verb_pair,фотографи́ровать — сфотографи́ровать,фотографировать — сфотографировать,写真を撮る,動詞,,,фотографи́ровать,сфотографи́ровать,фотографировать—сфотографировать,,72,文法II,動詞の体・時制選択,1,фотографировать — сфотографировать,2,verb,ru→ja / ja→ru候補,фотографи́ровать — сфотографи́ровать,写真を撮る,"答え：写真を撮る
品詞：動詞
不完了体：фотографи́ровать
完了体：сфотографи́ровать
出典候補：第72回
状態：校正用・未確認",russian2,動詞対,不完了体,完了体,校正用,yes,未確認,v03追加。出典回・アクセント・訳語を要確認。,no,,0.7,,,,,,
m0284,verb_pair,пла́вать — попла́вать,плавать — поплавать,泳ぐ,動詞,,,пла́вать,попла́вать,плавать—поплавать,,74,文法II,動詞の体・時制選択,1,плавать — поплавать,2,verb,ru→ja / ja→ru候補,пла́вать — попла́вать,泳ぐ,"答え：泳ぐ
品詞：動詞
不完了体：пла́вать
完了体：попла́вать
出典候補：第74回
状態：校正用・未確認",russian2,動詞対,不完了体,完了体,校正用,yes,未確認,v03追加。出典回・アクセント・訳語を要確認。,no,,0.7,,,,,,
m0285,verb_pair,гуля́ть — погуля́ть,гулять — погулять,散歩する,動詞,,,гуля́ть,погуля́ть,гулять—погулять,,76,文法II,動詞の体・時制選択,1,гулять — погулять,2,verb,ru→ja / ja→ru候補,гуля́ть — погуля́ть,散歩する,"答え：散歩する
品詞：動詞
不完了体：гуля́ть
完了体：погуля́ть
出典候補：第76回
状態：校正用・未確認",russian2,動詞対,不完了体,完了体,校正用,yes,未確認,v03追加。出典回・アクセント・訳語を要確認。,no,,0.7,,,,,,
m0286,verb_pair,наблюда́ть — понаблюда́ть,наблюдать — понаблюдать,観察する,動詞,,,наблюда́ть,понаблюда́ть,наблюдать—понаблюдать,,78,文法II,動詞の体・時制選択,1,наблюдать — понаблюдать,2,verb,ru→ja / ja→ru候補,наблюда́ть — понаблюда́ть,観察する,"答え：観察する
品詞：動詞
不完了体：наблюда́ть
完了体：понаблюда́ть
出典候補：第78回
状態：校正用・未確認",russian2,動詞対,不完了体,完了体,校正用,yes,未確認,v03追加。出典回・アクセント・訳語を要確認。,no,,0.7,,,,,,
m0287,verb_pair,влия́ть — повлия́ть,влиять — повлиять,影響する,動詞,,,влия́ть,повлия́ть,влиять—повлиять,,82,文法II,動詞の体・時制選択,1,влиять — повлиять,2,verb,ru→ja / ja→ru候補,влия́ть — повлия́ть,影響する,"答え：影響する
品詞：動詞
不完了体：влия́ть
完了体：повлия́ть
出典候補：第82回
状態：校正用・未確認",russian2,動詞対,不完了体,完了体,校正用,yes,未確認,v03追加。出典回・アクセント・訳語を要確認。,no,,0.7,,,,,,
m0288,verb_pair,защища́ть — защити́ть,защищать — защитить,守る／保護する,動詞,,,защища́ть,защити́ть,защищать—защитить,,84,文法II,動詞の体・時制選択,1,защищать — защитить,2,verb,ru→ja / ja→ru候補,защища́ть — защити́ть,守る／保護する,"答え：守る／保護する
品詞：動詞
不完了体：защища́ть
完了体：защити́ть
出典候補：第84回
状態：校正用・未確認",russian2,動詞対,不完了体,完了体,校正用,yes,未確認,v03追加。出典回・アクセント・訳語を要確認。,no,,0.7,,,,,,
m0289,verb_pair,развива́ть — разви́ть,развивать — развить,発展させる,動詞,,,развива́ть,разви́ть,развивать—развить,,86,文法II,動詞の体・時制選択,1,развивать — развить,2,verb,ru→ja / ja→ru候補,развива́ть — разви́ть,発展させる,"答え：発展させる
品詞：動詞
不完了体：развива́ть
完了体：разви́ть
出典候補：第86回
状態：校正用・未確認",russian2,動詞対,不完了体,完了体,校正用,yes,未確認,v03追加。出典回・アクセント・訳語を要確認。,no,,0.7,,,,,,
m0290,verb_pair,испо́льзовать — испо́льзовать,использовать — использовать,使用する,動詞,,,испо́льзовать,испо́льзовать,использовать—использовать,,60,文法II,動詞の体・時制選択,1,использовать — использовать,2,verb,ru→ja / ja→ru候補,испо́льзовать — испо́льзовать,使用する,"答え：使用する
品詞：動詞
不完了体：испо́льзовать
完了体：испо́льзовать
出典候補：第60回
状態：校正用・未確認",russian2,動詞対,不完了体,完了体,校正用,yes,未確認,v03追加。出典回・アクセント・訳語を要確認。,no,,0.7,,,,,,
m0291,verb_pair,пользова́ться — воспо́льзоваться,пользоваться — воспользоваться,利用する,動詞,,,пользова́ться,воспо́льзоваться,пользоваться—воспользоваться,,62,文法II,動詞の体・時制選択,1,пользоваться — воспользоваться,2,verb,ru→ja / ja→ru候補,пользова́ться — воспо́льзоваться,利用する,"答え：利用する
品詞：動詞
不完了体：пользова́ться
完了体：воспо́льзоваться
出典候補：第62回
状態：校正用・未確認",russian2,動詞対,不完了体,完了体,校正用,yes,未確認,v03追加。出典回・アクセント・訳語を要確認。,no,,0.7,,,,,,
m0292,verb_pair,создава́ть — созда́ть,создавать — создать,作る／創造する,動詞,,,создава́ть,созда́ть,создавать—создать,,64,文法II,動詞の体・時制選択,1,создавать — создать,2,verb,ru→ja / ja→ru候補,создава́ть — созда́ть,作る／創造する,"答え：作る／創造する
品詞：動詞
不完了体：создава́ть
完了体：созда́ть
出典候補：第64回
状態：校正用・未確認",russian2,動詞対,不完了体,完了体,校正用,yes,未確認,v03追加。出典回・アクセント・訳語を要確認。,no,,0.7,,,,,,
m0293,verb_pair,стро́ить — постро́ить,строить — построить,建てる／構築する,動詞,,,стро́ить,постро́ить,строить—построить,,66,文法II,動詞の体・時制選択,1,строить — построить,2,verb,ru→ja / ja→ru候補,стро́ить — постро́ить,建てる／構築する,"答え：建てる／構築する
品詞：動詞
不完了体：стро́ить
完了体：постро́ить
出典候補：第66回
状態：校正用・未確認",russian2,動詞対,不完了体,完了体,校正用,yes,未確認,v03追加。出典回・アクセント・訳語を要確認。,no,,0.7,,,,,,
m0294,verb_pair,расти́ — вы́расти,расти — вырасти,成長する／増える,動詞,,,расти́,вы́расти,расти—вырасти,,68,文法II,動詞の体・時制選択,1,расти — вырасти,2,verb,ru→ja / ja→ru候補,расти́ — вы́расти,成長する／増える,"答え：成長する／増える
品詞：動詞
不完了体：расти́
完了体：вы́расти
出典候補：第68回
状態：校正用・未確認",russian2,動詞対,不完了体,完了体,校正用,yes,未確認,v03追加。出典回・アクセント・訳語を要確認。,no,,0.7,,,,,,
m0295,verb_pair,страда́ть — пострада́ть,страдать — пострадать,苦しむ／被害を受ける,動詞,,,страда́ть,пострада́ть,страдать—пострадать,,72,文法II,動詞の体・時制選択,1,страдать — пострадать,2,verb,ru→ja / ja→ru候補,страда́ть — пострада́ть,苦しむ／被害を受ける,"答え：苦しむ／被害を受ける
品詞：動詞
不完了体：страда́ть
完了体：пострада́ть
出典候補：第72回
状態：校正用・未確認",russian2,動詞対,不完了体,完了体,校正用,yes,未確認,v03追加。出典回・アクセント・訳語を要確認。,no,,0.7,,,,,,
m0296,verb_pair,интересова́ться — заинтересова́ться,интересоваться — заинтересоваться,興味を持つ,動詞,,,интересова́ться,заинтересова́ться,интересоваться—заинтересоваться,,74,文法II,動詞の体・時制選択,1,интересоваться — заинтересоваться,2,verb,ru→ja / ja→ru候補,интересова́ться — заинтересова́ться,興味を持つ,"答え：興味を持つ
品詞：動詞
不完了体：интересова́ться
完了体：заинтересова́ться
出典候補：第74回
状態：校正用・未確認",russian2,動詞対,不完了体,完了体,校正用,yes,未確認,v03追加。出典回・アクセント・訳語を要確認。,no,,0.7,,,,,,
m0297,verb_pair,улыба́ться — улыбну́ться,улыбаться — улыбнуться,微笑む,動詞,,,улыба́ться,улыбну́ться,улыбаться—улыбнуться,,78,文法II,動詞の体・時制選択,1,улыбаться — улыбнуться,2,verb,ru→ja / ja→ru候補,улыба́ться — улыбну́ться,微笑む,"答え：微笑む
品詞：動詞
不完了体：улыба́ться
完了体：улыбну́ться
出典候補：第78回
状態：校正用・未確認",russian2,動詞対,不完了体,完了体,校正用,yes,未確認,v03追加。出典回・アクセント・訳語を要確認。,no,,0.7,,,,,,
m0298,verb_pair,пла́кать — запла́кать,плакать — заплакать,泣く,動詞,,,пла́кать,запла́кать,плакать—заплакать,,82,文法II,動詞の体・時制選択,1,плакать — заплакать,2,verb,ru→ja / ja→ru候補,пла́кать — запла́кать,泣く,"答え：泣く
品詞：動詞
不完了体：пла́кать
完了体：запла́кать
出典候補：第82回
状態：校正用・未確認",russian2,動詞対,不完了体,完了体,校正用,yes,未確認,v03追加。出典回・アクセント・訳語を要確認。,no,,0.7,,,,,,
m0299,verb_pair,смея́ться — засмея́ться,смеяться — засмеяться,笑う,動詞,,,смея́ться,засмея́ться,смеяться—засмеяться,,84,文法II,動詞の体・時制選択,1,смеяться — засмеяться,2,verb,ru→ja / ja→ru候補,смея́ться — засмея́ться,笑う,"答え：笑う
品詞：動詞
不完了体：смея́ться
完了体：засмея́ться
出典候補：第84回
状態：校正用・未確認",russian2,動詞対,不完了体,完了体,校正用,yes,未確認,v03追加。出典回・アクセント・訳語を要確認。,no,,0.7,,,,,,
m0300,verb_pair,мечта́ть — помечта́ть,мечтать — помечтать,夢見る,動詞,,,мечта́ть,помечта́ть,мечтать—помечтать,,86,文法II,動詞の体・時制選択,1,мечтать — помечтать,2,verb,ru→ja / ja→ru候補,мечта́ть — помечта́ть,夢見る,"答え：夢見る
品詞：動詞
不完了体：мечта́ть
完了体：помечта́ть
出典候補：第86回
状態：校正用・未確認",russian2,動詞対,不完了体,完了体,校正用,yes,未確認,v03追加。出典回・アクセント・訳語を要確認。,no,,0.7,,,,,,
m0301,verb_pair,наде́яться — понаде́яться,надеяться — понадеяться,期待する／望む,動詞,,,наде́яться,понаде́яться,надеяться—понадеяться,,60,文法II,動詞の体・時制選択,1,надеяться — понадеяться,2,verb,ru→ja / ja→ru候補,наде́яться — понаде́яться,期待する／望む,"答え：期待する／望む
品詞：動詞
不完了体：наде́яться
完了体：понаде́яться
出典候補：第60回
状態：校正用・未確認",russian2,動詞対,不完了体,完了体,校正用,yes,未確認,v03追加。出典回・アクセント・訳語を要確認。,no,,0.7,,,,,,
m0302,verb_pair,понима́ть — поня́ть,понимать — понять,理解する,動詞,,,понима́ть,поня́ть,понимать—понять,,62,文法II,動詞の体・時制選択,1,понимать — понять,2,verb,ru→ja / ja→ru候補,понима́ть — поня́ть,理解する,"答え：理解する
品詞：動詞
不完了体：понима́ть
完了体：поня́ть
出典候補：第62回
状態：校正用・未確認",russian2,動詞対,不完了体,完了体,校正用,yes,未確認,v03追加。出典回・アクセント・訳語を要確認。,no,,0.7,,,,,,
m0303,verb_pair,ду́мать — подумать,думать — подумать,考える,動詞,,,ду́мать,подумать,думать—подумать,,64,文法II,動詞の体・時制選択,1,думать — подумать,2,verb,ru→ja / ja→ru候補,ду́мать — подумать,考える,"答え：考える
品詞：動詞
不完了体：ду́мать
完了体：подумать
出典候補：第64回
状態：校正用・未確認",russian2,動詞対,不完了体,完了体,校正用,yes,未確認,v03追加。出典回・アクセント・訳語を要確認。,no,,0.7,,,,,,
m0304,verb_pair,реша́ться — реши́ться,решаться — решиться,決心する,動詞,,,реша́ться,реши́ться,решаться—решиться,,66,文法II,動詞の体・時制選択,1,решаться — решиться,2,verb,ru→ja / ja→ru候補,реша́ться — реши́ться,決心する,"答え：決心する
品詞：動詞
不完了体：реша́ться
完了体：реши́ться
出典候補：第66回
状態：校正用・未確認",russian2,動詞対,不完了体,完了体,校正用,yes,未確認,v03追加。出典回・アクセント・訳語を要確認。,no,,0.7,,,,,,
m0305,verb_pair,обраща́ться — обрати́ться,обращаться — обратиться, обращать/обратиться：頼る／呼びかける,動詞,,,обраща́ться,обрати́ться,обращаться—обратиться,,68,文法II,動詞の体・時制選択,1,обращаться — обратиться,2,verb,ru→ja / ja→ru候補,обраща́ться — обрати́ться, обращать/обратиться：頼る／呼びかける,"答え： обращать/обратиться：頼る／呼びかける
品詞：動詞
不完了体：обраща́ться
完了体：обрати́ться
出典候補：第68回
状態：校正用・未確認",russian2,動詞対,不完了体,完了体,校正用,yes,未確認,v03追加。出典回・アクセント・訳語を要確認。,no,,0.7,,,,,,
m0306,vocab,свет,свет,光,名詞,男性,,,,,,78,文法I/露文和訳/聴取,過去問本文・テーマ語彙,1,свет,2,noun,ru→ja / ja→ru候補,свет,光,"答え：光
品詞：名詞
性：男性
出典候補：第78回
状態：校正用・未確認",russian2,名詞,校正用,yes,未確認,v03追加。出典回・アクセント・訳語を要確認。,no,,0.7,,,,,,,,
m0307,vocab,глаз,глаз,目,名詞,男性,,,,,,82,文法I/露文和訳/聴取,過去問本文・テーマ語彙,1,глаз,2,noun,ru→ja / ja→ru候補,глаз,目,"答え：目
品詞：名詞
性：男性
出典候補：第82回
状態：校正用・未確認",russian2,名詞,校正用,yes,未確認,v03追加。出典回・アクセント・訳語を要確認。,no,,0.7,,,,,,,,
m0308,vocab,цвет,цвет,色,名詞,男性,,,,,,84,文法I/露文和訳/聴取,過去問本文・テーマ語彙,1,цвет,2,noun,ru→ja / ja→ru候補,цвет,色,"答え：色
品詞：名詞
性：男性
出典候補：第84回
状態：校正用・未確認",russian2,名詞,校正用,yes,未確認,v03追加。出典回・アクセント・訳語を要確認。,no,,0.7,,,,,,,,
m0309,vocab,о́блако,облако,雲,名詞,中性,,,,,,60,文法I/露文和訳/聴取,過去問本文・テーマ語彙,1,облако,2,noun,ru→ja / ja→ru候補,о́блако,雲,"答え：雲
品詞：名詞
性：中性
出典候補：第60回
状態：校正用・未確認",russian2,名詞,校正用,yes,未確認,v03追加。出典回・アクセント・訳語を要確認。,no,,0.7,,,,,,,,
m0310,vocab,дождь,дождь,雨,名詞,男性,,,,,,72,文法I/露文和訳/聴取,過去問本文・テーマ語彙,1,дождь,2,noun,ru→ja / ja→ru候補,дождь,雨,"答え：雨
品詞：名詞
性：男性
出典候補：第72回
状態：校正用・未確認",russian2,名詞,校正用,yes,未確認,v03追加。出典回・アクセント・訳語を要確認。,no,,0.7,,,,,,,,
m0311,vocab,ве́тер,ветер,風,名詞,男性,,,,,,74,文法I/露文和訳/聴取,過去問本文・テーマ語彙,1,ветер,2,noun,ru→ja / ja→ru候補,ве́тер,風,"答え：風
品詞：名詞
性：男性
出典候補：第74回
状態：校正用・未確認",russian2,名詞,校正用,yes,未確認,v03追加。出典回・アクセント・訳語を要確認。,no,,0.7,,,,,,,,
m0312,vocab,бедствие,бедствие,災害,名詞,中性,,,,,,82,文法I/露文和訳/聴取,過去問本文・テーマ語彙,1,бедствие,2,noun,ru→ja / ja→ru候補,бедствие,災害,"答え：災害
品詞：名詞
性：中性
出典候補：第82回
状態：校正用・未確認",russian2,名詞,校正用,yes,未確認,v03追加。出典回・アクセント・訳語を要確認。,no,,0.7,,,,,,,,
m0313,vocab,прогно́з,прогноз,予報,名詞,男性,,,,,,62,文法I/露文和訳/聴取,過去問本文・テーマ語彙,1,прогноз,2,noun,ru→ja / ja→ru候補,прогно́з,予報,"答え：予報
品詞：名詞
性：男性
出典候補：第62回
状態：校正用・未確認",russian2,名詞,校正用,yes,未確認,v03追加。出典回・アクセント・訳語を要確認。,no,,0.7,,,,,,,,
m0314,vocab,форма,форма,形式,名詞,女性,,,,,,68,文法I/露文和訳/聴取,過去問本文・テーマ語彙,1,форма,2,noun,ru→ja / ja→ru候補,форма,形式,"答え：形式
品詞：名詞
性：女性
出典候補：第68回
状態：校正用・未確認",russian2,名詞,校正用,yes,未確認,v03追加。出典回・アクセント・訳語を要確認。,no,,0.7,,,,,,,,
m0315,vocab,запи́ска,записка,メモ,名詞,女性,,,,,,70,文法I/露文和訳/聴取,過去問本文・テーマ語彙,1,записка,2,noun,ru→ja / ja→ru候補,запи́ска,メモ,"答え：メモ
品詞：名詞
性：女性
出典候補：第70回
状態：校正用・未確認",russian2,名詞,校正用,yes,未確認,v03追加。出典回・アクセント・訳語を要確認。,no,,0.7,,,,,,,,
m0316,vocab,обще́ние,общение,交流／コミュニケーション,名詞,中性,,,,,,74,文法I/露文和訳/聴取,過去問本文・テーマ語彙,1,общение,2,noun,ru→ja / ja→ru候補,обще́ние,交流／コミュニケーション,"答え：交流／コミュニケーション
品詞：名詞
性：中性
出典候補：第74回
状態：校正用・未確認",russian2,名詞,校正用,yes,未確認,v03追加。出典回・アクセント・訳語を要確認。,no,,0.7,,,,,,,,
m0317,vocab,семья́,семья,家族,名詞,女性,,,,,,76,文法I/露文和訳/聴取,過去問本文・テーマ語彙,1,семья,2,noun,ru→ja / ja→ru候補,семья́,家族,"答え：家族
品詞：名詞
性：女性
出典候補：第76回
状態：校正用・未確認",russian2,名詞,校正用,yes,未確認,v03追加。出典回・アクセント・訳語を要確認。,no,,0.7,,,,,,,,
m0318,vocab,ребёнок,ребенок,子ども,名詞,男性,,,,,,82,文法I/露文和訳/聴取,過去問本文・テーマ語彙,1,ребенок,2,noun,ru→ja / ja→ru候補,ребёнок,子ども,"答え：子ども
品詞：名詞
性：男性
出典候補：第82回
状態：校正用・未確認",russian2,名詞,校正用,yes,未確認,v03追加。出典回・アクセント・訳語を要確認。,no,,0.7,,,,,,,,
m0319,vocab,море,море,海,名詞,中性,,,,,,70,文法I/露文和訳/聴取,過去問本文・テーマ語彙,1,море,2,noun,ru→ja / ja→ru候補,море,海,"答え：海
品詞：名詞
性：中性
出典候補：第70回
状態：校正用・未確認",russian2,名詞,校正用,yes,未確認,v03追加。出典回・アクセント・訳語を要確認。,no,,0.7,,,,,,,,
m0320,vocab,берег,берег,岸,名詞,男性,,,,,,74,文法I/露文和訳/聴取,過去問本文・テーマ語彙,1,берег,2,noun,ru→ja / ja→ru候補,берег,岸,"答え：岸
品詞：名詞
性：男性
出典候補：第74回
状態：校正用・未確認",russian2,名詞,校正用,yes,未確認,v03追加。出典回・アクセント・訳語を要確認。,no,,0.7,,,,,,,,
m0321,vocab,гора́,гора,山,名詞,女性,,,,,,76,文法I/露文和訳/聴取,過去問本文・テーマ語彙,1,гора,2,noun,ru→ja / ja→ru候補,гора́,山,"答え：山
品詞：名詞
性：女性
出典候補：第76回
状態：校正用・未確認",russian2,名詞,校正用,yes,未確認,v03追加。出典回・アクセント・訳語を要確認。,no,,0.7,,,,,,,,
m0322,vocab,верши́на,вершина,頂上,名詞,女性,,,,,,78,文法I/露文和訳/聴取,過去問本文・テーマ語彙,1,вершина,2,noun,ru→ja / ja→ru候補,верши́на,頂上,"答え：頂上
品詞：名詞
性：女性
出典候補：第78回
状態：校正用・未確認",russian2,名詞,校正用,yes,未確認,v03追加。出典回・アクセント・訳語を要確認。,no,,0.7,,,,,,,,
m0323,vocab,тури́зм,туризм,観光,名詞,男性,,,,,,86,文法I/露文和訳/聴取,過去問本文・テーマ語彙,1,туризм,2,noun,ru→ja / ja→ru候補,тури́зм,観光,"答え：観光
品詞：名詞
性：男性
出典候補：第86回
状態：校正用・未確認",russian2,名詞,校正用,yes,未確認,v03追加。出典回・アクセント・訳語を要確認。,no,,0.7,,,,,,,,
m0324,vocab,расстоя́ние,расстояние,距離,名詞,中性,,,,,,66,文法I/露文和訳/聴取,過去問本文・テーマ語彙,1,расстояние,2,noun,ru→ja / ja→ru候補,расстоя́ние,距離,"答え：距離
品詞：名詞
性：中性
出典候補：第66回
状態：校正用・未確認",russian2,名詞,校正用,yes,未確認,v03追加。出典回・アクセント・訳語を要確認。,no,,0.7,,,,,,,,
m0325,vocab,высота́,высота,高さ,名詞,女性,,,,,,68,文法I/露文和訳/聴取,過去問本文・テーマ語彙,1,высота,2,noun,ru→ja / ja→ru候補,высота́,高さ,"答え：高さ
品詞：名詞
性：女性
出典候補：第68回
状態：校正用・未確認",russian2,名詞,校正用,yes,未確認,v03追加。出典回・アクセント・訳語を要確認。,no,,0.7,,,,,,,,
m0326,vocab,центр,центр,中心,名詞,男性,,,,,,72,文法I/露文和訳/聴取,過去問本文・テーマ語彙,1,центр,2,noun,ru→ja / ja→ru候補,центр,中心,"答え：中心
品詞：名詞
性：男性
出典候補：第72回
状態：校正用・未確認",russian2,名詞,校正用,yes,未確認,v03追加。出典回・アクセント・訳語を要確認。,no,,0.7,,,,,,,,
m0327,vocab,ко́мната,комната,部屋,名詞,女性,,,,,,78,文法I/露文和訳/聴取,過去問本文・テーマ語彙,1,комната,2,noun,ru→ja / ja→ru候補,ко́мната,部屋,"答え：部屋
品詞：名詞
性：女性
出典候補：第78回
状態：校正用・未確認",russian2,名詞,校正用,yes,未確認,v03追加。出典回・アクセント・訳語を要確認。,no,,0.7,,,,,,,,
m0328,vocab,спа́льня,спальня,寝室,名詞,女性,,,,,,82,文法I/露文和訳/聴取,過去問本文・テーマ語彙,1,спальня,2,noun,ru→ja / ja→ru候補,спа́льня,寝室,"答え：寝室
品詞：名詞
性：女性
出典候補：第82回
状態：校正用・未確認",russian2,名詞,校正用,yes,未確認,v03追加。出典回・アクセント・訳語を要確認。,no,,0.7,,,,,,,,
m0329,vocab,ку́хня,кухня,台所,名詞,女性,,,,,,84,文法I/露文和訳/聴取,過去問本文・テーマ語彙,1,кухня,2,noun,ru→ja / ja→ru候補,ку́хня,台所,"答え：台所
品詞：名詞
性：女性
出典候補：第84回
状態：校正用・未確認",russian2,名詞,校正用,yes,未確認,v03追加。出典回・アクセント・訳語を要確認。,no,,0.7,,,,,,,,
m0330,vocab,шкаф,шкаф,戸棚／クローゼット,名詞,男性,,,,,,86,文法I/露文和訳/聴取,過去問本文・テーマ語彙,1,шкаф,2,noun,ru→ja / ja→ru候補,шкаф,戸棚／クローゼット,"答え：戸棚／クローゼット
品詞：名詞
性：男性
出典候補：第86回
状態：校正用・未確認",russian2,名詞,校正用,yes,未確認,v03追加。出典回・アクセント・訳語を要確認。,no,,0.7,,,,,,,,
m0331,vocab,полка,полка,棚,名詞,女性,,,,,,60,文法I/露文和訳/聴取,過去問本文・テーマ語彙,1,полка,2,noun,ru→ja / ja→ru候補,полка,棚,"答え：棚
品詞：名詞
性：女性
出典候補：第60回
状態：校正用・未確認",russian2,名詞,校正用,yes,未確認,v03追加。出典回・アクセント・訳語を要確認。,no,,0.7,,,,,,,,
m0332,vocab,стол,стол,机,名詞,男性,,,,,,62,文法I/露文和訳/聴取,過去問本文・テーマ語彙,1,стол,2,noun,ru→ja / ja→ru候補,стол,机,"答え：机
品詞：名詞
性：男性
出典候補：第62回
状態：校正用・未確認",russian2,名詞,校正用,yes,未確認,v03追加。出典回・アクセント・訳語を要確認。,no,,0.7,,,,,,,,
m0333,vocab,кровать,кровать,ベッド,名詞,女性,,,,,,64,文法I/露文和訳/聴取,過去問本文・テーマ語彙,1,кровать,2,noun,ru→ja / ja→ru候補,кровать,ベッド,"答え：ベッド
品詞：名詞
性：女性
出典候補：第64回
状態：校正用・未確認",russian2,名詞,校正用,yes,未確認,v03追加。出典回・アクセント・訳語を要確認。,no,,0.7,,,,,,,,
m0334,vocab,окно́,окно,窓,名詞,中性,,,,,,66,文法I/露文和訳/聴取,過去問本文・テーマ語彙,1,окно,2,noun,ru→ja / ja→ru候補,окно́,窓,"答え：窓
品詞：名詞
性：中性
出典候補：第66回
状態：校正用・未確認",russian2,名詞,校正用,yes,未確認,v03追加。出典回・アクセント・訳語を要確認。,no,,0.7,,,,,,,,
m0335,vocab,ва́за,ваза,花瓶,名詞,女性,,,,,,68,文法I/露文和訳/聴取,過去問本文・テーマ語彙,1,ваза,2,noun,ru→ja / ja→ru候補,ва́за,花瓶,"答え：花瓶
品詞：名詞
性：女性
出典候補：第68回
状態：校正用・未確認",russian2,名詞,校正用,yes,未確認,v03追加。出典回・アクセント・訳語を要確認。,no,,0.7,,,,,,,,
m0336,vocab,гита́ра,гитара,ギター,名詞,女性,,,,,,70,文法I/露文和訳/聴取,過去問本文・テーマ語彙,1,гитара,2,noun,ru→ja / ja→ru候補,гита́ра,ギター,"答え：ギター
品詞：名詞
性：女性
出典候補：第70回
状態：校正用・未確認",russian2,名詞,校正用,yes,未確認,v03追加。出典回・アクセント・訳語を要確認。,no,,0.7,,,,,,,,
m0337,vocab,шко́ла,школа,学校,名詞,女性,,,,,,74,文法I/露文和訳/聴取,過去問本文・テーマ語彙,1,школа,2,noun,ru→ja / ja→ru候補,шко́ла,学校,"答え：学校
品詞：名詞
性：女性
出典候補：第74回
状態：校正用・未確認",russian2,名詞,校正用,yes,未確認,v03追加。出典回・アクセント・訳語を要確認。,no,,0.7,,,,,,,,
m0338,vocab,образова́ние,образование,教育,名詞,中性,,,,,,76,文法I/露文和訳/聴取,過去問本文・テーマ語彙,1,образование,2,noun,ru→ja / ja→ru候補,образова́ние,教育,"答え：教育
品詞：名詞
性：中性
出典候補：第76回
状態：校正用・未確認",russian2,名詞,校正用,yes,未確認,v03追加。出典回・アクセント・訳語を要確認。,no,,0.7,,,,,,,,
m0339,vocab,грамотность,грамотность,識字率,名詞,女性,,,,,,82,文法I/露文和訳/聴取,過去問本文・テーマ語彙,1,грамотность,2,noun,ru→ja / ja→ru候補,грамотность,識字率,"答え：識字率
品詞：名詞
性：女性
出典候補：第82回
状態：校正用・未確認",russian2,名詞,校正用,yes,未確認,v03追加。出典回・アクセント・訳語を要確認。,no,,0.7,,,,,,,,
m0340,vocab,студе́нт,студент,学生,名詞,男性,,,,,,84,文法I/露文和訳/聴取,過去問本文・テーマ語彙,1,студент,2,noun,ru→ja / ja→ru候補,студе́нт,学生,"答え：学生
品詞：名詞
性：男性
出典候補：第84回
状態：校正用・未確認",russian2,名詞,校正用,yes,未確認,v03追加。出典回・アクセント・訳語を要確認。,no,,0.7,,,,,,,,
m0341,vocab,учени́к,ученик,生徒,名詞,男性,,,,,,86,文法I/露文和訳/聴取,過去問本文・テーマ語彙,1,ученик,2,noun,ru→ja / ja→ru候補,учени́к,生徒,"答え：生徒
品詞：名詞
性：男性
出典候補：第86回
状態：校正用・未確認",russian2,名詞,校正用,yes,未確認,v03追加。出典回・アクセント・訳語を要確認。,no,,0.7,,,,,,,,
m0342,vocab,конку́рс,конкурс,コンクール,名詞,男性,,,,,,66,文法I/露文和訳/聴取,過去問本文・テーマ語彙,1,конкурс,2,noun,ru→ja / ja→ru候補,конку́рс,コンクール,"答え：コンクール
品詞：名詞
性：男性
出典候補：第66回
状態：校正用・未確認",russian2,名詞,校正用,yes,未確認,v03追加。出典回・アクセント・訳語を要確認。,no,,0.7,,,,,,,,
m0343,vocab,музы́ка,музыка,音楽,名詞,女性,,,,,,68,文法I/露文和訳/聴取,過去問本文・テーマ語彙,1,музыка,2,noun,ru→ja / ja→ru候補,музы́ка,音楽,"答え：音楽
品詞：名詞
性：女性
出典候補：第68回
状態：校正用・未確認",russian2,名詞,校正用,yes,未確認,v03追加。出典回・アクセント・訳語を要確認。,no,,0.7,,,,,,,,
m0344,vocab,музыка́нт,музыкант,音楽家,名詞,男性,,,,,,70,文法I/露文和訳/聴取,過去問本文・テーマ語彙,1,музыкант,2,noun,ru→ja / ja→ru候補,музыка́нт,音楽家,"答え：音楽家
品詞：名詞
性：男性
出典候補：第70回
状態：校正用・未確認",russian2,名詞,校正用,yes,未確認,v03追加。出典回・アクセント・訳語を要確認。,no,,0.7,,,,,,,,
m0345,vocab,исполне́ние,исполнение,演奏,名詞,中性,,,,,,76,文法I/露文和訳/聴取,過去問本文・テーマ語彙,1,исполнение,2,noun,ru→ja / ja→ru候補,исполне́ние,演奏,"答え：演奏
品詞：名詞
性：中性
出典候補：第76回
状態：校正用・未確認",russian2,名詞,校正用,yes,未確認,v03追加。出典回・アクセント・訳語を要確認。,no,,0.7,,,,,,,,
m0346,vocab,ро́ждаемость,рождаемость,出生率,名詞,女性,,,,,,84,文法I/露文和訳/聴取,過去問本文・テーマ語彙,1,рождаемость,2,noun,ru→ja / ja→ru候補,ро́ждаемость,出生率,"答え：出生率
品詞：名詞
性：女性
出典候補：第84回
状態：校正用・未確認",russian2,名詞,校正用,yes,未確認,v03追加。出典回・アクセント・訳語を要確認。,no,,0.7,,,,,,,,
m0347,vocab,пе́нсия,пенсия,年金,名詞,女性,,,,,,60,文法I/露文和訳/聴取,過去問本文・テーマ語彙,1,пенсия,2,noun,ru→ja / ja→ru候補,пе́нсия,年金,"答え：年金
品詞：名詞
性：女性
出典候補：第60回
状態：校正用・未確認",russian2,名詞,校正用,yes,未確認,v03追加。出典回・アクセント・訳語を要確認。,no,,0.7,,,,,,,,
m0348,vocab,возраст,возраст,年齢,名詞,男性,,,,,,64,文法I/露文和訳/聴取,過去問本文・テーマ語彙,1,возраст,2,noun,ru→ja / ja→ru候補,возраст,年齢,"答え：年齢
品詞：名詞
性：男性
出典候補：第64回
状態：校正用・未確認",russian2,名詞,校正用,yes,未確認,v03追加。出典回・アクセント・訳語を要確認。,no,,0.7,,,,,,,,
m0349,vocab,рабо́чая си́ла,рабочая сила,労働力,名詞句,女性,,,,,,66,文法I/露文和訳/聴取,過去問本文・テーマ語彙,1,рабочая сила,2,noun,ru→ja / ja→ru候補,рабо́чая си́ла,労働力,"答え：労働力
品詞：名詞句
性：女性
出典候補：第66回
状態：校正用・未確認",russian2,名詞,校正用,yes,未確認,v03追加。出典回・アクセント・訳語を要確認。,no,,0.7,,,,,,,,
m0350,vocab,словари́,словари,辞書類,名詞,,複数,,,,,68,文法I/露文和訳/聴取,過去問本文・テーマ語彙,1,словари,2,noun,ru→ja / ja→ru候補,словари́,辞書類,"答え：辞書類
品詞：名詞
数：複数
出典候補：第68回
状態：校正用・未確認",russian2,名詞,校正用,yes,未確認,v03追加。出典回・アクセント・訳語を要確認。,no,,0.7,,,,,,,,
m0351,vocab,сло́во,слово,単語,名詞,中性,,,,,,70,文法I/露文和訳/聴取,過去問本文・テーマ語彙,1,слово,2,noun,ru→ja / ja→ru候補,сло́во,単語,"答え：単語
品詞：名詞
性：中性
出典候補：第70回
状態：校正用・未確認",russian2,名詞,校正用,yes,未確認,v03追加。出典回・アクセント・訳語を要確認。,no,,0.7,,,,,,,,
m0352,vocab,па́мять,память,記憶,名詞,女性,,,,,,76,文法I/露文和訳/聴取,過去問本文・テーマ語彙,1,память,2,noun,ru→ja / ja→ru候補,па́мять,記憶,"答え：記憶
品詞：名詞
性：女性
出典候補：第76回
状態：校正用・未確認",russian2,名詞,校正用,yes,未確認,v03追加。出典回・アクセント・訳語を要確認。,no,,0.7,,,,,,,,
m0353,vocab,оши́бка,ошибка,誤り,名詞,女性,,,,,,82,文法I/露文和訳/聴取,過去問本文・テーマ語彙,1,ошибка,2,noun,ru→ja / ja→ru候補,оши́бка,誤り,"答え：誤り
品詞：名詞
性：女性
出典候補：第82回
状態：校正用・未確認",russian2,名詞,校正用,yes,未確認,v03追加。出典回・アクセント・訳語を要確認。,no,,0.7,,,,,,,,
m0354,vocab,исправле́ние,исправление,修正,名詞,中性,,,,,,84,文法I/露文和訳/聴取,過去問本文・テーマ語彙,1,исправление,2,noun,ru→ja / ja→ru候補,исправле́ние,修正,"答え：修正
品詞：名詞
性：中性
出典候補：第84回
状態：校正用・未確認",russian2,名詞,校正用,yes,未確認,v03追加。出典回・アクセント・訳語を要確認。,no,,0.7,,,,,,,,
m0355,vocab,контро́льная рабо́та,контрольная работа,小テスト／確認テスト,名詞句,女性,,,,,,86,文法I/露文和訳/聴取,過去問本文・テーマ語彙,1,контрольная работа,2,noun,ru→ja / ja→ru候補,контро́льная рабо́та,小テスト／確認テスト,"答え：小テスト／確認テスト
品詞：名詞句
性：女性
出典候補：第86回
状態：校正用・未確認",russian2,名詞,校正用,yes,未確認,v03追加。出典回・アクセント・訳語を要確認。,no,,0.7,,,,,,,,
m0356,vocab,упражне́ние,упражнение,練習問題,名詞,中性,,,,,,60,文法I/露文和訳/聴取,過去問本文・テーマ語彙,1,упражнение,2,noun,ru→ja / ja→ru候補,упражне́ние,練習問題,"答え：練習問題
品詞：名詞
性：中性
出典候補：第60回
状態：校正用・未確認",russian2,名詞,校正用,yes,未確認,v03追加。出典回・アクセント・訳語を要確認。,no,,0.7,,,,,,,,
m0357,vocab,зада́ние,задание,課題,名詞,中性,,,,,,62,文法I/露文和訳/聴取,過去問本文・テーマ語彙,1,задание,2,noun,ru→ja / ja→ru候補,зада́ние,課題,"答え：課題
品詞：名詞
性：中性
出典候補：第62回
状態：校正用・未確認",russian2,名詞,校正用,yes,未確認,v03追加。出典回・アクセント・訳語を要確認。,no,,0.7,,,,,,,,
m0358,vocab,по́льза,польза,利益／役立つこと,名詞,女性,,,,,,66,文法I/露文和訳/聴取,過去問本文・テーマ語彙,1,польза,2,noun,ru→ja / ja→ru候補,по́льза,利益／役立つこと,"答え：利益／役立つこと
品詞：名詞
性：女性
出典候補：第66回
状態：校正用・未確認",russian2,名詞,校正用,yes,未確認,v03追加。出典回・アクセント・訳語を要確認。,no,,0.7,,,,,,,,
m0359,vocab,компью́тер,компьютер,コンピュータ,名詞,男性,,,,,,70,文法I/露文和訳/聴取,過去問本文・テーマ語彙,1,компьютер,2,noun,ru→ja / ja→ru候補,компью́тер,コンピュータ,"答え：コンピュータ
品詞：名詞
性：男性
出典候補：第70回
状態：校正用・未確認",russian2,名詞,校正用,yes,未確認,v03追加。出典回・アクセント・訳語を要確認。,no,,0.7,,,,,,,,
m0360,vocab,сайт,саит,サイト,名詞,男性,,,,,,74,文法I/露文和訳/聴取,過去問本文・テーマ語彙,1,саит,2,noun,ru→ja / ja→ru候補,сайт,サイト,"答え：サイト
品詞：名詞
性：男性
出典候補：第74回
状態：校正用・未確認",russian2,名詞,校正用,yes,未確認,v03追加。出典回・アクセント・訳語を要確認。,no,,0.7,,,,,,,,
m0361,vocab,приложе́ние,приложение,アプリ,名詞,中性,,,,,,76,文法I/露文和訳/聴取,過去問本文・テーマ語彙,1,приложение,2,noun,ru→ja / ja→ru候補,приложе́ние,アプリ,"答え：アプリ
品詞：名詞
性：中性
出典候補：第76回
状態：校正用・未確認",russian2,名詞,校正用,yes,未確認,v03追加。出典回・アクセント・訳語を要確認。,no,,0.7,,,,,,,,
m0362,vocab,да́нные,данные,データ,名詞,,複数,,,,,78,文法I/露文和訳/聴取,過去問本文・テーマ語彙,1,данные,2,noun,ru→ja / ja→ru候補,да́нные,データ,"答え：データ
品詞：名詞
数：複数
出典候補：第78回
状態：校正用・未確認",russian2,名詞,校正用,yes,未確認,v03追加。出典回・アクセント・訳語を要確認。,no,,0.7,,,,,,,,
m0363,vocab,файл,фаил,ファイル,名詞,男性,,,,,,82,文法I/露文和訳/聴取,過去問本文・テーマ語彙,1,фаил,2,noun,ru→ja / ja→ru候補,файл,ファイル,"答え：ファイル
品詞：名詞
性：男性
出典候補：第82回
状態：校正用・未確認",russian2,名詞,校正用,yes,未確認,v03追加。出典回・アクセント・訳語を要確認。,no,,0.7,,,,,,,,
m0364,vocab,ва́жный,важныи,重要な,形容詞,,,,,,,84,文法I/和文露訳,形容詞・語形変化候補,1,важныи,2,adjective,ru→ja / ja→ru候補,ва́жный,重要な,"答え：重要な
品詞：形容詞
出典候補：第84回
状態：校正用・未確認",russian2,形容詞,校正用,yes,未確認,v03追加。出典回・アクセント・訳語を要確認。,no,,0.7,,,,,,,,
m0365,vocab,гла́вный,главныи,主要な,形容詞,,,,,,,86,文法I/和文露訳,形容詞・語形変化候補,1,главныи,2,adjective,ru→ja / ja→ru候補,гла́вный,主要な,"答え：主要な
品詞：形容詞
出典候補：第86回
状態：校正用・未確認",russian2,形容詞,校正用,yes,未確認,v03追加。出典回・アクセント・訳語を要確認。,no,,0.7,,,,,,,,
m0366,vocab,осо́бый,особыи,特別な,形容詞,,,,,,,60,文法I/和文露訳,形容詞・語形変化候補,1,особыи,2,adjective,ru→ja / ja→ru候補,осо́бый,特別な,"答え：特別な
品詞：形容詞
出典候補：第60回
状態：校正用・未確認",russian2,形容詞,校正用,yes,未確認,v03追加。出典回・アクセント・訳語を要確認。,no,,0.7,,,,,,,,
m0367,vocab,па́смурный,пасмурныи,曇った,形容詞,,,,,,,66,文法I/和文露訳,形容詞・語形変化候補,1,пасмурныи,2,adjective,ru→ja / ja→ru候補,па́смурный,曇った,"答え：曇った
品詞：形容詞
出典候補：第66回
状態：校正用・未確認",russian2,形容詞,校正用,yes,未確認,v03追加。出典回・アクセント・訳語を要確認。,no,,0.7,,,,,,,,
m0368,vocab,благоприя́тный,благоприятныи,好都合な,形容詞,,,,,,,68,文法I/和文露訳,形容詞・語形変化候補,1,благоприятныи,2,adjective,ru→ja / ja→ru候補,благоприя́тный,好都合な,"答え：好都合な
品詞：形容詞
出典候補：第68回
状態：校正用・未確認",russian2,形容詞,校正用,yes,未確認,v03追加。出典回・アクセント・訳語を要確認。,no,,0.7,,,,,,,,
m0369,vocab,све́жий,свежии,新鮮な,形容詞,,,,,,,70,文法I/和文露訳,形容詞・語形変化候補,1,свежии,2,adjective,ru→ja / ja→ru候補,све́жий,新鮮な,"答え：新鮮な
品詞：形容詞
出典候補：第70回
状態：校正用・未確認",russian2,形容詞,校正用,yes,未確認,v03追加。出典回・アクセント・訳語を要確認。,no,,0.7,,,,,,,,
m0370,vocab,си́льный,сильныи,強い,形容詞,,,,,,,72,文法I/和文露訳,形容詞・語形変化候補,1,сильныи,2,adjective,ru→ja / ja→ru候補,си́льный,強い,"答え：強い
品詞：形容詞
出典候補：第72回
状態：校正用・未確認",russian2,形容詞,校正用,yes,未確認,v03追加。出典回・アクセント・訳語を要確認。,no,,0.7,,,,,,,,
m0371,vocab,сла́бый,слабыи,弱い,形容詞,,,,,,,74,文法I/和文露訳,形容詞・語形変化候補,1,слабыи,2,adjective,ru→ja / ja→ru候補,сла́бый,弱い,"答え：弱い
品詞：形容詞
出典候補：第74回
状態：校正用・未確認",russian2,形容詞,校正用,yes,未確認,v03追加。出典回・アクセント・訳語を要確認。,no,,0.7,,,,,,,,
m0372,vocab,то́чный,точныи,正確な,形容詞,,,,,,,76,文法I/和文露訳,形容詞・語形変化候補,1,точныи,2,adjective,ru→ja / ja→ru候補,то́чный,正確な,"答え：正確な
品詞：形容詞
出典候補：第76回
状態：校正用・未確認",russian2,形容詞,校正用,yes,未確認,v03追加。出典回・アクセント・訳語を要確認。,no,,0.7,,,,,,,,
m0373,vocab,похо́жий,похожии,似ている,形容詞,,,,,,,78,文法I/和文露訳,形容詞・語形変化候補,1,похожии,2,adjective,ru→ja / ja→ru候補,похо́жий,似ている,"答え：似ている
品詞：形容詞
出典候補：第78回
状態：校正用・未確認",russian2,形容詞,校正用,yes,未確認,v03追加。出典回・アクセント・訳語を要確認。,no,,0.7,,,,,,,,
m0374,vocab,разный,разныи,さまざまな／違う,形容詞,,,,,,,82,文法I/和文露訳,形容詞・語形変化候補,1,разныи,2,adjective,ru→ja / ja→ru候補,разный,さまざまな／違う,"答え：さまざまな／違う
品詞：形容詞
出典候補：第82回
状態：校正用・未確認",russian2,形容詞,校正用,yes,未確認,v03追加。出典回・アクセント・訳語を要確認。,no,,0.7,,,,,,,,
m0375,vocab,одина́ковый,одинаковыи,同じ,形容詞,,,,,,,84,文法I/和文露訳,形容詞・語形変化候補,1,одинаковыи,2,adjective,ru→ja / ja→ru候補,одина́ковый,同じ,"答え：同じ
品詞：形容詞
出典候補：第84回
状態：校正用・未確認",russian2,形容詞,校正用,yes,未確認,v03追加。出典回・アクセント・訳語を要確認。,no,,0.7,,,,,,,,
m0376,vocab,краси́вый,красивыи,美しい,形容詞,,,,,,,86,文法I/和文露訳,形容詞・語形変化候補,1,красивыи,2,adjective,ru→ja / ja→ru候補,краси́вый,美しい,"答え：美しい
品詞：形容詞
出典候補：第86回
状態：校正用・未確認",russian2,形容詞,校正用,yes,未確認,v03追加。出典回・アクセント・訳語を要確認。,no,,0.7,,,,,,,,
m0377,vocab,изве́стный,известныи,有名な,形容詞,,,,,,,60,文法I/和文露訳,形容詞・語形変化候補,1,известныи,2,adjective,ru→ja / ja→ru候補,изве́стный,有名な,"答え：有名な
品詞：形容詞
出典候補：第60回
状態：校正用・未確認",russian2,形容詞,校正用,yes,未確認,v03追加。出典回・アクセント・訳語を要確認。,no,,0.7,,,,,,,,
m0378,vocab,иностра́нный,иностранныи,外国の,形容詞,,,,,,,62,文法I/和文露訳,形容詞・語形変化候補,1,иностранныи,2,adjective,ru→ja / ja→ru候補,иностра́нный,外国の,"答え：外国の
品詞：形容詞
出典候補：第62回
状態：校正用・未確認",russian2,形容詞,校正用,yes,未確認,v03追加。出典回・アクセント・訳語を要確認。,no,,0.7,,,,,,,,
m0379,vocab,ме́стный,местныи,現地の／地元の,形容詞,,,,,,,64,文法I/和文露訳,形容詞・語形変化候補,1,местныи,2,adjective,ru→ja / ja→ru候補,ме́стный,現地の／地元の,"答え：現地の／地元の
品詞：形容詞
出典候補：第64回
状態：校正用・未確認",russian2,形容詞,校正用,yes,未確認,v03追加。出典回・アクセント・訳語を要確認。,no,,0.7,,,,,,,,
m0380,vocab,нача́льный,начальныи,初級の,形容詞,,,,,,,66,文法I/和文露訳,形容詞・語形変化候補,1,начальныи,2,adjective,ru→ja / ja→ru候補,нача́льный,初級の,"答え：初級の
品詞：形容詞
出典候補：第66回
状態：校正用・未確認",russian2,形容詞,校正用,yes,未確認,v03追加。出典回・アクセント・訳語を要確認。,no,,0.7,,,,,,,,
m0381,vocab,сре́дний,среднии,中等の／平均の,形容詞,,,,,,,68,文法I/和文露訳,形容詞・語形変化候補,1,среднии,2,adjective,ru→ja / ja→ru候補,сре́дний,中等の／平均の,"答え：中等の／平均の
品詞：形容詞
出典候補：第68回
状態：校正用・未確認",russian2,形容詞,校正用,yes,未確認,v03追加。出典回・アクセント・訳語を要確認。,no,,0.7,,,,,,,,
m0382,vocab,вы́сший,высшии,高等の,形容詞,,,,,,,70,文法I/和文露訳,形容詞・語形変化候補,1,высшии,2,adjective,ru→ja / ja→ru候補,вы́сший,高等の,"答え：高等の
品詞：形容詞
出典候補：第70回
状態：校正用・未確認",russian2,形容詞,校正用,yes,未確認,v03追加。出典回・アクセント・訳語を要確認。,no,,0.7,,,,,,,,
m0383,vocab,обяза́тельный,обязательныи,義務的な,形容詞,,,,,,,72,文法I/和文露訳,形容詞・語形変化候補,1,обязательныи,2,adjective,ru→ja / ja→ru候補,обяза́тельный,義務的な,"答え：義務的な
品詞：形容詞
出典候補：第72回
状態：校正用・未確認",russian2,形容詞,校正用,yes,未確認,v03追加。出典回・アクセント・訳語を要確認。,no,,0.7,,,,,,,,
m0384,vocab,коли́чественный,количественныи,数量的な,形容詞,,,,,,,74,文法I/和文露訳,形容詞・語形変化候補,1,количественныи,2,adjective,ru→ja / ja→ru候補,коли́чественный,数量的な,"答え：数量的な
品詞：形容詞
出典候補：第74回
状態：校正用・未確認",russian2,形容詞,校正用,yes,未確認,v03追加。出典回・アクセント・訳語を要確認。,no,,0.7,,,,,,,,
m0385,vocab,ка́чественный,качественныи,質的な,形容詞,,,,,,,76,文法I/和文露訳,形容詞・語形変化候補,1,качественныи,2,adjective,ru→ja / ja→ru候補,ка́чественный,質的な,"答え：質的な
品詞：形容詞
出典候補：第76回
状態：校正用・未確認",russian2,形容詞,校正用,yes,未確認,v03追加。出典回・アクセント・訳語を要確認。,no,,0.7,,,,,,,,
m0386,vocab,экономи́ческий,экономическии,経済の,形容詞,,,,,,,78,文法I/和文露訳,形容詞・語形変化候補,1,экономическии,2,adjective,ru→ja / ja→ru候補,экономи́ческий,経済の,"答え：経済の
品詞：形容詞
出典候補：第78回
状態：校正用・未確認",russian2,形容詞,校正用,yes,未確認,v03追加。出典回・アクセント・訳語を要確認。,no,,0.7,,,,,,,,
m0387,vocab,социа́льный,социальныи,社会の,形容詞,,,,,,,82,文法I/和文露訳,形容詞・語形変化候補,1,социальныи,2,adjective,ru→ja / ja→ru候補,социа́льный,社会の,"答え：社会の
品詞：形容詞
出典候補：第82回
状態：校正用・未確認",russian2,形容詞,校正用,yes,未確認,v03追加。出典回・アクセント・訳語を要確認。,no,,0.7,,,,,,,,
m0388,vocab,тру́дный,трудныи,難しい,形容詞,,,,,,,84,文法I/和文露訳,形容詞・語形変化候補,1,трудныи,2,adjective,ru→ja / ja→ru候補,тру́дный,難しい,"答え：難しい
品詞：形容詞
出典候補：第84回
状態：校正用・未確認",russian2,形容詞,校正用,yes,未確認,v03追加。出典回・アクセント・訳語を要確認。,no,,0.7,,,,,,,,
m0389,vocab,лёгкий,легкии,軽い／簡単な,形容詞,,,,,,,86,文法I/和文露訳,形容詞・語形変化候補,1,легкии,2,adjective,ru→ja / ja→ru候補,лёгкий,軽い／簡単な,"答え：軽い／簡単な
品詞：形容詞
出典候補：第86回
状態：校正用・未確認",russian2,形容詞,校正用,yes,未確認,v03追加。出典回・アクセント・訳語を要確認。,no,,0.7,,,,,,,,
m0390,vocab,тя́жёлый,тяжелыи,重い／困難な,形容詞,,,,,,,60,文法I/和文露訳,形容詞・語形変化候補,1,тяжелыи,2,adjective,ru→ja / ja→ru候補,тя́жёлый,重い／困難な,"答え：重い／困難な
品詞：形容詞
出典候補：第60回
状態：校正用・未確認",russian2,形容詞,校正用,yes,未確認,v03追加。出典回・アクセント・訳語を要確認。,no,,0.7,,,,,,,,
m0391,vocab,поле́зный,полезныи,役に立つ,形容詞,,,,,,,62,文法I/和文露訳,形容詞・語形変化候補,1,полезныи,2,adjective,ru→ja / ja→ru候補,поле́зный,役に立つ,"答え：役に立つ
品詞：形容詞
出典候補：第62回
状態：校正用・未確認",russian2,形容詞,校正用,yes,未確認,v03追加。出典回・アクセント・訳語を要確認。,no,,0.7,,,,,,,,
m0392,vocab,свобо́дный,свободныи,自由な,形容詞,,,,,,,64,文法I/和文露訳,形容詞・語形変化候補,1,свободныи,2,adjective,ru→ja / ja→ru候補,свобо́дный,自由な,"答え：自由な
品詞：形容詞
出典候補：第64回
状態：校正用・未確認",russian2,形容詞,校正用,yes,未確認,v03追加。出典回・アクセント・訳語を要確認。,no,,0.7,,,,,,,,
m0393,vocab,си́стемный,системныи,体系的な,形容詞,,,,,,,66,文法I/和文露訳,形容詞・語形変化候補,1,системныи,2,adjective,ru→ja / ja→ru候補,си́стемный,体系的な,"答え：体系的な
品詞：形容詞
出典候補：第66回
状態：校正用・未確認",russian2,形容詞,校正用,yes,未確認,v03追加。出典回・アクセント・訳語を要確認。,no,,0.7,,,,,,,,
m0394,vocab,ежедне́вный,ежедневныи,毎日の,形容詞,,,,,,,68,文法I/和文露訳,形容詞・語形変化候補,1,ежедневныи,2,adjective,ru→ja / ja→ru候補,ежедне́вный,毎日の,"答え：毎日の
品詞：形容詞
出典候補：第68回
状態：校正用・未確認",russian2,形容詞,校正用,yes,未確認,v03追加。出典回・アクセント・訳語を要確認。,no,,0.7,,,,,,,,
m0395,vocab,коро́ткий,короткии,短い,形容詞,,,,,,,70,文法I/和文露訳,形容詞・語形変化候補,1,короткии,2,adjective,ru→ja / ja→ru候補,коро́ткий,短い,"答え：短い
品詞：形容詞
出典候補：第70回
状態：校正用・未確認",russian2,形容詞,校正用,yes,未確認,v03追加。出典回・アクセント・訳語を要確認。,no,,0.7,,,,,,,,
m0396,vocab,дли́нный,длинныи,長い,形容詞,,,,,,,72,文法I/和文露訳,形容詞・語形変化候補,1,длинныи,2,adjective,ru→ja / ja→ru候補,дли́нный,長い,"答え：長い
品詞：形容詞
出典候補：第72回
状態：校正用・未確認",russian2,形容詞,校正用,yes,未確認,v03追加。出典回・アクセント・訳語を要確認。,no,,0.7,,,,,,,,
m0397,vocab,уста́лый,усталыи,疲れた,形容詞,,,,,,,74,文法I/和文露訳,形容詞・語形変化候補,1,усталыи,2,adjective,ru→ja / ja→ru候補,уста́лый,疲れた,"答え：疲れた
品詞：形容詞
出典候補：第74回
状態：校正用・未確認",russian2,形容詞,校正用,yes,未確認,v03追加。出典回・アクセント・訳語を要確認。,no,,0.7,,,,,,,,
m0398,vocab,споко́йный,спокоиныи,落ち着いた,形容詞,,,,,,,76,文法I/和文露訳,形容詞・語形変化候補,1,спокоиныи,2,adjective,ru→ja / ja→ru候補,споко́йный,落ち着いた,"答え：落ち着いた
品詞：形容詞
出典候補：第76回
状態：校正用・未確認",russian2,形容詞,校正用,yes,未確認,v03追加。出典回・アクセント・訳語を要確認。,no,,0.7,,,,,,,,
m0399,vocab,ве́жливый,вежливыи,礼儀正しい,形容詞,,,,,,,78,文法I/和文露訳,形容詞・語形変化候補,1,вежливыи,2,adjective,ru→ja / ja→ru候補,ве́жливый,礼儀正しい,"答え：礼儀正しい
品詞：形容詞
出典候補：第78回
状態：校正用・未確認",russian2,形容詞,校正用,yes,未確認,v03追加。出典回・アクセント・訳語を要確認。,no,,0.7,,,,,,,,
m0400,vocab,добрый,добрыи,親切な,形容詞,,,,,,,82,文法I/和文露訳,形容詞・語形変化候補,1,добрыи,2,adjective,ru→ja / ja→ru候補,добрый,親切な,"答え：親切な
品詞：形容詞
出典候補：第82回
状態：校正用・未確認",russian2,形容詞,校正用,yes,未確認,v03追加。出典回・アクセント・訳語を要確認。,no,,0.7,,,,,,,,
m0401,vocab,стро́гий,строгии,厳しい,形容詞,,,,,,,84,文法I/和文露訳,形容詞・語形変化候補,1,строгии,2,adjective,ru→ja / ja→ru候補,стро́гий,厳しい,"答え：厳しい
品詞：形容詞
出典候補：第84回
状態：校正用・未確認",russian2,形容詞,校正用,yes,未確認,v03追加。出典回・アクセント・訳語を要確認。,no,,0.7,,,,,,,,
m0402,vocab,совреме́нный,современныи,現代の,形容詞,,,,,,,86,文法I/和文露訳,形容詞・語形変化候補,1,современныи,2,adjective,ru→ja / ja→ru候補,совреме́нный,現代の,"答え：現代の
品詞：形容詞
出典候補：第86回
状態：校正用・未確認",russian2,形容詞,校正用,yes,未確認,v03追加。出典回・アクセント・訳語を要確認。,no,,0.7,,,,,,,,
m0403,vocab,традицио́нный,традиционныи,伝統的な,形容詞,,,,,,,60,文法I/和文露訳,形容詞・語形変化候補,1,традиционныи,2,adjective,ru→ja / ja→ru候補,традицио́нный,伝統的な,"答え：伝統的な
品詞：形容詞
出典候補：第60回
状態：校正用・未確認",russian2,形容詞,校正用,yes,未確認,v03追加。出典回・アクセント・訳語を要確認。,no,,0.7,,,,,,,,
m0404,vocab,приро́дный,природныи,自然の,形容詞,,,,,,,62,文法I/和文露訳,形容詞・語形変化候補,1,природныи,2,adjective,ru→ja / ja→ru候補,приро́дный,自然の,"答え：自然の
品詞：形容詞
出典候補：第62回
状態：校正用・未確認",russian2,形容詞,校正用,yes,未確認,v03追加。出典回・アクセント・訳語を要確認。,no,,0.7,,,,,,,,
m0405,vocab,городско́й,городскои,都市の,形容詞,,,,,,,64,文法I/和文露訳,形容詞・語形変化候補,1,городскои,2,adjective,ru→ja / ja→ru候補,городско́й,都市の,"答え：都市の
品詞：形容詞
出典候補：第64回
状態：校正用・未確認",russian2,形容詞,校正用,yes,未確認,v03追加。出典回・アクセント・訳語を要確認。,no,,0.7,,,,,,,,
m0406,vocab,сельский,сельскии,農村の,形容詞,,,,,,,66,文法I/和文露訳,形容詞・語形変化候補,1,сельскии,2,adjective,ru→ja / ja→ru候補,сельский,農村の,"答え：農村の
品詞：形容詞
出典候補：第66回
状態：校正用・未確認",russian2,形容詞,校正用,yes,未確認,v03追加。出典回・アクセント・訳語を要確認。,no,,0.7,,,,,,,,
m0407,vocab,се́верный,северныи,北の,形容詞,,,,,,,68,文法I/和文露訳,形容詞・語形変化候補,1,северныи,2,adjective,ru→ja / ja→ru候補,се́верный,北の,"答え：北の
品詞：形容詞
出典候補：第68回
状態：校正用・未確認",russian2,形容詞,校正用,yes,未確認,v03追加。出典回・アクセント・訳語を要確認。,no,,0.7,,,,,,,,
m0408,vocab,ю́жный,южныи,南の,形容詞,,,,,,,70,文法I/和文露訳,形容詞・語形変化候補,1,южныи,2,adjective,ru→ja / ja→ru候補,ю́жный,南の,"答え：南の
品詞：形容詞
出典候補：第70回
状態：校正用・未確認",russian2,形容詞,校正用,yes,未確認,v03追加。出典回・アクセント・訳語を要確認。,no,,0.7,,,,,,,,
m0409,vocab,во́сточный,восточныи,東の,形容詞,,,,,,,72,文法I/和文露訳,形容詞・語形変化候補,1,восточныи,2,adjective,ru→ja / ja→ru候補,во́сточный,東の,"答え：東の
品詞：形容詞
出典候補：第72回
状態：校正用・未確認",russian2,形容詞,校正用,yes,未確認,v03追加。出典回・アクセント・訳語を要確認。,no,,0.7,,,,,,,,
m0410,vocab,за́падный,западныи,西の,形容詞,,,,,,,74,文法I/和文露訳,形容詞・語形変化候補,1,западныи,2,adjective,ru→ja / ja→ru候補,за́падный,西の,"答え：西の
品詞：形容詞
出典候補：第74回
状態：校正用・未確認",russian2,形容詞,校正用,yes,未確認,v03追加。出典回・アクセント・訳語を要確認。,no,,0.7,,,,,,,,
m0411,vocab,ле́тний,летнии,夏の,形容詞,,,,,,,76,文法I/和文露訳,形容詞・語形変化候補,1,летнии,2,adjective,ru→ja / ja→ru候補,ле́тний,夏の,"答え：夏の
品詞：形容詞
出典候補：第76回
状態：校正用・未確認",russian2,形容詞,校正用,yes,未確認,v03追加。出典回・アクセント・訳語を要確認。,no,,0.7,,,,,,,,
m0412,vocab,зи́мний,зимнии,冬の,形容詞,,,,,,,78,文法I/和文露訳,形容詞・語形変化候補,1,зимнии,2,adjective,ru→ja / ja→ru候補,зи́мний,冬の,"答え：冬の
品詞：形容詞
出典候補：第78回
状態：校正用・未確認",russian2,形容詞,校正用,yes,未確認,v03追加。出典回・アクセント・訳語を要確認。,no,,0.7,,,,,,,,
m0413,phrase,в де́йствительности,в деиствительности,実際には,表現,,,,,,,86,露文和訳/和文露訳/口頭作文,頻出表現・作文用フレーズ,1,в деиствительности,2,phrase,ru→ja / ja→ru候補,в де́йствительности,実際には,"答え：実際には
品詞：表現
出典候補：第86回
状態：校正用・未確認",russian2,表現,作文,校正用,yes,未確認,v03追加。出典回・アクセント・訳語を要確認。,no,,0.7,,,,,,,
m0414,phrase,по сравне́нию с ...,по сравнению с ...,〜と比べて,表現,,,,,,,60,露文和訳/和文露訳/口頭作文,頻出表現・作文用フレーズ,1,по сравнению с ...,2,phrase,ru→ja / ja→ru候補,по сравне́нию с ...,〜と比べて,"答え：〜と比べて
品詞：表現
出典候補：第60回
状態：校正用・未確認",russian2,表現,作文,校正用,yes,未確認,v03追加。出典回・アクセント・訳語を要確認。,no,,0.7,,,,,,,
m0415,phrase,в отли́чие от ...,в отличие от ...,〜とは違って,表現,,,,,,,62,露文和訳/和文露訳/口頭作文,頻出表現・作文用フレーズ,1,в отличие от ...,2,phrase,ru→ja / ja→ru候補,в отли́чие от ...,〜とは違って,"答え：〜とは違って
品詞：表現
出典候補：第62回
状態：校正用・未確認",russian2,表現,作文,校正用,yes,未確認,v03追加。出典回・アクセント・訳語を要確認。,no,,0.7,,,,,,,
m0416,phrase,в свя́зи с ...,в связи с ...,〜に関連して／〜のために,表現,,,,,,,64,露文和訳/和文露訳/口頭作文,頻出表現・作文用フレーズ,1,в связи с ...,2,phrase,ru→ja / ja→ru候補,в свя́зи с ...,〜に関連して／〜のために,"答え：〜に関連して／〜のために
品詞：表現
出典候補：第64回
状態：校正用・未確認",russian2,表現,作文,校正用,yes,未確認,v03追加。出典回・アクセント・訳語を要確認。,no,,0.7,,,,,,,
m0417,phrase,благодаря́ ...,благодаря ...,〜のおかげで,表現,,,,,,,66,露文和訳/和文露訳/口頭作文,頻出表現・作文用フレーズ,1,благодаря ...,2,phrase,ru→ja / ja→ru候補,благодаря́ ...,〜のおかげで,"答え：〜のおかげで
品詞：表現
出典候補：第66回
状態：校正用・未確認",russian2,表現,作文,校正用,yes,未確認,v03追加。出典回・アクセント・訳語を要確認。,no,,0.7,,,,,,,
m0418,phrase,из-за ...,из-за ...,〜のせいで,表現,,,,,,,68,露文和訳/和文露訳/口頭作文,頻出表現・作文用フレーズ,1,из-за ...,2,phrase,ru→ja / ja→ru候補,из-за ...,〜のせいで,"答え：〜のせいで
品詞：表現
出典候補：第68回
状態：校正用・未確認",russian2,表現,作文,校正用,yes,未確認,v03追加。出典回・アクセント・訳語を要確認。,no,,0.7,,,,,,,
m0419,phrase,с тру́дом,с трудом,苦労して,表現,,,,,,,72,露文和訳/和文露訳/口頭作文,頻出表現・作文用フレーズ,1,с трудом,2,phrase,ru→ja / ja→ru候補,с тру́дом,苦労して,"答え：苦労して
品詞：表現
出典候補：第72回
状態：校正用・未確認",russian2,表現,作文,校正用,yes,未確認,v03追加。出典回・アクセント・訳語を要確認。,no,,0.7,,,,,,,
m0420,phrase,с интере́сом,с интересом,興味を持って,表現,,,,,,,74,露文和訳/和文露訳/口頭作文,頻出表現・作文用フレーズ,1,с интересом,2,phrase,ru→ja / ja→ru候補,с интере́сом,興味を持って,"答え：興味を持って
品詞：表現
出典候補：第74回
状態：校正用・未確認",russian2,表現,作文,校正用,yes,未確認,v03追加。出典回・アクセント・訳語を要確認。,no,,0.7,,,,,,,
m0421,phrase,к сожале́нию,к сожалению,残念ながら,表現,,,,,,,76,露文和訳/和文露訳/口頭作文,頻出表現・作文用フレーズ,1,к сожалению,2,phrase,ru→ja / ja→ru候補,к сожале́нию,残念ながら,"答え：残念ながら
品詞：表現
出典候補：第76回
状態：校正用・未確認",russian2,表現,作文,校正用,yes,未確認,v03追加。出典回・アクセント・訳語を要確認。,no,,0.7,,,,,,,
m0422,phrase,к сча́стью,к счастью,幸いにも,表現,,,,,,,78,露文和訳/和文露訳/口頭作文,頻出表現・作文用フレーズ,1,к счастью,2,phrase,ru→ja / ja→ru候補,к сча́стью,幸いにも,"答え：幸いにも
品詞：表現
出典候補：第78回
状態：校正用・未確認",russian2,表現,作文,校正用,yes,未確認,v03追加。出典回・アクセント・訳語を要確認。,no,,0.7,,,,,,,
m0423,phrase,пре́жде всего́,прежде всего,まず第一に,表現,,,,,,,82,露文和訳/和文露訳/口頭作文,頻出表現・作文用フレーズ,1,прежде всего,2,phrase,ru→ja / ja→ru候補,пре́жде всего́,まず第一に,"答え：まず第一に
品詞：表現
出典候補：第82回
状態：校正用・未確認",russian2,表現,作文,校正用,yes,未確認,v03追加。出典回・アクセント・訳語を要確認。,no,,0.7,,,,,,,
m0424,phrase,кро́ме того́,кроме того,そのほかに,表現,,,,,,,84,露文和訳/和文露訳/口頭作文,頻出表現・作文用フレーズ,1,кроме того,2,phrase,ru→ja / ja→ru候補,кро́ме того́,そのほかに,"答え：そのほかに
品詞：表現
出典候補：第84回
状態：校正用・未確認",russian2,表現,作文,校正用,yes,未確認,v03追加。出典回・アクセント・訳語を要確認。,no,,0.7,,,,,,,
m0425,phrase,поэ́тому,поэтому,したがって,表現,,,,,,,86,露文和訳/和文露訳/口頭作文,頻出表現・作文用フレーズ,1,поэтому,2,phrase,ru→ja / ja→ru候補,поэ́тому,したがって,"答え：したがって
品詞：表現
出典候補：第86回
状態：校正用・未確認",russian2,表現,作文,校正用,yes,未確認,v03追加。出典回・アクセント・訳語を要確認。,no,,0.7,,,,,,,
m0426,phrase,одна́ко,однако,しかし,表現,,,,,,,60,露文和訳/和文露訳/口頭作文,頻出表現・作文用フレーズ,1,однако,2,phrase,ru→ja / ja→ru候補,одна́ко,しかし,"答え：しかし
品詞：表現
出典候補：第60回
状態：校正用・未確認",russian2,表現,作文,校正用,yes,未確認,v03追加。出典回・アクセント・訳語を要確認。,no,,0.7,,,,,,,
m0427,phrase,наприме́р,например,例えば,表現,,,,,,,62,露文和訳/和文露訳/口頭作文,頻出表現・作文用フレーズ,1,например,2,phrase,ru→ja / ja→ru候補,наприме́р,例えば,"答え：例えば
品詞：表現
出典候補：第62回
状態：校正用・未確認",russian2,表現,作文,校正用,yes,未確認,v03追加。出典回・アクセント・訳語を要確認。,no,,0.7,,,,,,,
m0428,phrase,таки́м о́бразом,таким образом,このようにして,表現,,,,,,,64,露文和訳/和文露訳/口頭作文,頻出表現・作文用フレーズ,1,таким образом,2,phrase,ru→ja / ja→ru候補,таки́м о́бразом,このようにして,"答え：このようにして
品詞：表現
出典候補：第64回
状態：校正用・未確認",russian2,表現,作文,校正用,yes,未確認,v03追加。出典回・アクセント・訳語を要確認。,no,,0.7,,,,,,,
m0429,phrase,в тече́ние ...,в течение ...,〜の間,表現,,,,,,,66,露文和訳/和文露訳/口頭作文,頻出表現・作文用フレーズ,1,в течение ...,2,phrase,ru→ja / ja→ru候補,в тече́ние ...,〜の間,"答え：〜の間
品詞：表現
出典候補：第66回
状態：校正用・未確認",russian2,表現,作文,校正用,yes,未確認,v03追加。出典回・アクセント・訳語を要確認。,no,,0.7,,,,,,,
m0430,phrase,во вре́мя ...,во время ...,〜の間に,表現,,,,,,,68,露文和訳/和文露訳/口頭作文,頻出表現・作文用フレーズ,1,во время ...,2,phrase,ru→ja / ja→ru候補,во вре́мя ...,〜の間に,"答え：〜の間に
品詞：表現
出典候補：第68回
状態：校正用・未確認",russian2,表現,作文,校正用,yes,未確認,v03追加。出典回・アクセント・訳語を要確認。,no,,0.7,,,,,,,
m0431,phrase,до сих пор,до сих пор,今まで,表現,,,,,,,70,露文和訳/和文露訳/口頭作文,頻出表現・作文用フレーズ,1,до сих пор,2,phrase,ru→ja / ja→ru候補,до сих пор,今まで,"答え：今まで
品詞：表現
出典候補：第70回
状態：校正用・未確認",russian2,表現,作文,校正用,yes,未確認,v03追加。出典回・アクセント・訳語を要確認。,no,,0.7,,,,,,,
m0432,phrase,с тех пор,с тех пор,それ以来,表現,,,,,,,72,露文和訳/和文露訳/口頭作文,頻出表現・作文用フレーズ,1,с тех пор,2,phrase,ru→ja / ja→ru候補,с тех пор,それ以来,"答え：それ以来
品詞：表現
出典候補：第72回
状態：校正用・未確認",russian2,表現,作文,校正用,yes,未確認,v03追加。出典回・アクセント・訳語を要確認。,no,,0.7,,,,,,,
m0433,phrase,каждый день,каждыи день,毎日,表現,,,,,,,74,露文和訳/和文露訳/口頭作文,頻出表現・作文用フレーズ,1,каждыи день,2,phrase,ru→ja / ja→ru候補,каждый день,毎日,"答え：毎日
品詞：表現
出典候補：第74回
状態：校正用・未確認",russian2,表現,作文,校正用,yes,未確認,v03追加。出典回・アクセント・訳語を要確認。,no,,0.7,,,,,,,
m0434,phrase,не́сколько раз,несколько раз,数回,表現,,,,,,,76,露文和訳/和文露訳/口頭作文,頻出表現・作文用フレーズ,1,несколько раз,2,phrase,ru→ja / ja→ru候補,не́сколько раз,数回,"答え：数回
品詞：表現
出典候補：第76回
状態：校正用・未確認",russian2,表現,作文,校正用,yes,未確認,v03追加。出典回・アクセント・訳語を要確認。,no,,0.7,,,,,,,
m0435,phrase,мно́го раз,много раз,何度も,表現,,,,,,,78,露文和訳/和文露訳/口頭作文,頻出表現・作文用フレーズ,1,много раз,2,phrase,ru→ja / ja→ru候補,мно́го раз,何度も,"答え：何度も
品詞：表現
出典候補：第78回
状態：校正用・未確認",russian2,表現,作文,校正用,yes,未確認,v03追加。出典回・アクセント・訳語を要確認。,no,,0.7,,,,,,,
m0436,phrase,с одно́й стороны́,с однои стороны,一方では,表現,,,,,,,82,露文和訳/和文露訳/口頭作文,頻出表現・作文用フレーズ,1,с однои стороны,2,phrase,ru→ja / ja→ru候補,с одно́й стороны́,一方では,"答え：一方では
品詞：表現
出典候補：第82回
状態：校正用・未確認",russian2,表現,作文,校正用,yes,未確認,v03追加。出典回・アクセント・訳語を要確認。,no,,0.7,,,,,,,
m0437,phrase,с друго́й стороны́,с другои стороны,他方では,表現,,,,,,,84,露文和訳/和文露訳/口頭作文,頻出表現・作文用フレーズ,1,с другои стороны,2,phrase,ru→ja / ja→ru候補,с друго́й стороны́,他方では,"答え：他方では
品詞：表現
出典候補：第84回
状態：校正用・未確認",russian2,表現,作文,校正用,yes,未確認,v03追加。出典回・アクセント・訳語を要確認。,no,,0.7,,,,,,,
m0438,phrase,по мо́ему мне́нию,по моему мнению,私の意見では,表現,,,,,,,86,露文和訳/和文露訳/口頭作文,頻出表現・作文用フレーズ,1,по моему мнению,2,phrase,ru→ja / ja→ru候補,по мо́ему мне́нию,私の意見では,"答え：私の意見では
品詞：表現
出典候補：第86回
状態：校正用・未確認",russian2,表現,作文,校正用,yes,未確認,v03追加。出典回・アクセント・訳語を要確認。,no,,0.7,,,,,,,
m0439,phrase,"мо́жно сказа́ть, что ...","можно сказать, что ...",〜と言える,表現,,,,,,,60,露文和訳/和文露訳/口頭作文,頻出表現・作文用フレーズ,1,"можно сказать, что ...",2,phrase,ru→ja / ja→ru候補,"мо́жно сказа́ть, что ...",〜と言える,"答え：〜と言える
品詞：表現
出典候補：第60回
状態：校正用・未確認",russian2,表現,作文,校正用,yes,未確認,v03追加。出典回・アクセント・訳語を要確認。,no,,0.7,,,,,,,
m0440,phrase,"ну́жно отме́тить, что ...","нужно отметить, что ...",〜を指摘する必要がある,表現,,,,,,,62,露文和訳/和文露訳/口頭作文,頻出表現・作文用フレーズ,1,"нужно отметить, что ...",2,phrase,ru→ja / ja→ru候補,"ну́жно отме́тить, что ...",〜を指摘する必要がある,"答え：〜を指摘する必要がある
品詞：表現
出典候補：第62回
状態：校正用・未確認",russian2,表現,作文,校正用,yes,未確認,v03追加。出典回・アクセント・訳語を要確認。,no,,0.7,,,,,,,
m0441,phrase,име́ть значе́ние,иметь значение,意味がある／重要である,表現,,,,,,,64,露文和訳/和文露訳/口頭作文,頻出表現・作文用フレーズ,1,иметь значение,2,phrase,ru→ja / ja→ru候補,име́ть значе́ние,意味がある／重要である,"答え：意味がある／重要である
品詞：表現
出典候補：第64回
状態：校正用・未確認",russian2,表現,作文,校正用,yes,未確認,v03追加。出典回・アクセント・訳語を要確認。,no,,0.7,,,,,,,
m0442,phrase,игра́ть роль,играть роль,役割を果たす,表現,,,,,,,66,露文和訳/和文露訳/口頭作文,頻出表現・作文用フレーズ,1,играть роль,2,phrase,ru→ja / ja→ru候補,игра́ть роль,役割を果たす,"答え：役割を果たす
品詞：表現
出典候補：第66回
状態：校正用・未確認",russian2,表現,作文,校正用,yes,未確認,v03追加。出典回・アクセント・訳語を要確認。,no,,0.7,,,,,,,
m0443,phrase,обраща́ть внима́ние на ...,обращать внимание на ...,〜に注意を払う,表現,,,,,,,68,露文和訳/和文露訳/口頭作文,頻出表現・作文用フレーズ,1,обращать внимание на ...,2,phrase,ru→ja / ja→ru候補,обраща́ть внима́ние на ...,〜に注意を払う,"答え：〜に注意を払う
品詞：表現
出典候補：第68回
状態：校正用・未確認",russian2,表現,作文,校正用,yes,未確認,v03追加。出典回・アクセント・訳語を要確認。,no,,0.7,,,,,,,
m0444,phrase,принима́ть учáстие в ...,принимать учaстие в ...,〜に参加する,表現,,,,,,,70,露文和訳/和文露訳/口頭作文,頻出表現・作文用フレーズ,1,принимать учaстие в ...,2,phrase,ru→ja / ja→ru候補,принима́ть учáстие в ...,〜に参加する,"答え：〜に参加する
品詞：表現
出典候補：第70回
状態：校正用・未確認",russian2,表現,作文,校正用,yes,未確認,v03追加。出典回・アクセント・訳語を要確認。,no,,0.7,,,,,,,
m0445,phrase,сдава́ть экза́мен,сдавать экзамен,試験を受ける,表現,,,,,,,72,露文和訳/和文露訳/口頭作文,頻出表現・作文用フレーズ,1,сдавать экзамен,2,phrase,ru→ja / ja→ru候補,сдава́ть экза́мен,試験を受ける,"答え：試験を受ける
品詞：表現
出典候補：第72回
状態：校正用・未確認",russian2,表現,作文,校正用,yes,未確認,v03追加。出典回・アクセント・訳語を要確認。,no,,0.7,,,,,,,
m0446,phrase,получа́ть оце́нку,получать оценку,評価を受ける,表現,,,,,,,74,露文和訳/和文露訳/口頭作文,頻出表現・作文用フレーズ,1,получать оценку,2,phrase,ru→ja / ja→ru候補,получа́ть оце́нку,評価を受ける,"答え：評価を受ける
品詞：表現
出典候補：第74回
状態：校正用・未確認",russian2,表現,作文,校正用,yes,未確認,v03追加。出典回・アクセント・訳語を要確認。,no,,0.7,,,,,,,
m0447,phrase,проводить ка́никулы,проводить каникулы,休暇を過ごす,表現,,,,,,,76,露文和訳/和文露訳/口頭作文,頻出表現・作文用フレーズ,1,проводить каникулы,2,phrase,ru→ja / ja→ru候補,проводить ка́никулы,休暇を過ごす,"答え：休暇を過ごす
品詞：表現
出典候補：第76回
状態：校正用・未確認",russian2,表現,作文,校正用,yes,未確認,v03追加。出典回・アクセント・訳語を要確認。,no,,0.7,,,,,,,
m0448,phrase,пользоваться компью́тером,пользоваться компьютером,コンピュータを使う,表現,,,,,,,78,露文和訳/和文露訳/口頭作文,頻出表現・作文用フレーズ,1,пользоваться компьютером,2,phrase,ru→ja / ja→ru候補,пользоваться компью́тером,コンピュータを使う,"答え：コンピュータを使う
品詞：表現
出典候補：第78回
状態：校正用・未確認",russian2,表現,作文,校正用,yes,未確認,v03追加。出典回・アクセント・訳語を要確認。,no,,0.7,,,,,,,
m0449,phrase,ограни́чивать вре́мя,ограничивать время,時間を制限する,表現,,,,,,,82,露文和訳/和文露訳/口頭作文,頻出表現・作文用フレーズ,1,ограничивать время,2,phrase,ru→ja / ja→ru候補,ограни́чивать вре́мя,時間を制限する,"答え：時間を制限する
品詞：表現
出典候補：第82回
状態：校正用・未確認",russian2,表現,作文,校正用,yes,未確認,v03追加。出典回・アクセント・訳語を要確認。,no,,0.7,,,,,,,
m0450,phrase,делать оши́бки,делать ошибки,間違いをする,表現,,,,,,,84,露文和訳/和文露訳/口頭作文,頻出表現・作文用フレーズ,1,делать ошибки,2,phrase,ru→ja / ja→ru候補,делать оши́бки,間違いをする,"答え：間違いをする
品詞：表現
出典候補：第84回
状態：校正用・未確認",russian2,表現,作文,校正用,yes,未確認,v03追加。出典回・アクセント・訳語を要確認。,no,,0.7,,,,,,,
m0451,phrase,исправля́ть оши́бки,исправлять ошибки,間違いを直す,表現,,,,,,,86,露文和訳/和文露訳/口頭作文,頻出表現・作文用フレーズ,1,исправлять ошибки,2,phrase,ru→ja / ja→ru候補,исправля́ть оши́бки,間違いを直す,"答え：間違いを直す
品詞：表現
出典候補：第86回
状態：校正用・未確認",russian2,表現,作文,校正用,yes,未確認,v03追加。出典回・アクセント・訳語を要確認。,no,,0.7,,,,,,,
m0452,phrase,учить слова́,учить слова,単語を覚える,表現,,,,,,,60,露文和訳/和文露訳/口頭作文,頻出表現・作文用フレーズ,1,учить слова,2,phrase,ru→ja / ja→ru候補,учить слова́,単語を覚える,"答え：単語を覚える
品詞：表現
出典候補：第60回
状態：校正用・未確認",russian2,表現,作文,校正用,yes,未確認,v03追加。出典回・アクセント・訳語を要確認。,no,,0.7,,,,,,,
m0453,phrase,говорить по-ру́сски,говорить по-русски,ロシア語で話す,表現,,,,,,,62,露文和訳/和文露訳/口頭作文,頻出表現・作文用フレーズ,1,говорить по-русски,2,phrase,ru→ja / ja→ru候補,говорить по-ру́сски,ロシア語で話す,"答え：ロシア語で話す
品詞：表現
出典候補：第62回
状態：校正用・未確認",russian2,表現,作文,校正用,yes,未確認,v03追加。出典回・アクセント・訳語を要確認。,no,,0.7,,,,,,,
m0454,phrase,писать письмо́,писать письмо,手紙を書く,表現,,,,,,,64,露文和訳/和文露訳/口頭作文,頻出表現・作文用フレーズ,1,писать письмо,2,phrase,ru→ja / ja→ru候補,писать письмо́,手紙を書く,"答え：手紙を書く
品詞：表現
出典候補：第64回
状態：校正用・未確認",russian2,表現,作文,校正用,yes,未確認,v03追加。出典回・アクセント・訳語を要確認。,no,,0.7,,,,,,,
m0455,phrase,читать вслух,читать вслух,音読する,表現,,,,,,,66,露文和訳/和文露訳/口頭作文,頻出表現・作文用フレーズ,1,читать вслух,2,phrase,ru→ja / ja→ru候補,читать вслух,音読する,"答え：音読する
品詞：表現
出典候補：第66回
状態：校正用・未確認",russian2,表現,作文,校正用,yes,未確認,v03追加。出典回・アクセント・訳語を要確認。,no,,0.7,,,,,,,
m0456,phrase,слушать те́кст,слушать текст,テキストを聞く,表現,,,,,,,68,露文和訳/和文露訳/口頭作文,頻出表現・作文用フレーズ,1,слушать текст,2,phrase,ru→ja / ja→ru候補,слушать те́кст,テキストを聞く,"答え：テキストを聞く
品詞：表現
出典候補：第68回
状態：校正用・未確認",russian2,表現,作文,校正用,yes,未確認,v03追加。出典回・アクセント・訳語を要確認。,no,,0.7,,,,,,,
m0457,phrase,отвеча́ть на вопро́с,отвечать на вопрос,質問に答える,表現,,,,,,,70,露文和訳/和文露訳/口頭作文,頻出表現・作文用フレーズ,1,отвечать на вопрос,2,phrase,ru→ja / ja→ru候補,отвеча́ть на вопро́с,質問に答える,"答え：質問に答える
品詞：表現
出典候補：第70回
状態：校正用・未確認",russian2,表現,作文,校正用,yes,未確認,v03追加。出典回・アクセント・訳語を要確認。,no,,0.7,,,,,,,
m0458,phrase,задава́ть вопро́с,задавать вопрос,質問する,表現,,,,,,,72,露文和訳/和文露訳/口頭作文,頻出表現・作文用フレーズ,1,задавать вопрос,2,phrase,ru→ja / ja→ru候補,задава́ть вопро́с,質問する,"答え：質問する
品詞：表現
出典候補：第72回
状態：校正用・未確認",russian2,表現,作文,校正用,yes,未確認,v03追加。出典回・アクセント・訳語を要確認。,no,,0.7,,,,,,,
m0459,phrase,ехать на по́езде,ехать на поезде,列車で行く,表現,,,,,,,74,露文和訳/和文露訳/口頭作文,頻出表現・作文用フレーズ,1,ехать на поезде,2,phrase,ru→ja / ja→ru候補,ехать на по́езде,列車で行く,"答え：列車で行く
品詞：表現
出典候補：第74回
状態：校正用・未確認",russian2,表現,作文,校正用,yes,未確認,v03追加。出典回・アクセント・訳語を要確認。,no,,0.7,,,,,,,
m0460,phrase,идти пешко́м,идти пешком,徒歩で行く,表現,,,,,,,76,露文和訳/和文露訳/口頭作文,頻出表現・作文用フレーズ,1,идти пешком,2,phrase,ru→ja / ja→ru候補,идти пешко́м,徒歩で行く,"答え：徒歩で行く
品詞：表現
出典候補：第76回
状態：校正用・未確認",russian2,表現,作文,校正用,yes,未確認,v03追加。出典回・アクセント・訳語を要確認。,no,,0.7,,,,,,,
m0461,phrase,жить в общежи́тии,жить в общежитии,寮に住む,表現,,,,,,,78,露文和訳/和文露訳/口頭作文,頻出表現・作文用フレーズ,1,жить в общежитии,2,phrase,ru→ja / ja→ru候補,жить в общежи́тии,寮に住む,"答え：寮に住む
品詞：表現
出典候補：第78回
状態：校正用・未確認",russian2,表現,作文,校正用,yes,未確認,v03追加。出典回・アクセント・訳語を要確認。,no,,0.7,,,,,,,
m0462,phrase,снима́ть кварти́ру,снимать квартиру,アパートを借りる,表現,,,,,,,82,露文和訳/和文露訳/口頭作文,頻出表現・作文用フレーズ,1,снимать квартиру,2,phrase,ru→ja / ja→ru候補,снима́ть кварти́ру,アパートを借りる,"答え：アパートを借りる
品詞：表現
出典候補：第82回
状態：校正用・未確認",russian2,表現,作文,校正用,yes,未確認,v03追加。出典回・アクセント・訳語を要確認。,no,,0.7,,,,,,,
m0463,phrase,занима́ться ру́сским языко́м,заниматься русским языком,ロシア語を勉強する,表現,,,,,,,84,露文和訳/和文露訳/口頭作文,頻出表現・作文用フレーズ,1,заниматься русским языком,2,phrase,ru→ja / ja→ru候補,занима́ться ру́сским языко́м,ロシア語を勉強する,"答え：ロシア語を勉強する
品詞：表現
出典候補：第84回
状態：校正用・未確認",russian2,表現,作文,校正用,yes,未確認,v03追加。出典回・アクセント・訳語を要確認。,no,,0.7,,,,,,,
m0464,phrase,в тече́ние ле́та,в течение лета,夏の間,数詞表現,,,,,,,86,文法III,数詞・数量表現,1,в течение лета,2,numeral,ru→ja / ja→ru候補,в тече́ние ле́та,夏の間,"答え：夏の間
品詞：数詞表現
出典候補：第86回
状態：校正用・未確認",russian2,数詞,数量表現,校正用,yes,未確認,v03追加。出典回・アクセント・訳語を要確認。,no,,0.7,,,,,,,
m0465,phrase,с 1 ию́ля по 10 сентября́,с 1 июля по 10 сентября,7月1日から9月10日まで,数詞表現,,,,,,,60,文法III,数詞・数量表現,1,с 1 июля по 10 сентября,2,numeral,ru→ja / ja→ru候補,с 1 ию́ля по 10 сентября́,7月1日から9月10日まで,"答え：7月1日から9月10日まで
品詞：数詞表現
出典候補：第60回
状態：校正用・未確認",russian2,数詞,数量表現,校正用,yes,未確認,v03追加。出典回・アクセント・訳語を要確認。,no,,0.7,,,,,,,
m0466,phrase,бо́лее ста киломе́тров,более ста километров,100キロメートル以上,数詞表現,,,,,,,62,文法III,数詞・数量表現,1,более ста километров,2,numeral,ru→ja / ja→ru候補,бо́лее ста киломе́тров,100キロメートル以上,"答え：100キロメートル以上
品詞：数詞表現
出典候補：第62回
状態：校正用・未確認",russian2,数詞,数量表現,校正用,yes,未確認,v03追加。出典回・アクセント・訳語を要確認。,no,,0.7,,,,,,,
m0467,phrase,око́ло двух ты́сяч иен,около двух тысяч иен,約2000円,数詞表現,,,,,,,64,文法III,数詞・数量表現,1,около двух тысяч иен,2,numeral,ru→ja / ja→ru候補,око́ло двух ты́сяч иен,約2000円,"答え：約2000円
品詞：数詞表現
出典候補：第64回
状態：校正用・未確認",russian2,数詞,数量表現,校正用,yes,未確認,v03追加。出典回・アクセント・訳語を要確認。,no,,0.7,,,,,,,
m0468,phrase,бо́льше четырёх ты́сяч челове́к,больше четырех тысяч человек,4000人を超える人々,数詞表現,,,,,,,66,文法III,数詞・数量表現,1,больше четырех тысяч человек,2,numeral,ru→ja / ja→ru候補,бо́льше четырёх ты́сяч челове́к,4000人を超える人々,"答え：4000人を超える人々
品詞：数詞表現
出典候補：第66回
状態：校正用・未確認",russian2,数詞,数量表現,校正用,yes,未確認,v03追加。出典回・アクセント・訳語を要確認。,no,,0.7,,,,,,,
m0469,phrase,три ты́сячи семьсо́т семьдеся́т шесть ме́тров,три тысячи семьсот семьдесят шесть метров,3776メートル,数詞表現,,,,,,,68,文法III,数詞・数量表現,1,три тысячи семьсот семьдесят шесть метров,2,numeral,ru→ja / ja→ru候補,три ты́сячи семьсо́т семьдеся́т шесть ме́тров,3776メートル,"答え：3776メートル
品詞：数詞表現
出典候補：第68回
状態：校正用・未確認",russian2,数詞,数量表現,校正用,yes,未確認,v03追加。出典回・アクセント・訳語を要確認。,no,,0.7,,,,,,,
m0470,phrase,две ты́сячи два́дцать тре́тий год,две тысячи двадцать третии год,2023年,数詞表現,,,,,,,70,文法III,数詞・数量表現,1,две тысячи двадцать третии год,2,numeral,ru→ja / ja→ru候補,две ты́сячи два́дцать тре́тий год,2023年,"答え：2023年
品詞：数詞表現
出典候補：第70回
状態：校正用・未確認",russian2,数詞,数量表現,校正用,yes,未確認,v03追加。出典回・アクセント・訳語を要確認。,no,,0.7,,,,,,,
m0471,phrase,двести два́дцать одна́ ты́сяча челове́к,двести двадцать одна тысяча человек,22万1千人,数詞表現,,,,,,,72,文法III,数詞・数量表現,1,двести двадцать одна тысяча человек,2,numeral,ru→ja / ja→ru候補,двести два́дцать одна́ ты́сяча челове́к,22万1千人,"答え：22万1千人
品詞：数詞表現
出典候補：第72回
状態：校正用・未確認",russian2,数詞,数量表現,校正用,yes,未確認,v03追加。出典回・アクセント・訳語を要確認。,no,,0.7,,,,,,,
m0472,phrase,пять челове́к,пять человек,5人,数詞表現,,,,,,,74,文法III,数詞・数量表現,1,пять человек,2,numeral,ru→ja / ja→ru候補,пять челове́к,5人,"答え：5人
品詞：数詞表現
出典候補：第74回
状態：校正用・未確認",russian2,数詞,数量表現,校正用,yes,未確認,v03追加。出典回・アクセント・訳語を要確認。,no,,0.7,,,,,,,
m0473,phrase,шесть тури́стов,шесть туристов,6人の観光客,数詞表現,,,,,,,76,文法III,数詞・数量表現,1,шесть туристов,2,numeral,ru→ja / ja→ru候補,шесть тури́стов,6人の観光客,"答え：6人の観光客
品詞：数詞表現
出典候補：第76回
状態：校正用・未確認",russian2,数詞,数量表現,校正用,yes,未確認,v03追加。出典回・アクセント・訳語を要確認。,no,,0.7,,,,,,,
m0474,phrase,три писа́теля,три писателя,3人の作家,数詞表現,,,,,,,78,文法III,数詞・数量表現,1,три писателя,2,numeral,ru→ja / ja→ru候補,три писа́теля,3人の作家,"答え：3人の作家
品詞：数詞表現
出典候補：第78回
状態：校正用・未確認",russian2,数詞,数量表現,校正用,yes,未確認,v03追加。出典回・アクセント・訳語を要確認。,no,,0.7,,,,,,,
m0475,phrase,о́ба бе́рега,оба берега,両岸,数詞表現,,,,,,,82,文法III,数詞・数量表現,1,оба берега,2,numeral,ru→ja / ja→ru候補,о́ба бе́рега,両岸,"答え：両岸
品詞：数詞表現
出典候補：第82回
状態：校正用・未確認",russian2,数詞,数量表現,校正用,yes,未確認,v03追加。出典回・アクセント・訳語を要確認。,no,,0.7,,,,,,,
m0476,phrase,все тро́е,все трое,3人全員,数詞表現,,,,,,,84,文法III,数詞・数量表現,1,все трое,2,numeral,ru→ja / ja→ru候補,все тро́е,3人全員,"答え：3人全員
品詞：数詞表現
出典候補：第84回
状態：校正用・未確認",russian2,数詞,数量表現,校正用,yes,未確認,v03追加。出典回・アクセント・訳語を要確認。,no,,0.7,,,,,,,
m0477,phrase,две све́жие газе́ты,две свежие газеты,2部の新しい新聞,数詞表現,,,,,,,86,文法III,数詞・数量表現,1,две свежие газеты,2,numeral,ru→ja / ja→ru候補,две све́жие газе́ты,2部の新しい新聞,"答え：2部の新しい新聞
品詞：数詞表現
出典候補：第86回
状態：校正用・未確認",russian2,数詞,数量表現,校正用,yes,未確認,v03追加。出典回・アクセント・訳語を要確認。,no,,0.7,,,,,,,
m0478,phrase,во́семь часо́в,восемь часов,8時,数詞表現,,,,,,,60,文法III,数詞・数量表現,1,восемь часов,2,numeral,ru→ja / ja→ru候補,во́семь часо́в,8時,"答え：8時
品詞：数詞表現
出典候補：第60回
状態：校正用・未確認",russian2,数詞,数量表現,校正用,yes,未確認,v03追加。出典回・アクセント・訳語を要確認。,no,,0.7,,,,,,,
m0479,phrase,обе руки́,обе руки,両手,数詞表現,,,,,,,62,文法III,数詞・数量表現,1,обе руки,2,numeral,ru→ja / ja→ru候補,обе руки́,両手,"答え：両手
品詞：数詞表現
出典候補：第62回
状態：校正用・未確認",russian2,数詞,数量表現,校正用,yes,未確認,v03追加。出典回・アクセント・訳語を要確認。,no,,0.7,,,,,,,
m0480,phrase,четы́рнадцать ты́сяч пятьсо́т иен,четырнадцать тысяч пятьсот иен,"14,500円",数詞表現,,,,,,,64,文法III,数詞・数量表現,1,четырнадцать тысяч пятьсот иен,2,numeral,ru→ja / ja→ru候補,четы́рнадцать ты́сяч пятьсо́т иен,"14,500円","答え：14,500円
品詞：数詞表現
出典候補：第64回
状態：校正用・未確認",russian2,数詞,数量表現,校正用,yes,未確認,v03追加。出典回・アクセント・訳語を要確認。,no,,0.7,,,,,,,
m0481,phrase,пять япо́нских студе́нток,пять японских студенток,5人の日本人女子学生,数詞表現,,,,,,,66,文法III,数詞・数量表現,1,пять японских студенток,2,numeral,ru→ja / ja→ru候補,пять япо́нских студе́нток,5人の日本人女子学生,"答え：5人の日本人女子学生
品詞：数詞表現
出典候補：第66回
状態：校正用・未確認",russian2,数詞,数量表現,校正用,yes,未確認,v03追加。出典回・アクセント・訳語を要確認。,no,,0.7,,,,,,,
m0482,phrase,сто шестьдеся́т киломе́тров,сто шестьдесят километров,160キロメートル,数詞表現,,,,,,,68,文法III,数詞・数量表現,1,сто шестьдесят километров,2,numeral,ru→ja / ja→ru候補,сто шестьдеся́т киломе́тров,160キロメートル,"答え：160キロメートル
品詞：数詞表現
出典候補：第68回
状態：校正用・未確認",russian2,数詞,数量表現,校正用,yes,未確認,v03追加。出典回・アクセント・訳語を要確認。,no,,0.7,,,,,,,
m0483,phrase,три но́вых магази́на,три новых магазина,3つの新しい店,数詞表現,,,,,,,70,文法III,数詞・数量表現,1,три новых магазина,2,numeral,ru→ja / ja→ru候補,три но́вых магази́на,3つの新しい店,"答え：3つの新しい店
品詞：数詞表現
出典候補：第70回
状態：校正用・未確認",russian2,数詞,数量表現,校正用,yes,未確認,v03追加。出典回・アクセント・訳語を要確認。,no,,0.7,,,,,,,
m0484,phrase,только нас тро́е,только нас трое,私たち3人だけ,数詞表現,,,,,,,72,文法III,数詞・数量表現,1,только нас трое,2,numeral,ru→ja / ja→ru候補,только нас тро́е,私たち3人だけ,"答え：私たち3人だけ
品詞：数詞表現
出典候補：第72回
状態：校正用・未確認",russian2,数詞,数量表現,校正用,yes,未確認,v03追加。出典回・アクセント・訳語を要確認。,no,,0.7,,,,,,,
m0485,phrase,с обе́их сторо́н,с обеих сторон,両側から,数詞表現,,,,,,,74,文法III,数詞・数量表現,1,с обеих сторон,2,numeral,ru→ja / ja→ru候補,с обе́их сторо́н,両側から,"答え：両側から
品詞：数詞表現
出典候補：第74回
状態：校正用・未確認",russian2,数詞,数量表現,校正用,yes,未確認,v03追加。出典回・アクセント・訳語を要確認。,no,,0.7,,,,,,,
m0486,phrase,двести ты́сяч иен,двести тысяч иен,"200,000円",数詞表現,,,,,,,76,文法III,数詞・数量表現,1,двести тысяч иен,2,numeral,ru→ja / ja→ru候補,двести ты́сяч иен,"200,000円","答え：200,000円
品詞：数詞表現
出典候補：第76回
状態：校正用・未確認",russian2,数詞,数量表現,校正用,yes,未確認,v03追加。出典回・アクセント・訳語を要確認。,no,,0.7,,,,,,,
m0487,vocab,написа́вший,написавшии,書いた,形動詞,,,,,,,82,文法IV,形動詞・副動詞,1,написавшии,2,grammar,ru→ja / ja→ru候補,написа́вший,書いた,"答え：書いた
品詞：形動詞
出典候補：第82回
状態：校正用・未確認",russian2,形動詞,副動詞,校正用,yes,未確認,v03追加。出典回・アクセント・訳語を要確認。,no,,0.7,,,,,,,
m0488,vocab,выходя́щий,выходящии,出ている／発行されている,形動詞,,,,,,,60,文法IV,形動詞・副動詞,1,выходящии,2,grammar,ru→ja / ja→ru候補,выходя́щий,出ている／発行されている,"答え：出ている／発行されている
品詞：形動詞
出典候補：第60回
状態：校正用・未確認",russian2,形動詞,副動詞,校正用,yes,未確認,v03追加。出典回・アクセント・訳語を要確認。,no,,0.7,,,,,,,
m0489,vocab,со́зданный,созданныи,作られた,形動詞,,,,,,,64,文法IV,形動詞・副動詞,1,созданныи,2,grammar,ru→ja / ja→ru候補,со́зданный,作られた,"答え：作られた
品詞：形動詞
出典候補：第64回
状態：校正用・未確認",russian2,形動詞,副動詞,校正用,yes,未確認,v03追加。出典回・アクセント・訳語を要確認。,no,,0.7,,,,,,,
m0490,vocab,уча́сь,учась,勉強しながら,形動詞,,,,,,,70,文法IV,形動詞・副動詞,1,учась,2,grammar,ru→ja / ja→ru候補,уча́сь,勉強しながら,"答え：勉強しながら
品詞：形動詞
出典候補：第70回
状態：校正用・未確認",russian2,形動詞,副動詞,校正用,yes,未確認,v03追加。出典回・アクセント・訳語を要確認。,no,,0.7,,,,,,,
m0491,vocab,выходя́,выходя,出ながら,形動詞,,,,,,,72,文法IV,形動詞・副動詞,1,выходя,2,grammar,ru→ja / ja→ru候補,выходя́,出ながら,"答え：出ながら
品詞：形動詞
出典候補：第72回
状態：校正用・未確認",russian2,形動詞,副動詞,校正用,yes,未確認,v03追加。出典回・アクセント・訳語を要確認。,no,,0.7,,,,,,,
m0492,vocab,перейдя́,переидя,移って／渡って,形動詞,,,,,,,74,文法IV,形動詞・副動詞,1,переидя,2,grammar,ru→ja / ja→ru候補,перейдя́,移って／渡って,"答え：移って／渡って
品詞：形動詞
出典候補：第74回
状態：校正用・未確認",russian2,形動詞,副動詞,校正用,yes,未確認,v03追加。出典回・アクセント・訳語を要確認。,no,,0.7,,,,,,,
m0493,vocab,отвеча́я,отвечая,答えながら,副動詞,,,,,,,76,文法IV,形動詞・副動詞,1,отвечая,2,grammar,ru→ja / ja→ru候補,отвеча́я,答えながら,"答え：答えながら
品詞：副動詞
出典候補：第76回
状態：校正用・未確認",russian2,形動詞,副動詞,校正用,yes,未確認,v03追加。出典回・アクセント・訳語を要確認。,no,,0.7,,,,,,,
m0494,vocab,отдыха́я,отдыхая,休みながら,副動詞,,,,,,,84,文法IV,形動詞・副動詞,1,отдыхая,2,grammar,ru→ja / ja→ru候補,отдыха́я,休みながら,"答え：休みながら
品詞：副動詞
出典候補：第84回
状態：校正用・未確認",russian2,形動詞,副動詞,校正用,yes,未確認,v03追加。出典回・アクセント・訳語を要確認。,no,,0.7,,,,,,,
m0495,vocab,написа́в,написав,書いてから,副動詞,,,,,,,86,文法IV,形動詞・副動詞,1,написав,2,grammar,ru→ja / ja→ru候補,написа́в,書いてから,"答え：書いてから
品詞：副動詞
出典候補：第86回
状態：校正用・未確認",russian2,形動詞,副動詞,校正用,yes,未確認,v03追加。出典回・アクセント・訳語を要確認。,no,,0.7,,,,,,,
m0496,vocab,часть,часть,部分,名詞,女性,,,,,,62,語彙/作文,2級作文・読解の基礎語彙,1,часть,2,noun,ru→ja / ja→ru候補,часть,部分,"答え：部分
品詞：名詞
性：女性
出典候補：第62回
状態：校正用・未確認",russian2,基礎重要語,校正用,yes,未確認,v03追加。出典回・アクセント・訳語を要確認。,no,,0.7,,,,,,,,
m0497,vocab,сторона́,сторона,側／方面,名詞,女性,,,,,,64,語彙/作文,2級作文・読解の基礎語彙,1,сторона,2,noun,ru→ja / ja→ru候補,сторона́,側／方面,"答え：側／方面
品詞：名詞
性：女性
出典候補：第64回
状態：校正用・未確認",russian2,基礎重要語,校正用,yes,未確認,v03追加。出典回・アクセント・訳語を要確認。,no,,0.7,,,,,,,,
m0498,vocab,причи́на,причина,理由／原因,名詞,女性,,,,,,66,語彙/作文,2級作文・読解の基礎語彙,1,причина,2,noun,ru→ja / ja→ru候補,причи́на,理由／原因,"答え：理由／原因
品詞：名詞
性：女性
出典候補：第66回
状態：校正用・未確認",russian2,基礎重要語,校正用,yes,未確認,v03追加。出典回・アクセント・訳語を要確認。,no,,0.7,,,,,,,,
m0499,vocab,результа́т,результат,結果,名詞,男性,,,,,,68,語彙/作文,2級作文・読解の基礎語彙,1,результат,2,noun,ru→ja / ja→ru候補,результа́т,結果,"答え：結果
品詞：名詞
性：男性
出典候補：第68回
状態：校正用・未確認",russian2,基礎重要語,校正用,yes,未確認,v03追加。出典回・アクセント・訳語を要確認。,no,,0.7,,,,,,,,
m0500,vocab,усло́вие,условие,条件,名詞,中性,,,,,,70,語彙/作文,2級作文・読解の基礎語彙,1,условие,2,noun,ru→ja / ja→ru候補,усло́вие,条件,"答え：条件
品詞：名詞
性：中性
出典候補：第70回
状態：校正用・未確認",russian2,基礎重要語,校正用,yes,未確認,v03追加。出典回・アクセント・訳語を要確認。,no,,0.7,,,,,,,,
m0501,verb_pair,быва́ть — бы́ть,бывать — быть,ある・いる／時々ある,動詞,,,бывать,быть,бывать—быть,,60,70,文法II,動詞の体・存在表現,1,бывать—быть,2,verb,ru→ja / ja→ru候補,быва́ть — бы́ть,ある・いる／時々ある,"答え：ある・いる／時々ある
品詞：動詞
不完了体：бывать
完了体：быть
出典候補：第60;70
状態：校正用・未確認",russian2,v04,verb,校正用,60,70,yes,未確認,v04追加。出典回・アクセント・訳語・品詞を要確認。動詞は体ペアとして校正。,no,,0.65,,,,
m0502,verb_pair,приходи́ть — прийти́,приходить — приити,来る・到着する,動詞,,,приходить,прийти,приходить—приити,,62,70候補,文法II,移動動詞,1,приходить—приити,2,verb,ru→ja / ja→ru候補,приходи́ть — прийти́,来る・到着する,"答え：来る・到着する
品詞：動詞
不完了体：приходить
完了体：прийти
出典候補：第62;70候補
状態：校正用・未確認",russian2,v04,verb,校正用,62,70候補,yes,未確認,v04追加。出典回・アクセント・訳語・品詞を要確認。動詞は体ペアとして校正。,no,,0.6,,,,
m0503,verb_pair,подходи́ть — подойти́,подходить — подоити,近づく／適している,動詞,,,подходить,подойти,подходить—подоити,,70候補,文法II,移動動詞・語彙,1,подходить—подоити,2,verb,ru→ja / ja→ru候補,подходи́ть — подойти́,近づく／適している,"答え：近づく／適している
品詞：動詞
不完了体：подходить
完了体：подойти
出典候補：第70候補
状態：校正用・未確認",russian2,v04,verb,校正用,70候補,yes,未確認,v04追加。出典回・アクセント・訳語・品詞を要確認。動詞は体ペアとして校正。,no,,0.6,,,,,,
m0504,verb_pair,отходи́ть — отойти́,отходить — отоити,離れる,動詞,,,отходить,отойти,отходить—отоити,,70候補,文法II,移動動詞,1,отходить—отоити,2,verb,ru→ja / ja→ru候補,отходи́ть — отойти́,離れる,"答え：離れる
品詞：動詞
不完了体：отходить
完了体：отойти
出典候補：第70候補
状態：校正用・未確認",russian2,v04,verb,校正用,70候補,yes,未確認,v04追加。出典回・アクセント・訳語・品詞を要確認。動詞は体ペアとして校正。,no,,0.6,,,,,,
m0505,verb_pair,переходи́ть — перейти́,переходить — переити,渡る・移る,動詞,,,переходить,перейти,переходить—переити,,84,文法IV,副動詞・移動,1,переходить—переити,2,verb,ru→ja / ja→ru候補,переходи́ть — перейти́,渡る・移る,"答え：渡る・移る
品詞：動詞
不完了体：переходить
完了体：перейти
出典候補：第84
状態：校正用・未確認",russian2,v04,verb,校正用,84,yes,未確認,v04追加。出典回・アクセント・訳語・品詞を要確認。動詞は体ペアとして校正。,no,,0.65,,,,,,
m0506,verb_pair,проходи́ть — пройти́,проходить — проити,通る・経過する・合格する,動詞,,,проходить,пройти,проходить—проити,,70,74候補,文法II,移動・抽象,1,проходить—проити,2,verb,ru→ja / ja→ru候補,проходи́ть — пройти́,通る・経過する・合格する,"答え：通る・経過する・合格する
品詞：動詞
不完了体：проходить
完了体：пройти
出典候補：第70;74候補
状態：校正用・未確認",russian2,v04,verb,校正用,70,74候補,yes,未確認,v04追加。出典回・アクセント・訳語・品詞を要確認。動詞は体ペアとして校正。,no,,0.6,,,,
m0507,verb_pair,доходи́ть — дойти́,доходить — доити,到達する,動詞,,,доходить,дойти,доходить—доити,,70候補,文法II,移動動詞,1,доходить—доити,2,verb,ru→ja / ja→ru候補,доходи́ть — дойти́,到達する,"答え：到達する
品詞：動詞
不完了体：доходить
完了体：дойти
出典候補：第70候補
状態：校正用・未確認",russian2,v04,verb,校正用,70候補,yes,未確認,v04追加。出典回・アクセント・訳語・品詞を要確認。動詞は体ペアとして校正。,no,,0.6,,,,,,
m0508,verb_pair,ошиба́ться — оши́биться,ошибаться — ошибиться,間違える,動詞,,,ошибаться,ошибиться,ошибаться—ошибиться,,74候補,聴取,学習・誤り,1,ошибаться—ошибиться,2,verb,ru→ja / ja→ru候補,ошиба́ться — оши́биться,間違える,"答え：間違える
品詞：動詞
不完了体：ошибаться
完了体：ошибиться
出典候補：第74候補
状態：校正用・未確認",russian2,v04,verb,校正用,74候補,yes,未確認,v04追加。出典回・アクセント・訳語・品詞を要確認。動詞は体ペアとして校正。,no,,0.6,,,,,,
m0509,verb_pair,выключа́ть — вы́ключить,выключать — выключить,消す・切る,動詞,,,выключать,выключить,выключать—выключить,,62候補,語彙,日常動作,1,выключать—выключить,2,verb,ru→ja / ja→ru候補,выключа́ть — вы́ключить,消す・切る,"答え：消す・切る
品詞：動詞
不完了体：выключать
完了体：выключить
出典候補：第62候補
状態：校正用・未確認",russian2,v04,verb,校正用,62候補,yes,未確認,v04追加。出典回・アクセント・訳語・品詞を要確認。動詞は体ペアとして校正。,no,,0.6,,,,,,
m0510,verb_pair,звони́ть — позвони́ть,звонить — позвонить,電話する,動詞,,,звонить,позвонить,звонить—позвонить,,62候補,語彙,連絡,1,звонить—позвонить,2,verb,ru→ja / ja→ru候補,звони́ть — позвони́ть,電話する,"答え：電話する
品詞：動詞
不完了体：звонить
完了体：позвонить
出典候補：第62候補
状態：校正用・未確認",russian2,v04,verb,校正用,62候補,yes,未確認,v04追加。出典回・アクセント・訳語・品詞を要確認。動詞は体ペアとして校正。,no,,0.6,,,,,,
m0511,verb_pair,рекомендова́ть — порекомендова́ть,рекомендовать — порекомендовать,勧める,動詞,,,рекомендовать,порекомендовать,рекомендовать—порекомендовать,,84候補,露文和訳,助言・推薦,1,рекомендовать—порекомендовать,2,verb,ru→ja / ja→ru候補,рекомендова́ть — порекомендова́ть,勧める,"答え：勧める
品詞：動詞
不完了体：рекомендовать
完了体：порекомендовать
出典候補：第84候補
状態：校正用・未確認",russian2,v04,verb,校正用,84候補,yes,未確認,v04追加。出典回・アクセント・訳語・品詞を要確認。動詞は体ペアとして校正。,no,,0.6,,,,,,
m0512,verb_pair,забо́титься — позабо́титься,заботиться — позаботиться,世話をする・気遣う,動詞,,,заботиться,позаботиться,заботиться—позаботиться,,76候補,和文露訳,親切・配慮,1,заботиться—позаботиться,2,verb,ru→ja / ja→ru候補,забо́титься — позабо́титься,世話をする・気遣う,"答え：世話をする・気遣う
品詞：動詞
不完了体：заботиться
完了体：позаботиться
出典候補：第76候補
状態：校正用・未確認",russian2,v04,verb,校正用,76候補,yes,未確認,v04追加。出典回・アクセント・訳語・品詞を要確認。動詞は体ペアとして校正。,no,,0.6,,,,,,
m0513,verb_pair,восстана́вливаться — восстанови́ться,восстанавливаться — восстановиться,回復する,動詞,,,восстанавливаться,восстановиться,восстанавливаться—восстановиться,,84,露文和訳,ストレス回復,1,восстанавливаться—восстановиться,2,verb,ru→ja / ja→ru候補,восстана́вливаться — восстанови́ться,回復する,"答え：回復する
品詞：動詞
不完了体：восстанавливаться
完了体：восстановиться
出典候補：第84
状態：校正用・未確認",russian2,v04,verb,校正用,84,yes,未確認,v04追加。出典回・アクセント・訳語・品詞を要確認。動詞は体ペアとして校正。,no,,0.65,,,,,,
m0514,verb_pair,развива́ться — разви́ться,развиваться — развиться,発展する,動詞,,,развиваться,развиться,развиваться—развиться,,74,62候補,読解,教育・発展,1,развиваться—развиться,2,verb,ru→ja / ja→ru候補,развива́ться — разви́ться,発展する,"答え：発展する
品詞：動詞
不完了体：развиваться
完了体：развиться
出典候補：第74;62候補
状態：校正用・未確認",russian2,v04,verb,校正用,74,62候補,yes,未確認,v04追加。出典回・アクセント・訳語・品詞を要確認。動詞は体ペアとして校正。,no,,0.6,,,,
m0515,verb_pair,зави́сеть — зави́сеть,зависеть — зависеть,依存する・左右される,動詞,,,зависеть,зависеть,зависеть—зависеть,,70候補,語彙,原因・条件,1,зависеть—зависеть,2,verb,ru→ja / ja→ru候補,зави́сеть — зави́сеть,依存する・左右される,"答え：依存する・左右される
品詞：動詞
不完了体：зависеть
完了体：зависеть
出典候補：第70候補
状態：校正用・未確認",russian2,v04,verb,校正用,70候補,yes,未確認,v04追加。出典回・アクセント・訳語・品詞を要確認。動詞は体ペアとして校正。,no,,0.6,,,,,,
m0516,verb_pair,привыка́ть — привы́кнуть,привыкать — привыкнуть,慣れる,動詞,,,привыкать,привыкнуть,привыкать—привыкнуть,,84候補,語彙,旅行・生活,1,привыкать—привыкнуть,2,verb,ru→ja / ja→ru候補,привыка́ть — привы́кнуть,慣れる,"答え：慣れる
品詞：動詞
不完了体：привыкать
完了体：привыкнуть
出典候補：第84候補
状態：校正用・未確認",russian2,v04,verb,校正用,84候補,yes,未確認,v04追加。出典回・アクセント・訳語・品詞を要確認。動詞は体ペアとして校正。,no,,0.6,,,,,,
m0517,verb_pair,замеча́ть — заме́тить,замечать — заметить,気づく,動詞,,,замечать,заметить,замечать—заметить,,84候補,語彙,旅行・観察,1,замечать—заметить,2,verb,ru→ja / ja→ru候補,замеча́ть — заме́тить,気づく,"答え：気づく
品詞：動詞
不完了体：замечать
完了体：заметить
出典候補：第84候補
状態：校正用・未確認",russian2,v04,verb,校正用,84候補,yes,未確認,v04追加。出典回・アクセント・訳語・品詞を要確認。動詞は体ペアとして校正。,no,,0.6,,,,,,
m0518,verb_pair,удивля́ться — удиви́ться,удивляться — удивиться,驚く,動詞,,,удивляться,удивиться,удивляться—удивиться,,84,和文露訳,旅行で驚く,1,удивляться—удивиться,2,verb,ru→ja / ja→ru候補,удивля́ться — удиви́ться,驚く,"答え：驚く
品詞：動詞
不完了体：удивляться
完了体：удивиться
出典候補：第84
状態：校正用・未確認",russian2,v04,verb,校正用,84,yes,未確認,v04追加。出典回・アクセント・訳語・品詞を要確認。動詞は体ペアとして校正。,no,,0.65,,,,,,
m0519,verb_pair,уважа́ть — зауважа́ть,уважать — зауважать,尊敬する,動詞,,,уважать,зауважать,уважать—зауважать,,84候補,和文露訳,観光客への接し方,1,уважать—зауважать,2,verb,ru→ja / ja→ru候補,уважа́ть — зауважа́ть,尊敬する,"答え：尊敬する
品詞：動詞
不完了体：уважать
完了体：зауважать
出典候補：第84候補
状態：校正用・未確認",russian2,v04,verb,校正用,84候補,yes,未確認,v04追加。出典回・アクセント・訳語・品詞を要確認。動詞は体ペアとして校正。,no,,0.6,,,,,,
m0520,verb_pair,относи́ться — отнести́сь,относиться — отнестись,接する・関係する,動詞,,,относиться,отнестись,относиться—отнестись,,84,74,文法I/和訳,отношение,1,относиться—отнестись,2,verb,ru→ja / ja→ru候補,относи́ться — отнести́сь,接する・関係する,"答え：接する・関係する
品詞：動詞
不完了体：относиться
完了体：отнестись
出典候補：第84;74
状態：校正用・未確認",russian2,v04,verb,校正用,84,74,yes,未確認,v04追加。出典回・アクセント・訳語・品詞を要確認。動詞は体ペアとして校正。,no,,0.65,,,,
m0521,verb_pair,покупа́ть — купи́ть,покупать — купить,買う,動詞,,,покупать,купить,покупать—купить,,70候補,語彙,日常,1,покупать—купить,2,verb,ru→ja / ja→ru候補,покупа́ть — купи́ть,買う,"答え：買う
品詞：動詞
不完了体：покупать
完了体：купить
出典候補：第70候補
状態：校正用・未確認",russian2,v04,verb,校正用,70候補,yes,未確認,v04追加。出典回・アクセント・訳語・品詞を要確認。動詞は体ペアとして校正。,no,,0.6,,,,,,
m0522,verb_pair,продава́ть — прода́ть,продавать — продать,売る,動詞,,,продавать,продать,продавать—продать,,74候補,語彙,経済・生活,1,продавать—продать,2,verb,ru→ja / ja→ru候補,продава́ть — прода́ть,売る,"答え：売る
品詞：動詞
不完了体：продавать
完了体：продать
出典候補：第74候補
状態：校正用・未確認",russian2,v04,verb,校正用,74候補,yes,未確認,v04追加。出典回・アクセント・訳語・品詞を要確認。動詞は体ペアとして校正。,no,,0.6,,,,,,
m0523,verb_pair,плати́ть — заплати́ть,платить — заплатить,支払う,動詞,,,платить,заплатить,платить—заплатить,,84,文法III,入山料・金額,1,платить—заплатить,2,verb,ru→ja / ja→ru候補,плати́ть — заплати́ть,支払う,"答え：支払う
品詞：動詞
不完了体：платить
完了体：заплатить
出典候補：第84
状態：校正用・未確認",russian2,v04,verb,校正用,84,yes,未確認,v04追加。出典回・アクセント・訳語・品詞を要確認。動詞は体ペアとして校正。,no,,0.65,,,,,,
m0524,verb_pair,теря́ть — потеря́ть,терять — потерять,失う・なくす,動詞,,,терять,потерять,терять—потерять,,70候補,語彙,生活,1,терять—потерять,2,verb,ru→ja / ja→ru候補,теря́ть — потеря́ть,失う・なくす,"答え：失う・なくす
品詞：動詞
不完了体：терять
完了体：потерять
出典候補：第70候補
状態：校正用・未確認",russian2,v04,verb,校正用,70候補,yes,未確認,v04追加。出典回・アクセント・訳語・品詞を要確認。動詞は体ペアとして校正。,no,,0.6,,,,,,
m0525,verb_pair,находи́ть — найти́,находить — наити,見つける,動詞,,,находить,найти,находить—наити,,62候補,語彙,生活・学習,1,находить—наити,2,verb,ru→ja / ja→ru候補,находи́ть — найти́,見つける,"答え：見つける
品詞：動詞
不完了体：находить
完了体：найти
出典候補：第62候補
状態：校正用・未確認",russian2,v04,verb,校正用,62候補,yes,未確認,v04追加。出典回・アクセント・訳語・品詞を要確認。動詞は体ペアとして校正。,no,,0.6,,,,,,
m0526,verb_pair,иска́ть — поиска́ть,искать — поискать,探す,動詞,,,искать,поискать,искать—поискать,,62候補,語彙,生活・学習,1,искать—поискать,2,verb,ru→ja / ja→ru候補,иска́ть — поиска́ть,探す,"答え：探す
品詞：動詞
不完了体：искать
完了体：поискать
出典候補：第62候補
状態：校正用・未確認",russian2,v04,verb,校正用,62候補,yes,未確認,v04追加。出典回・アクセント・訳語・品詞を要確認。動詞は体ペアとして校正。,no,,0.6,,,,,,
m0527,verb_pair,класть — положи́ть,класть — положить,置く,動詞,,,класть,положить,класть—положить,,62候補,語彙,部屋・生活,1,класть—положить,2,verb,ru→ja / ja→ru候補,класть — положи́ть,置く,"答え：置く
品詞：動詞
不完了体：класть
完了体：положить
出典候補：第62候補
状態：校正用・未確認",russian2,v04,verb,校正用,62候補,yes,未確認,v04追加。出典回・アクセント・訳語・品詞を要確認。動詞は体ペアとして校正。,no,,0.6,,,,,,
m0528,verb_pair,стави́ть — поста́вить,ставить — поставить,置く・設置する,動詞,,,ставить,поставить,ставить—поставить,,84,文法IV,形動詞,1,ставить—поставить,2,verb,ru→ja / ja→ru候補,стави́ть — поста́вить,置く・設置する,"答え：置く・設置する
品詞：動詞
不完了体：ставить
完了体：поставить
出典候補：第84
状態：校正用・未確認",russian2,v04,verb,校正用,84,yes,未確認,v04追加。出典回・アクセント・訳語・品詞を要確認。動詞は体ペアとして校正。,no,,0.65,,,,,,
m0529,verb_pair,веша́ть — пове́сить,вешать — повесить,掛ける,動詞,,,вешать,повесить,вешать—повесить,,62候補,語彙,部屋・生活,1,вешать—повесить,2,verb,ru→ja / ja→ru候補,веша́ть — пове́сить,掛ける,"答え：掛ける
品詞：動詞
不完了体：вешать
完了体：повесить
出典候補：第62候補
状態：校正用・未確認",russian2,v04,verb,校正用,62候補,yes,未確認,v04追加。出典回・アクセント・訳語・品詞を要確認。動詞は体ペアとして校正。,no,,0.6,,,,,,
m0530,verb_pair,мо́кнуть — промо́кнуть,мокнуть — промокнуть,濡れる,動詞,,,мокнуть,промокнуть,мокнуть—промокнуть,,70,文法I,天気・ぬかるみ,1,мокнуть—промокнуть,2,verb,ru→ja / ja→ru候補,мо́кнуть — промо́кнуть,濡れる,"答え：濡れる
品詞：動詞
不完了体：мокнуть
完了体：промокнуть
出典候補：第70
状態：校正用・未確認",russian2,v04,verb,校正用,70,yes,未確認,v04追加。出典回・アクセント・訳語・品詞を要確認。動詞は体ペアとして校正。,no,,0.65,,,,,,
m0531,verb_pair,скуча́ть — соску́читься,скучать — соскучиться,退屈する／恋しく思う,動詞,,,скучать,соскучиться,скучать—соскучиться,,70,文法I,干ばつ・気分,1,скучать—соскучиться,2,verb,ru→ja / ja→ru候補,скуча́ть — соску́читься,退屈する／恋しく思う,"答え：退屈する／恋しく思う
品詞：動詞
不完了体：скучать
完了体：соскучиться
出典候補：第70
状態：校正用・未確認",russian2,v04,verb,校正用,70,yes,未確認,v04追加。出典回・アクセント・訳語・品詞を要確認。動詞は体ペアとして校正。,no,,0.65,,,,,,
m0532,verb_pair,беспоко́иться — побеспоко́иться,беспокоиться — побеспокоиться,心配する,動詞,,,беспокоиться,побеспокоиться,беспокоиться—побеспокоиться,,84候補,露文和訳,親・子ども,1,беспокоиться—побеспокоиться,2,verb,ru→ja / ja→ru候補,беспоко́иться — побеспоко́иться,心配する,"答え：心配する
品詞：動詞
不完了体：беспокоиться
完了体：побеспокоиться
出典候補：第84候補
状態：校正用・未確認",russian2,v04,verb,校正用,84候補,yes,未確認,v04追加。出典回・アクセント・訳語・品詞を要確認。動詞は体ペアとして校正。,no,,0.6,,,,,,
m0533,verb_pair,ра́доваться — обра́доваться,радоваться — обрадоваться,喜ぶ,動詞,,,радоваться,обрадоваться,радоваться—обрадоваться,,76候補,語彙,感情,1,радоваться—обрадоваться,2,verb,ru→ja / ja→ru候補,ра́доваться — обра́доваться,喜ぶ,"答え：喜ぶ
品詞：動詞
不完了体：радоваться
完了体：обрадоваться
出典候補：第76候補
状態：校正用・未確認",russian2,v04,verb,校正用,76候補,yes,未確認,v04追加。出典回・アクセント・訳語・品詞を要確認。動詞は体ペアとして校正。,no,,0.6,,,,,,
m0534,verb_pair,любова́ться — полюбова́ться,любоваться — полюбоваться,見とれる・鑑賞する,動詞,,,любоваться,полюбоваться,любоваться—полюбоваться,,70候補,語彙,景色・旅行,1,любоваться—полюбоваться,2,verb,ru→ja / ja→ru候補,любова́ться — полюбова́ться,見とれる・鑑賞する,"答え：見とれる・鑑賞する
品詞：動詞
不完了体：любоваться
完了体：полюбоваться
出典候補：第70候補
状態：校正用・未確認",russian2,v04,verb,校正用,70候補,yes,未確認,v04追加。出典回・アクセント・訳語・品詞を要確認。動詞は体ペアとして校正。,no,,0.6,,,,,,
m0535,verb_pair,снима́ть — снять,снимать — снять,撮影する／脱ぐ／借りる,動詞,,,снимать,снять,снимать—снять,,62候補,語彙,アパート・写真,1,снимать—снять,2,verb,ru→ja / ja→ru候補,снима́ть — снять,撮影する／脱ぐ／借りる,"答え：撮影する／脱ぐ／借りる
品詞：動詞
不完了体：снимать
完了体：снять
出典候補：第62候補
状態：校正用・未確認",russian2,v04,verb,校正用,62候補,yes,未確認,v04追加。出典回・アクセント・訳語・品詞を要確認。動詞は体ペアとして校正。,no,,0.6,,,,,,
m0536,verb_pair,арендова́ть — арендова́ть,арендовать — арендовать,賃借りする,動詞,,,арендовать,арендовать,арендовать—арендовать,,62候補,聴取,アパート,1,арендовать—арендовать,2,verb,ru→ja / ja→ru候補,арендова́ть — арендова́ть,賃借りする,"答え：賃借りする
品詞：動詞
不完了体：арендовать
完了体：арендовать
出典候補：第62候補
状態：校正用・未確認",russian2,v04,verb,校正用,62候補,yes,未確認,v04追加。出典回・アクセント・訳語・品詞を要確認。動詞は体ペアとして校正。,no,,0.6,,,,,,
m0537,verb_pair,нести́ — отнести́,нести — отнести,持って行く,動詞,,,нести,отнести,нести—отнести,,70候補,語彙,荷物・リュック,1,нести—отнести,2,verb,ru→ja / ja→ru候補,нести́ — отнести́,持って行く,"答え：持って行く
品詞：動詞
不完了体：нести
完了体：отнести
出典候補：第70候補
状態：校正用・未確認",russian2,v04,verb,校正用,70候補,yes,未確認,v04追加。出典回・アクセント・訳語・品詞を要確認。動詞は体ペアとして校正。,no,,0.6,,,,,,
m0538,verb_pair,носи́ть — поноси́ть,носить — поносить,身に着ける・運ぶ,動詞,,,носить,поносить,носить—поносить,,70候補,語彙,リュック・服,1,носить—поносить,2,verb,ru→ja / ja→ru候補,носи́ть — поноси́ть,身に着ける・運ぶ,"答え：身に着ける・運ぶ
品詞：動詞
不完了体：носить
完了体：поносить
出典候補：第70候補
状態：校正用・未確認",russian2,v04,verb,校正用,70候補,yes,未確認,v04追加。出典回・アクセント・訳語・品詞を要確認。動詞は体ペアとして校正。,no,,0.6,,,,,,
m0539,verb_pair,мыть — помы́ть,мыть — помыть,洗う,動詞,,,мыть,помыть,мыть—помыть,,70候補,語彙,日常,1,мыть—помыть,2,verb,ru→ja / ja→ru候補,мыть — помы́ть,洗う,"答え：洗う
品詞：動詞
不完了体：мыть
完了体：помыть
出典候補：第70候補
状態：校正用・未確認",russian2,v04,verb,校正用,70候補,yes,未確認,v04追加。出典回・アクセント・訳語・品詞を要確認。動詞は体ペアとして校正。,no,,0.6,,,,,,
m0540,verb_pair,снижа́ться — сни́зиться,снижаться — снизиться,低下する,動詞,,,снижаться,снизиться,снижаться—снизиться,,74,露文和訳,人口割合,1,снижаться—снизиться,2,verb,ru→ja / ja→ru候補,снижа́ться — сни́зиться,低下する,"答え：低下する
品詞：動詞
不完了体：снижаться
完了体：снизиться
出典候補：第74
状態：校正用・未確認",russian2,v04,verb,校正用,74,yes,未確認,v04追加。出典回・アクセント・訳語・品詞を要確認。動詞は体ペアとして校正。,no,,0.65,,,,,,
m0541,verb_pair,увели́чиваться — увели́читься,увеличиваться — увеличиться,増える,動詞,,,увеличиваться,увеличиться,увеличиваться—увеличиться,,74,露文和訳,高齢化・年金,1,увеличиваться—увеличиться,2,verb,ru→ja / ja→ru候補,увели́чиваться — увели́читься,増える,"答え：増える
品詞：動詞
不完了体：увеличиваться
完了体：увеличиться
出典候補：第74
状態：校正用・未確認",russian2,v04,verb,校正用,74,yes,未確認,v04追加。出典回・アクセント・訳語・品詞を要確認。動詞は体ペアとして校正。,no,,0.65,,,,,,
m0542,verb_pair,уменьша́ться — уме́ньшиться,уменьшаться — уменьшиться,減る,動詞,,,уменьшаться,уменьшиться,уменьшаться—уменьшиться,,74,露文和訳,人口,1,уменьшаться—уменьшиться,2,verb,ru→ja / ja→ru候補,уменьша́ться — уме́ньшиться,減る,"答え：減る
品詞：動詞
不完了体：уменьшаться
完了体：уменьшиться
出典候補：第74
状態：校正用・未確認",russian2,v04,verb,校正用,74,yes,未確認,v04追加。出典回・アクセント・訳語・品詞を要確認。動詞は体ペアとして校正。,no,,0.65,,,,,,
m0543,verb_pair,достига́ть — дости́чь,достигать — достичь,到達する・達成する,動詞,,,достигать,достичь,достигать—достичь,,74,文法I,経済発展,1,достигать—достичь,2,verb,ru→ja / ja→ru候補,достига́ть — дости́чь,到達する・達成する,"答え：到達する・達成する
品詞：動詞
不完了体：достигать
完了体：достичь
出典候補：第74
状態：校正用・未確認",russian2,v04,verb,校正用,74,yes,未確認,v04追加。出典回・アクセント・訳語・品詞を要確認。動詞は体ペアとして校正。,no,,0.65,,,,,,
m0544,verb_pair,хвали́ть — похвали́ть,хвалить — похвалить,褒める,動詞,,,хвалить,похвалить,хвалить—похвалить,,74,文法I,особая похвала,1,хвалить—похвалить,2,verb,ru→ja / ja→ru候補,хвали́ть — похвали́ть,褒める,"答え：褒める
品詞：動詞
不完了体：хвалить
完了体：похвалить
出典候補：第74
状態：校正用・未確認",russian2,v04,verb,校正用,74,yes,未確認,v04追加。出典回・アクセント・訳語・品詞を要確認。動詞は体ペアとして校正。,no,,0.65,,,,,,
m0545,verb_pair,критикова́ть — раскритикова́ть,критиковать — раскритиковать,批判する,動詞,,,критиковать,раскритиковать,критиковать—раскритиковать,,74候補,語彙,評価,1,критиковать—раскритиковать,2,verb,ru→ja / ja→ru候補,критикова́ть — раскритикова́ть,批判する,"答え：批判する
品詞：動詞
不完了体：критиковать
完了体：раскритиковать
出典候補：第74候補
状態：校正用・未確認",russian2,v04,verb,校正用,74候補,yes,未確認,v04追加。出典回・アクセント・訳語・品詞を要確認。動詞は体ペアとして校正。,no,,0.6,,,,,,
m0546,verb_pair,доказывать — доказа́ть,доказывать — доказать,証明する,動詞,,,доказывать,доказать,доказывать—доказать,,62候補,語彙,説明・論証,1,доказывать—доказать,2,verb,ru→ja / ja→ru候補,доказывать — доказа́ть,証明する,"答え：証明する
品詞：動詞
不完了体：доказывать
完了体：доказать
出典候補：第62候補
状態：校正用・未確認",russian2,v04,verb,校正用,62候補,yes,未確認,v04追加。出典回・アクセント・訳語・品詞を要確認。動詞は体ペアとして校正。,no,,0.6,,,,,,
m0547,verb_pair,обнару́живать — обнару́жить,обнаруживать — обнаружить,発見する,動詞,,,обнаруживать,обнаружить,обнаруживать—обнаружить,,70,露文和訳,新しい言語,1,обнаруживать—обнаружить,2,verb,ru→ja / ja→ru候補,обнару́живать — обнару́жить,発見する,"答え：発見する
品詞：動詞
不完了体：обнаруживать
完了体：обнаружить
出典候補：第70
状態：校正用・未確認",russian2,v04,verb,校正用,70,yes,未確認,v04追加。出典回・アクセント・訳語・品詞を要確認。動詞は体ペアとして校正。,no,,0.65,,,,,,
m0548,verb_pair,исследовать — иссле́довать,исследовать — исследовать,研究する・調査する,動詞,,,исследовать,исследовать,исследовать—исследовать,,70候補,読解,言語研究,1,исследовать—исследовать,2,verb,ru→ja / ja→ru候補,исследовать — иссле́довать,研究する・調査する,"答え：研究する・調査する
品詞：動詞
不完了体：исследовать
完了体：исследовать
出典候補：第70候補
状態：校正用・未確認",russian2,v04,verb,校正用,70候補,yes,未確認,v04追加。出典回・アクセント・訳語・品詞を要確認。動詞は体ペアとして校正。,no,,0.6,,,,,,
m0549,verb_pair,прогнозировать — спрогнози́ровать,прогнозировать — спрогнозировать,予報する・予測する,動詞,,,прогнозировать,спрогнозировать,прогнозировать—спрогнозировать,,70,文法I,天気予報,1,прогнозировать—спрогнозировать,2,verb,ru→ja / ja→ru候補,прогнозировать — спрогнози́ровать,予報する・予測する,"答え：予報する・予測する
品詞：動詞
不完了体：прогнозировать
完了体：спрогнозировать
出典候補：第70
状態：校正用・未確認",russian2,v04,verb,校正用,70,yes,未確認,v04追加。出典回・アクセント・訳語・品詞を要確認。動詞は体ペアとして校正。,no,,0.65,,,,,,
m0550,verb_pair,се́ять — посе́ять,сеять — посеять,種をまく,動詞,,,сеять,посеять,сеять—посеять,,70,文法I,農業・播種,1,сеять—посеять,2,verb,ru→ja / ja→ru候補,се́ять — посе́ять,種をまく,"答え：種をまく
品詞：動詞
不完了体：сеять
完了体：посеять
出典候補：第70
状態：校正用・未確認",russian2,v04,verb,校正用,70,yes,未確認,v04追加。出典回・アクセント・訳語・品詞を要確認。動詞は体ペアとして校正。,no,,0.65,,,,,,
m0551,verb_pair,разы́грываться — разыгра́ться,разыгрываться — разыграться,嵐などが起こる,動詞,,,разыгрываться,разыграться,разыгрываться—разыграться,,70,文法I,шторм,1,разыгрываться—разыграться,2,verb,ru→ja / ja→ru候補,разы́грываться — разыгра́ться,嵐などが起こる,"答え：嵐などが起こる
品詞：動詞
不完了体：разыгрываться
完了体：разыграться
出典候補：第70
状態：校正用・未確認",russian2,v04,verb,校正用,70,yes,未確認,v04追加。出典回・アクセント・訳語・品詞を要確認。動詞は体ペアとして校正。,no,,0.65,,,,,,
m0552,verb_pair,появля́ться — появи́ться,появляться — появиться,現れる,動詞,,,появляться,появиться,появляться—появиться,,70候補,語彙,自然・言語,1,появляться—появиться,2,verb,ru→ja / ja→ru候補,появля́ться — появи́ться,現れる,"答え：現れる
品詞：動詞
不完了体：появляться
完了体：появиться
出典候補：第70候補
状態：校正用・未確認",russian2,v04,verb,校正用,70候補,yes,未確認,v04追加。出典回・アクセント・訳語・品詞を要確認。動詞は体ペアとして校正。,no,,0.6,,,,,,
m0553,verb_pair,исчеза́ть — исче́знуть,исчезать — исчезнуть,消える,動詞,,,исчезать,исчезнуть,исчезать—исчезнуть,,70候補,語彙,自然・人口,1,исчезать—исчезнуть,2,verb,ru→ja / ja→ru候補,исчеза́ть — исче́знуть,消える,"答え：消える
品詞：動詞
不完了体：исчезать
完了体：исчезнуть
出典候補：第70候補
状態：校正用・未確認",russian2,v04,verb,校正用,70候補,yes,未確認,v04追加。出典回・アクセント・訳語・品詞を要確認。動詞は体ペアとして校正。,no,,0.6,,,,,,
m0554,verb_pair,жить — прожи́ть,жить — прожить,住む・生きる,動詞,,,жить,прожить,жить—прожить,,62,84,聴取,アパート・生活,1,жить—прожить,2,verb,ru→ja / ja→ru候補,жить — прожи́ть,住む・生きる,"答え：住む・生きる
品詞：動詞
不完了体：жить
完了体：прожить
出典候補：第62;84
状態：校正用・未確認",russian2,v04,verb,校正用,62,84,yes,未確認,v04追加。出典回・アクセント・訳語・品詞を要確認。動詞は体ペアとして校正。,no,,0.65,,,,
m0555,verb_pair,выжива́ть — вы́жить,выживать — выжить,生き残る,動詞,,,выживать,выжить,выживать—выжить,,70候補,語彙,災害,1,выживать—выжить,2,verb,ru→ja / ja→ru候補,выжива́ть — вы́жить,生き残る,"答え：生き残る
品詞：動詞
不完了体：выживать
完了体：выжить
出典候補：第70候補
状態：校正用・未確認",russian2,v04,verb,校正用,70候補,yes,未確認,v04追加。出典回・アクセント・訳語・品詞を要確認。動詞は体ペアとして校正。,no,,0.6,,,,,,
m0556,verb_pair,объединя́ть — объедини́ть,объединять — объединить,結合する・統合する,動詞,,,объединять,объединить,объединять—объединить,,74候補,語彙,社会,1,объединять—объединить,2,verb,ru→ja / ja→ru候補,объединя́ть — объедини́ть,結合する・統合する,"答え：結合する・統合する
品詞：動詞
不完了体：объединять
完了体：объединить
出典候補：第74候補
状態：校正用・未確認",russian2,v04,verb,校正用,74候補,yes,未確認,v04追加。出典回・アクセント・訳語・品詞を要確認。動詞は体ペアとして校正。,no,,0.6,,,,,,
m0557,verb_pair,разделя́ть — раздели́ть,разделять — разделить,分ける・共有する,動詞,,,разделять,разделить,разделять—разделить,,70候補,語彙,分類・区別,1,разделять—разделить,2,verb,ru→ja / ja→ru候補,разделя́ть — раздели́ть,分ける・共有する,"答え：分ける・共有する
品詞：動詞
不完了体：разделять
完了体：разделить
出典候補：第70候補
状態：校正用・未確認",russian2,v04,verb,校正用,70候補,yes,未確認,v04追加。出典回・アクセント・訳語・品詞を要確認。動詞は体ペアとして校正。,no,,0.6,,,,,,
m0558,verb_pair,принадлежа́ть — принадлежа́ть,принадлежать — принадлежать,属する,動詞,,,принадлежать,принадлежать,принадлежать—принадлежать,,74候補,語彙,所有・分類,1,принадлежать—принадлежать,2,verb,ru→ja / ja→ru候補,принадлежа́ть — принадлежа́ть,属する,"答え：属する
品詞：動詞
不完了体：принадлежать
完了体：принадлежать
出典候補：第74候補
状態：校正用・未確認",russian2,v04,verb,校正用,74候補,yes,未確認,v04追加。出典回・アクセント・訳語・品詞を要確認。動詞は体ペアとして校正。,no,,0.6,,,,,,
m0559,vocab,пове́рхность,поверхность,表面,名詞,女性,,,,,,84候補,文法I,地球・自然,1,поверхность,2,noun,ru→ja / ja→ru候補,пове́рхность,表面,"答え：表面
品詞：名詞
性：女性
出典候補：第84候補
状態：校正用・未確認",russian2,v04,校正用,noun,84候補,yes,未確認,v04追加。出典回・アクセント・訳語・品詞を要確認。動詞は体ペアとして校正。,no,,0.6,,,,,,
m0560,vocab,лу́ч,луч,光線,名詞,男性,,,,,,84候補,文法I,太陽光,1,луч,2,noun,ru→ja / ja→ru候補,лу́ч,光線,"答え：光線
品詞：名詞
性：男性
出典候補：第84候補
状態：校正用・未確認",russian2,v04,校正用,noun,84候補,yes,未確認,v04追加。出典回・アクセント・訳語・品詞を要確認。動詞は体ペアとして校正。,no,,0.6,,,,,,
m0561,vocab,рассе́яние,рассеяние,散乱,名詞,中性,,,,,,84,文法I,太陽光の散乱,1,рассеяние,2,noun,ru→ja / ja→ru候補,рассе́яние,散乱,"答え：散乱
品詞：名詞
性：中性
出典候補：第84
状態：校正用・未確認",russian2,v04,校正用,noun,84,yes,未確認,v04追加。出典回・アクセント・訳語・品詞を要確認。動詞は体ペアとして校正。,no,,0.65,,,,,,
m0562,vocab,прозра́чность,прозрачность,透明性,名詞,女性,,,,,,84候補,文法I,大気,1,прозрачность,2,noun,ru→ja / ja→ru候補,прозра́чность,透明性,"答え：透明性
品詞：名詞
性：女性
出典候補：第84候補
状態：校正用・未確認",russian2,v04,校正用,noun,84候補,yes,未確認,v04追加。出典回・アクセント・訳語・品詞を要確認。動詞は体ペアとして校正。,no,,0.6,,,,,,
m0563,vocab,жизнь,жизнь,生活・人生,名詞,女性,,,,,,70,74,62,読解,生活全般,1,жизнь,2,noun,ru→ja / ja→ru候補,жизнь,生活・人生,"答え：生活・人生
品詞：名詞
性：女性
出典候補：第70;74;62
状態：校正用・未確認",russian2,v04,校正用,noun,70,74,62,yes,未確認,v04追加。出典回・アクセント・訳語・品詞を要確認。動詞は体ペアとして校正。,no,,0.65,,
m0564,vocab,мысль,мысль,考え,名詞,女性,,,,,,70,文法I,天気と考え,1,мысль,2,noun,ru→ja / ja→ru候補,мысль,考え,"答え：考え
品詞：名詞
性：女性
出典候補：第70
状態：校正用・未確認",russian2,v04,校正用,noun,70,yes,未確認,v04追加。出典回・アクセント・訳語・品詞を要確認。動詞は体ペアとして校正。,no,,0.65,,,,,,
m0565,vocab,челове́к,человек,人間,名詞,男性,,,,,,70,74,読解,人間,1,человек,2,noun,ru→ja / ja→ru候補,челове́к,人間,"答え：人間
品詞：名詞
性：男性
出典候補：第70;74
状態：校正用・未確認",russian2,v04,校正用,noun,70,74,yes,未確認,v04追加。出典回・アクセント・訳語・品詞を要確認。動詞は体ペアとして校正。,no,,0.65,,,,
m0566,vocab,власть,власть,力・支配,名詞,女性,,,,,,70,文法I,властен над погодой,1,власть,2,noun,ru→ja / ja→ru候補,власть,力・支配,"答え：力・支配
品詞：名詞
性：女性
出典候補：第70
状態：校正用・未確認",russian2,v04,校正用,noun,70,yes,未確認,v04追加。出典回・アクセント・訳語・品詞を要確認。動詞は体ペアとして校正。,no,,0.65,,,,,,
m0567,vocab,та́йна,таина,秘密,名詞,女性,,,,,,70,文法I,тайны погоды,1,таина,2,noun,ru→ja / ja→ru候補,та́йна,秘密,"答え：秘密
品詞：名詞
性：女性
出典候補：第70
状態：校正用・未確認",russian2,v04,校正用,noun,70,yes,未確認,v04追加。出典回・アクセント・訳語・品詞を要確認。動詞は体ペアとして校正。,no,,0.65,,,,,,
m0568,vocab,газе́та,газета,新聞,名詞,女性,,,,,,70,文法I,予報・新聞,1,газета,2,noun,ru→ja / ja→ru候補,газе́та,新聞,"答え：新聞
品詞：名詞
性：女性
出典候補：第70
状態：校正用・未確認",russian2,v04,校正用,noun,70,yes,未確認,v04追加。出典回・アクセント・訳語・品詞を要確認。動詞は体ペアとして校正。,no,,0.65,,,,,,
m0569,vocab,язы́к,язык,言語,名詞,男性,,,,,,70,62,74,読解,話し言葉・外国語,1,язык,2,noun,ru→ja / ja→ru候補,язы́к,言語,"答え：言語
品詞：名詞
性：男性
出典候補：第70;62;74
状態：校正用・未確認",russian2,v04,校正用,noun,70,62,74,yes,未確認,v04追加。出典回・アクセント・訳語・品詞を要確認。動詞は体ペアとして校正。,no,,0.65,,
m0570,vocab,речь,речь,発話・話し言葉,名詞,女性,,,,,,70,露文和訳,разговорный язык,1,речь,2,noun,ru→ja / ja→ru候補,речь,発話・話し言葉,"答え：発話・話し言葉
品詞：名詞
性：女性
出典候補：第70
状態：校正用・未確認",russian2,v04,校正用,noun,70,yes,未確認,v04追加。出典回・アクセント・訳語・品詞を要確認。動詞は体ペアとして校正。,no,,0.65,,,,,,
m0571,vocab,сосе́д,сосед,隣人,名詞,男性,,,,,,70,聴取,猫を預ける,1,сосед,2,noun,ru→ja / ja→ru候補,сосе́д,隣人,"答え：隣人
品詞：名詞
性：男性
出典候補：第70
状態：校正用・未確認",russian2,v04,校正用,noun,70,yes,未確認,v04追加。出典回・アクセント・訳語・品詞を要確認。動詞は体ペアとして校正。,no,,0.65,,,,,,
m0572,vocab,гости́ница,гостиница,ホテル,名詞,女性,,,,,,70,聴取,海旅行,1,гостиница,2,noun,ru→ja / ja→ru候補,гости́ница,ホテル,"答え：ホテル
品詞：名詞
性：女性
出典候補：第70
状態：校正用・未確認",russian2,v04,校正用,noun,70,yes,未確認,v04追加。出典回・アクセント・訳語・品詞を要確認。動詞は体ペアとして校正。,no,,0.65,,,,,,
m0573,vocab,побере́жье,побережье,海岸,名詞,中性,,,,,,70,聴取,海旅行,1,побережье,2,noun,ru→ja / ja→ru候補,побере́жье,海岸,"答え：海岸
品詞：名詞
性：中性
出典候補：第70
状態：校正用・未確認",russian2,v04,校正用,noun,70,yes,未確認,v04追加。出典回・アクセント・訳語・品詞を要確認。動詞は体ペアとして校正。,no,,0.65,,,,,,
m0574,vocab,шоссе́,шоссе,高速道路,名詞,中性,,,,,,70,聴取,旅行,1,шоссе,2,noun,ru→ja / ja→ru候補,шоссе́,高速道路,"答え：高速道路
品詞：名詞
性：中性
出典候補：第70
状態：校正用・未確認",russian2,v04,校正用,noun,70,yes,未確認,v04追加。出典回・アクセント・訳語・品詞を要確認。動詞は体ペアとして校正。,no,,0.65,,,,,,
m0575,vocab,вид,вид,眺め・種類,名詞,男性,,,,,,70,聴取,景色,1,вид,2,noun,ru→ja / ja→ru候補,вид,眺め・種類,"答え：眺め・種類
品詞：名詞
性：男性
出典候補：第70
状態：校正用・未確認",russian2,v04,校正用,noun,70,yes,未確認,v04追加。出典回・アクセント・訳語・品詞を要確認。動詞は体ペアとして校正。,no,,0.65,,,,,,
m0576,vocab,фотогра́фия,фотография,写真,名詞,女性,,,,,,70,聴取,景色の写真,1,фотография,2,noun,ru→ja / ja→ru候補,фотогра́фия,写真,"答え：写真
品詞：名詞
性：女性
出典候補：第70
状態：校正用・未確認",russian2,v04,校正用,noun,70,yes,未確認,v04追加。出典回・アクセント・訳語・品詞を要確認。動詞は体ペアとして校正。,no,,0.65,,,,,,
m0577,vocab,уча́щийся,учащиися,生徒,名詞,男性,,,,,,84候補,読解,学校,1,учащиися,2,noun,ru→ja / ja→ru候補,уча́щийся,生徒,"答え：生徒
品詞：名詞
性：男性
出典候補：第84候補
状態：校正用・未確認",russian2,v04,校正用,noun,84候補,yes,未確認,v04追加。出典回・アクセント・訳語・品詞を要確認。動詞は体ペアとして校正。,no,,0.6,,,,,,
m0578,vocab,вре́мя го́да,время года,季節,名詞句,中性,,,,,,76,聴取,Времена года,1,время года,2,noun,ru→ja / ja→ru候補,вре́мя го́да,季節,"答え：季節
品詞：名詞句
性：中性
出典候補：第76
状態：校正用・未確認",russian2,v04,校正用,noun,76,yes,未確認,v04追加。出典回・アクセント・訳語・品詞を要確認。動詞は体ペアとして校正。,no,,0.65,,,,,,
m0579,vocab,роди́тель,родитель,親,名詞,男性,,,,,,84,露文和訳,親子の時間,1,родитель,2,noun,ru→ja / ja→ru候補,роди́тель,親,"答え：親
品詞：名詞
性：男性
出典候補：第84
状態：校正用・未確認",russian2,v04,校正用,noun,84,yes,未確認,v04追加。出典回・アクセント・訳語・品詞を要確認。動詞は体ペアとして校正。,no,,0.65,,,,,,
m0580,vocab,сове́т,совет,助言,名詞,男性,,,,,,84候補,露文和訳,助言,1,совет,2,noun,ru→ja / ja→ru候補,сове́т,助言,"答え：助言
品詞：名詞
性：男性
出典候補：第84候補
状態：校正用・未確認",russian2,v04,校正用,noun,84候補,yes,未確認,v04追加。出典回・アクセント・訳語・品詞を要確認。動詞は体ペアとして校正。,no,,0.6,,,,,,
m0581,vocab,иностра́нец,иностранец,外国人,名詞,男性,,,,,,84,70,文法III,観光客,1,иностранец,2,noun,ru→ja / ja→ru候補,иностра́нец,外国人,"答え：外国人
品詞：名詞
性：男性
出典候補：第84;70
状態：校正用・未確認",russian2,v04,校正用,noun,84,70,yes,未確認,v04追加。出典回・アクセント・訳語・品詞を要確認。動詞は体ペアとして校正。,no,,0.65,,,,
m0582,vocab,овертури́зм,овертуризм,オーバーツーリズム,名詞,男性,,,,,,84,文法III,富士山,1,овертуризм,2,noun,ru→ja / ja→ru候補,овертури́зм,オーバーツーリズム,"答え：オーバーツーリズム
品詞：名詞
性：男性
出典候補：第84
状態：校正用・未確認",russian2,v04,校正用,noun,84,yes,未確認,v04追加。出典回・アクセント・訳語・品詞を要確認。動詞は体ペアとして校正。,no,,0.65,,,,,,
m0583,vocab,киломе́тр,километр,キロメートル,名詞,男性,,,,,,84,文法III,100km,1,километр,2,noun,ru→ja / ja→ru候補,киломе́тр,キロメートル,"答え：キロメートル
品詞：名詞
性：男性
出典候補：第84
状態：校正用・未確認",russian2,v04,校正用,noun,84,yes,未確認,v04追加。出典回・アクセント・訳語・品詞を要確認。動詞は体ペアとして校正。,no,,0.65,,,,,,
m0584,vocab,иена,иена,円,名詞,女性,,,,,,84,文法III,2000円,1,иена,2,noun,ru→ja / ja→ru候補,иена,円,"答え：円
品詞：名詞
性：女性
出典候補：第84
状態：校正用・未確認",russian2,v04,校正用,noun,84,yes,未確認,v04追加。出典回・アクセント・訳語・品詞を要確認。動詞は体ペアとして校正。,no,,0.65,,,,,,
m0585,vocab,сезо́н,сезон,シーズン,名詞,男性,,,,,,84,文法III,登山期間,1,сезон,2,noun,ru→ja / ja→ru候補,сезо́н,シーズン,"答え：シーズン
品詞：名詞
性：男性
出典候補：第84
状態：校正用・未確認",russian2,v04,校正用,noun,84,yes,未確認,v04追加。出典回・アクセント・訳語・品詞を要確認。動詞は体ペアとして校正。,no,,0.65,,,,,,
m0586,vocab,поколе́ние,поколение,世代,名詞,中性,,,,,,74候補,露文和訳,人口,1,поколение,2,noun,ru→ja / ja→ru候補,поколе́ние,世代,"答え：世代
品詞：名詞
性：中性
出典候補：第74候補
状態：校正用・未確認",russian2,v04,校正用,noun,74候補,yes,未確認,v04追加。出典回・アクセント・訳語・品詞を要確認。動詞は体ペアとして校正。,no,,0.6,,,,,,
m0587,vocab,моде́ль,модель,モデル,名詞,女性,,,,,,74,文法I,理想モデル,1,модель,2,noun,ru→ja / ja→ru候補,моде́ль,モデル,"答え：モデル
品詞：名詞
性：女性
出典候補：第74
状態：校正用・未確認",russian2,v04,校正用,noun,74,yes,未確認,v04追加。出典回・アクセント・訳語・品詞を要確認。動詞は体ペアとして校正。,no,,0.65,,,,,,
m0588,vocab,ли́дер,лидер,リーダー,名詞,男性,,,,,,74,文法I,世界のリーダー,1,лидер,2,noun,ru→ja / ja→ru候補,ли́дер,リーダー,"答え：リーダー
品詞：名詞
性：男性
出典候補：第74
状態：校正用・未確認",russian2,v04,校正用,noun,74,yes,未確認,v04追加。出典回・アクセント・訳語・品詞を要確認。動詞は体ペアとして校正。,no,,0.65,,,,,,
m0589,vocab,заведе́ние,заведение,機関,名詞,中性,,,,,,74,文法I,высшее учебное заведение,1,заведение,2,noun,ru→ja / ja→ru候補,заведе́ние,機関,"答え：機関
品詞：名詞
性：中性
出典候補：第74
状態：校正用・未確認",russian2,v04,校正用,noun,74,yes,未確認,v04追加。出典回・アクセント・訳語・品詞を要確認。動詞は体ペアとして校正。,no,,0.65,,,,,,
m0590,vocab,ме́ра,мера,措置,名詞,女性,,,,,,74,文法I,крайняя мера,1,мера,2,noun,ru→ja / ja→ru候補,ме́ра,措置,"答え：措置
品詞：名詞
性：女性
出典候補：第74
状態：校正用・未確認",russian2,v04,校正用,noun,74,yes,未確認,v04追加。出典回・アクセント・訳語・品詞を要確認。動詞は体ペアとして校正。,no,,0.65,,,,,,
m0591,vocab,скри́пка,скрипка,ヴァイオリン,名詞,女性,,,,,,74,和文露訳,音楽,1,скрипка,2,noun,ru→ja / ja→ru候補,скри́пка,ヴァイオリン,"答え：ヴァイオリン
品詞：名詞
性：女性
出典候補：第74
状態：校正用・未確認",russian2,v04,校正用,noun,74,yes,未確認,v04追加。出典回・アクセント・訳語・品詞を要確認。動詞は体ペアとして校正。,no,,0.65,,,,,,
m0592,vocab,че́ловечность,человечность,人間性,名詞,女性,,,,,,74候補,和文露訳,音楽,1,человечность,2,noun,ru→ja / ja→ru候補,че́ловечность,人間性,"答え：人間性
品詞：名詞
性：女性
出典候補：第74候補
状態：校正用・未確認",russian2,v04,校正用,noun,74候補,yes,未確認,v04追加。出典回・アクセント・訳語・品詞を要確認。動詞は体ペアとして校正。,no,,0.6,,,,,,
m0593,vocab,сестра́,сестра,姉妹,名詞,女性,,,,,,74,聴取,Письмо сестре,1,сестра,2,noun,ru→ja / ja→ru候補,сестра́,姉妹,"答え：姉妹
品詞：名詞
性：女性
出典候補：第74
状態：校正用・未確認",russian2,v04,校正用,noun,74,yes,未確認,v04追加。出典回・アクセント・訳語・品詞を要確認。動詞は体ペアとして校正。,no,,0.65,,,,,,
m0594,vocab,муж,муж,夫,名詞,男性,,,,,,74,聴取,John,1,муж,2,noun,ru→ja / ja→ru候補,муж,夫,"答え：夫
品詞：名詞
性：男性
出典候補：第74
状態：校正用・未確認",russian2,v04,校正用,noun,74,yes,未確認,v04追加。出典回・アクセント・訳語・品詞を要確認。動詞は体ペアとして校正。,no,,0.65,,,,,,
m0595,vocab,преподава́тель,преподаватель,先生,名詞,男性,,,,,,74,聴取,先生,1,преподаватель,2,noun,ru→ja / ja→ru候補,преподава́тель,先生,"答え：先生
品詞：名詞
性：男性
出典候補：第74
状態：校正用・未確認",russian2,v04,校正用,noun,74,yes,未確認,v04追加。出典回・アクセント・訳語・品詞を要確認。動詞は体ペアとして校正。,no,,0.65,,,,,,
m0596,vocab,учёба,учеба,勉強・学業,名詞,女性,,,,,,62,84,読解,学習,1,учеба,2,noun,ru→ja / ja→ru候補,учёба,勉強・学業,"答え：勉強・学業
品詞：名詞
性：女性
出典候補：第62;84
状態：校正用・未確認",russian2,v04,校正用,noun,62,84,yes,未確認,v04追加。出典回・アクセント・訳語・品詞を要確認。動詞は体ペアとして校正。,no,,0.65,,,,
m0597,vocab,за́нятие,занятие,授業・活動,名詞,中性,,,,,,62候補,読解,学習,1,занятие,2,noun,ru→ja / ja→ru候補,за́нятие,授業・活動,"答え：授業・活動
品詞：名詞
性：中性
出典候補：第62候補
状態：校正用・未確認",russian2,v04,校正用,noun,62候補,yes,未確認,v04追加。出典回・アクセント・訳語・品詞を要確認。動詞は体ペアとして校正。,no,,0.6,,,,,,
m0598,vocab,систе́матичность,систематичность,体系性,名詞,女性,,,,,,62候補,露文和訳,毎日体系的に,1,систематичность,2,noun,ru→ja / ja→ru候補,систе́матичность,体系性,"答え：体系性
品詞：名詞
性：女性
出典候補：第62候補
状態：校正用・未確認",russian2,v04,校正用,noun,62候補,yes,未確認,v04追加。出典回・アクセント・訳語・品詞を要確認。動詞は体ペアとして校正。,no,,0.6,,,,,,
m0599,vocab,це́ль,цель,目的,名詞,女性,,,,,,62,74,読解,目的,1,цель,2,noun,ru→ja / ja→ru候補,це́ль,目的,"答え：目的
品詞：名詞
性：女性
出典候補：第62;74
状態：校正用・未確認",russian2,v04,校正用,noun,62,74,yes,未確認,v04追加。出典回・アクセント・訳語・品詞を要確認。動詞は体ペアとして校正。,no,,0.65,,,,
m0600,vocab,специа́льность,специальность,専攻,名詞,女性,,,,,,62,文法I,専攻,1,специальность,2,noun,ru→ja / ja→ru候補,специа́льность,専攻,"答え：専攻
品詞：名詞
性：女性
出典候補：第62
状態：校正用・未確認",russian2,v04,校正用,noun,62,yes,未確認,v04追加。出典回・アクセント・訳語・品詞を要確認。動詞は体ペアとして校正。,no,,0.65,,,,,,
m0601,vocab,факульте́т,факультет,学部,名詞,男性,,,,,,62,文法I,学部,1,факультет,2,noun,ru→ja / ja→ru候補,факульте́т,学部,"答え：学部
品詞：名詞
性：男性
出典候補：第62
状態：校正用・未確認",russian2,v04,校正用,noun,62,yes,未確認,v04追加。出典回・アクセント・訳語・品詞を要確認。動詞は体ペアとして校正。,no,,0.65,,,,,,
m0602,vocab,уче́бное посо́бие,учебное пособие,教材,名詞句,中性,,,,,,62,文法I,教材,1,учебное пособие,2,noun,ru→ja / ja→ru候補,уче́бное посо́бие,教材,"答え：教材
品詞：名詞句
性：中性
出典候補：第62
状態：校正用・未確認",russian2,v04,校正用,noun,62,yes,未確認,v04追加。出典回・アクセント・訳語・品詞を要確認。動詞は体ペアとして校正。,no,,0.65,,,,,,
m0603,vocab,уче́бная литерату́ра,учебная литература,学習文献,名詞句,女性,,,,,,62候補,文法I,教材,1,учебная литература,2,noun,ru→ja / ja→ru候補,уче́бная литерату́ра,学習文献,"答え：学習文献
品詞：名詞句
性：女性
出典候補：第62候補
状態：校正用・未確認",russian2,v04,校正用,noun,62候補,yes,未確認,v04追加。出典回・アクセント・訳語・品詞を要確認。動詞は体ペアとして校正。,no,,0.6,,,,,,
m0604,vocab,сле́дствие,следствие,結果・帰結,名詞,中性,,,,,,70候補,語彙,因果,1,следствие,2,noun,ru→ja / ja→ru候補,сле́дствие,結果・帰結,"答え：結果・帰結
品詞：名詞
性：中性
出典候補：第70候補
状態：校正用・未確認",russian2,v04,校正用,noun,70候補,yes,未確認,v04追加。出典回・アクセント・訳語・品詞を要確認。動詞は体ペアとして校正。,no,,0.6,,,,,,
m0605,vocab,приме́р,пример,例,名詞,男性,,,,,,62候補,語彙,説明,1,пример,2,noun,ru→ja / ja→ru候補,приме́р,例,"答え：例
品詞：名詞
性：男性
出典候補：第62候補
状態：校正用・未確認",russian2,v04,校正用,noun,62候補,yes,未確認,v04追加。出典回・アクセント・訳語・品詞を要確認。動詞は体ペアとして校正。,no,,0.6,,,,,,
m0606,vocab,зада́ча,задача,課題・問題,名詞,女性,,,,,,62候補,語彙,学習,1,задача,2,noun,ru→ja / ja→ru候補,зада́ча,課題・問題,"答え：課題・問題
品詞：名詞
性：女性
出典候補：第62候補
状態：校正用・未確認",russian2,v04,校正用,noun,62候補,yes,未確認,v04追加。出典回・アクセント・訳語・品詞を要確認。動詞は体ペアとして校正。,no,,0.6,,,,,,
m0607,vocab,спо́соб,способ,方法,名詞,男性,,,,,,62候補,語彙,方法,1,способ,2,noun,ru→ja / ja→ru候補,спо́соб,方法,"答え：方法
品詞：名詞
性：男性
出典候補：第62候補
状態：校正用・未確認",russian2,v04,校正用,noun,62候補,yes,未確認,v04追加。出典回・アクセント・訳語・品詞を要確認。動詞は体ペアとして校正。,no,,0.6,,,,,,
m0608,vocab,сре́дство,средство,手段,名詞,中性,,,,,,62候補,語彙,方法,1,средство,2,noun,ru→ja / ja→ru候補,сре́дство,手段,"答え：手段
品詞：名詞
性：中性
出典候補：第62候補
状態：校正用・未確認",russian2,v04,校正用,noun,62候補,yes,未確認,v04追加。出典回・アクセント・訳語・品詞を要確認。動詞は体ペアとして校正。,no,,0.6,,,,,,
m0609,vocab,вы́бор,выбор,選択,名詞,男性,,,,,,62候補,語彙,選択,1,выбор,2,noun,ru→ja / ja→ru候補,вы́бор,選択,"答え：選択
品詞：名詞
性：男性
出典候補：第62候補
状態：校正用・未確認",russian2,v04,校正用,noun,62候補,yes,未確認,v04追加。出典回・アクセント・訳語・品詞を要確認。動詞は体ペアとして校正。,no,,0.6,,,,,,
m0610,vocab,возможность,возможность,可能性,名詞,女性,,,,,,62候補,語彙,可能性,1,возможность,2,noun,ru→ja / ja→ru候補,возможность,可能性,"答え：可能性
品詞：名詞
性：女性
出典候補：第62候補
状態：校正用・未確認",russian2,v04,校正用,noun,62候補,yes,未確認,v04追加。出典回・アクセント・訳語・品詞を要確認。動詞は体ペアとして校正。,no,,0.6,,,,,,
m0611,vocab,необходи́мость,необходимость,必要性,名詞,女性,,,,,,62候補,語彙,必要性,1,необходимость,2,noun,ru→ja / ja→ru候補,необходи́мость,必要性,"答え：必要性
品詞：名詞
性：女性
出典候補：第62候補
状態：校正用・未確認",russian2,v04,校正用,noun,62候補,yes,未確認,v04追加。出典回・アクセント・訳語・品詞を要確認。動詞は体ペアとして校正。,no,,0.6,,,,,,
m0612,vocab,привы́чка,привычка,習慣,名詞,女性,,,,,,62候補,語彙,習慣,1,привычка,2,noun,ru→ja / ja→ru候補,привы́чка,習慣,"答え：習慣
品詞：名詞
性：女性
出典候補：第62候補
状態：校正用・未確認",russian2,v04,校正用,noun,62候補,yes,未確認,v04追加。出典回・アクセント・訳語・品詞を要確認。動詞は体ペアとして校正。,no,,0.6,,,,,,
m0613,vocab,опыт,опыт,経験,名詞,男性,,,,,,84候補,和文露訳,旅行経験,1,опыт,2,noun,ru→ja / ja→ru候補,опыт,経験,"答え：経験
品詞：名詞
性：男性
出典候補：第84候補
状態：校正用・未確認",russian2,v04,校正用,noun,84候補,yes,未確認,v04追加。出典回・アクセント・訳語・品詞を要確認。動詞は体ペアとして校正。,no,,0.6,,,,,,
m0614,vocab,впечатле́ние,впечатление,印象,名詞,中性,,,,,,84候補,和文露訳,旅行,1,впечатление,2,noun,ru→ja / ja→ru候補,впечатле́ние,印象,"答え：印象
品詞：名詞
性：中性
出典候補：第84候補
状態：校正用・未確認",russian2,v04,校正用,noun,84候補,yes,未確認,v04追加。出典回・アクセント・訳語・品詞を要確認。動詞は体ペアとして校正。,no,,0.6,,,,,,
m0615,vocab,отношение,отношение,態度・関係,名詞,中性,,,,,,84,74,文法I/和文露訳,観光客への接し方,1,отношение,2,noun,ru→ja / ja→ru候補,отношение,態度・関係,"答え：態度・関係
品詞：名詞
性：中性
出典候補：第84;74
状態：校正用・未確認",russian2,v04,校正用,noun,84,74,yes,未確認,v04追加。出典回・アクセント・訳語・品詞を要確認。動詞は体ペアとして校正。,no,,0.65,,,,
m0616,vocab,доброта́,доброта,親切さ,名詞,女性,,,,,,76候補,和文露訳,子どもの優しさ,1,доброта,2,noun,ru→ja / ja→ru候補,доброта́,親切さ,"答え：親切さ
品詞：名詞
性：女性
出典候補：第76候補
状態：校正用・未確認",russian2,v04,校正用,noun,76候補,yes,未確認,v04追加。出典回・アクセント・訳語・品詞を要確認。動詞は体ペアとして校正。,no,,0.6,,,,,,
m0617,vocab,поведе́ние,поведение,行動,名詞,中性,,,,,,76候補,和文露訳,優しい行動,1,поведение,2,noun,ru→ja / ja→ru候補,поведе́ние,行動,"答え：行動
品詞：名詞
性：中性
出典候補：第76候補
状態：校正用・未確認",russian2,v04,校正用,noun,76候補,yes,未確認,v04追加。出典回・アクセント・訳語・品詞を要確認。動詞は体ペアとして校正。,no,,0.6,,,,,,
m0618,vocab,бра́т,брат,兄弟,名詞,男性,,,,,,76,和文露訳,兄弟,1,брат,2,noun,ru→ja / ja→ru候補,бра́т,兄弟,"答え：兄弟
品詞：名詞
性：男性
出典候補：第76
状態：校正用・未確認",russian2,v04,校正用,noun,76,yes,未確認,v04追加。出典回・アクセント・訳語・品詞を要確認。動詞は体ペアとして校正。,no,,0.65,,,,,,
m0619,vocab,соба́ка,собака,犬,名詞,女性,,,,,,76,和文露訳,愛犬,1,собака,2,noun,ru→ja / ja→ru候補,соба́ка,犬,"答え：犬
品詞：名詞
性：女性
出典候補：第76
状態：校正用・未確認",russian2,v04,校正用,noun,76,yes,未確認,v04追加。出典回・アクセント・訳語・品詞を要確認。動詞は体ペアとして校正。,no,,0.65,,,,,,
m0620,vocab,прогу́лка,прогулка,散歩,名詞,女性,,,,,,76,和文露訳,愛犬との散歩,1,прогулка,2,noun,ru→ja / ja→ru候補,прогу́лка,散歩,"答え：散歩
品詞：名詞
性：女性
出典候補：第76
状態：校正用・未確認",russian2,v04,校正用,noun,76,yes,未確認,v04追加。出典回・アクセント・訳語・品詞を要確認。動詞は体ペアとして校正。,no,,0.65,,,,,,
m0621,vocab,чу́вство,чувство,感情・気持ち,名詞,中性,,,,,,76,和文露訳,温かい気持ち,1,чувство,2,noun,ru→ja / ja→ru候補,чу́вство,感情・気持ち,"答え：感情・気持ち
品詞：名詞
性：中性
出典候補：第76
状態：校正用・未確認",russian2,v04,校正用,noun,76,yes,未確認,v04追加。出典回・アクセント・訳語・品詞を要確認。動詞は体ペアとして校正。,no,,0.65,,,,,,
m0622,vocab,теплота́,теплота,温かさ,名詞,女性,,,,,,76候補,和文露訳,温かい気持ち,1,теплота,2,noun,ru→ja / ja→ru候補,теплота́,温かさ,"答え：温かさ
品詞：名詞
性：女性
出典候補：第76候補
状態：校正用・未確認",russian2,v04,校正用,noun,76候補,yes,未確認,v04追加。出典回・アクセント・訳語・品詞を要確認。動詞は体ペアとして校正。,no,,0.6,,,,,,
m0623,vocab,ба́бушка,бабушка,祖母,名詞,女性,,,,,,62候補,和文露訳,孫,1,бабушка,2,noun,ru→ja / ja→ru候補,ба́бушка,祖母,"答え：祖母
品詞：名詞
性：女性
出典候補：第62候補
状態：校正用・未確認",russian2,v04,校正用,noun,62候補,yes,未確認,v04追加。出典回・アクセント・訳語・品詞を要確認。動詞は体ペアとして校正。,no,,0.6,,,,,,
m0624,vocab,по́езд,поезд,列車,名詞,男性,,,,,,62,和文露訳,普通列車,1,поезд,2,noun,ru→ja / ja→ru候補,по́езд,列車,"答え：列車
品詞：名詞
性：男性
出典候補：第62
状態：校正用・未確認",russian2,v04,校正用,noun,62,yes,未確認,v04追加。出典回・アクセント・訳語・品詞を要確認。動詞は体ペアとして校正。,no,,0.65,,,,,,
m0625,vocab,путеше́ствие,путешествие,旅行,名詞,中性,,,,,,62,84,和文露訳,旅行,1,путешествие,2,noun,ru→ja / ja→ru候補,путеше́ствие,旅行,"答え：旅行
品詞：名詞
性：中性
出典候補：第62;84
状態：校正用・未確認",russian2,v04,校正用,noun,62,84,yes,未確認,v04追加。出典回・アクセント・訳語・品詞を要確認。動詞は体ペアとして校正。,no,,0.65,,,,
m0626,vocab,кни́га,книга,本,名詞,女性,,,,,,70,口頭作文,本について,1,книга,2,noun,ru→ja / ja→ru候補,кни́га,本,"答え：本
品詞：名詞
性：女性
出典候補：第70
状態：校正用・未確認",russian2,v04,校正用,noun,70,yes,未確認,v04追加。出典回・アクセント・訳語・品詞を要確認。動詞は体ペアとして校正。,no,,0.65,,,,,,
m0627,vocab,друг,друг,友人,名詞,男性,,,,,,62,和文露訳,友人との遊び,1,друг,2,noun,ru→ja / ja→ru候補,друг,友人,"答え：友人
品詞：名詞
性：男性
出典候補：第62
状態：校正用・未確認",russian2,v04,校正用,noun,62,yes,未確認,v04追加。出典回・アクセント・訳語・品詞を要確認。動詞は体ペアとして校正。,no,,0.65,,,,,,
m0628,vocab,игра́,игра,遊び・ゲーム,名詞,女性,,,,,,62候補,和文露訳,遊び,1,игра,2,noun,ru→ja / ja→ru候補,игра́,遊び・ゲーム,"答え：遊び・ゲーム
品詞：名詞
性：女性
出典候補：第62候補
状態：校正用・未確認",russian2,v04,校正用,noun,62候補,yes,未確認,v04追加。出典回・アクセント・訳語・品詞を要確認。動詞は体ペアとして校正。,no,,0.6,,,,,,
m0629,vocab,свобо́да,свобода,自由,名詞,女性,,,,,,62,和文露訳,自由に生活,1,свобода,2,noun,ru→ja / ja→ru候補,свобо́да,自由,"答え：自由
品詞：名詞
性：女性
出典候補：第62
状態：校正用・未確認",russian2,v04,校正用,noun,62,yes,未確認,v04追加。出典回・アクセント・訳語・品詞を要確認。動詞は体ペアとして校正。,no,,0.65,,,,,,
m0630,vocab,иностра́нный язы́к,иностранныи язык,外国語,名詞句,男性,,,,,,74,口頭作文,外国語と私,1,иностранныи язык,2,noun,ru→ja / ja→ru候補,иностра́нный язы́к,外国語,"答え：外国語
品詞：名詞句
性：男性
出典候補：第74
状態：校正用・未確認",russian2,v04,校正用,noun,74,yes,未確認,v04追加。出典回・アクセント・訳語・品詞を要確認。動詞は体ペアとして校正。,no,,0.65,,,,,,
m0631,vocab,се́вер,север,北,名詞,男性,,,,,,70候補,語彙,地理,1,север,2,noun,ru→ja / ja→ru候補,се́вер,北,"答え：北
品詞：名詞
性：男性
出典候補：第70候補
状態：校正用・未確認",russian2,v04,校正用,noun,70候補,yes,未確認,v04追加。出典回・アクセント・訳語・品詞を要確認。動詞は体ペアとして校正。,no,,0.6,,,,,,
m0632,vocab,юг,юг,南,名詞,男性,,,,,,70候補,語彙,地理,1,юг,2,noun,ru→ja / ja→ru候補,юг,南,"答え：南
品詞：名詞
性：男性
出典候補：第70候補
状態：校正用・未確認",russian2,v04,校正用,noun,70候補,yes,未確認,v04追加。出典回・アクセント・訳語・品詞を要確認。動詞は体ペアとして校正。,no,,0.6,,,,,,
m0633,vocab,во́сток,восток,東,名詞,男性,,,,,,70候補,語彙,地理,1,восток,2,noun,ru→ja / ja→ru候補,во́сток,東,"答え：東
品詞：名詞
性：男性
出典候補：第70候補
状態：校正用・未確認",russian2,v04,校正用,noun,70候補,yes,未確認,v04追加。出典回・アクセント・訳語・品詞を要確認。動詞は体ペアとして校正。,no,,0.6,,,,,,
m0634,vocab,за́пад,запад,西,名詞,男性,,,,,,70候補,語彙,地理,1,запад,2,noun,ru→ja / ja→ru候補,за́пад,西,"答え：西
品詞：名詞
性：男性
出典候補：第70候補
状態：校正用・未確認",russian2,v04,校正用,noun,70候補,yes,未確認,v04追加。出典回・アクセント・訳語・品詞を要確認。動詞は体ペアとして校正。,no,,0.6,,,,,,
m0635,vocab,райо́н,раион,地区,名詞,男性,,,,,,62候補,聴取,住居,1,раион,2,noun,ru→ja / ja→ru候補,райо́н,地区,"答え：地区
品詞：名詞
性：男性
出典候補：第62候補
状態：校正用・未確認",russian2,v04,校正用,noun,62候補,yes,未確認,v04追加。出典回・アクセント・訳語・品詞を要確認。動詞は体ペアとして校正。,no,,0.6,,,,,,
m0636,vocab,дорога,дорога,道,名詞,女性,,,,,,70,聴取,高速道路,1,дорога,2,noun,ru→ja / ja→ru候補,дорога,道,"答え：道
品詞：名詞
性：女性
出典候補：第70
状態：校正用・未確認",russian2,v04,校正用,noun,70,yes,未確認,v04追加。出典回・アクセント・訳語・品詞を要確認。動詞は体ペアとして校正。,no,,0.65,,,,,,
m0637,vocab,станция,станция,駅,名詞,女性,,,,,,62候補,和文露訳,列車,1,станция,2,noun,ru→ja / ja→ru候補,станция,駅,"答え：駅
品詞：名詞
性：女性
出典候補：第62候補
状態：校正用・未確認",russian2,v04,校正用,noun,62候補,yes,未確認,v04追加。出典回・アクセント・訳語・品詞を要確認。動詞は体ペアとして校正。,no,,0.6,,,,,,
m0638,vocab,рука́,рука,手,名詞,女性,,,,,,70,文法III,両手,1,рука,2,noun,ru→ja / ja→ru候補,рука́,手,"答え：手
品詞：名詞
性：女性
出典候補：第70
状態：校正用・未確認",russian2,v04,校正用,noun,70,yes,未確認,v04追加。出典回・アクセント・訳語・品詞を要確認。動詞は体ペアとして校正。,no,,0.65,,,,,,
m0639,vocab,ча́сы,часы,腕時計・時計,名詞,,複数,,,,,74,文法III,腕時計,1,часы,2,noun,ru→ja / ja→ru候補,ча́сы,腕時計・時計,"答え：腕時計・時計
品詞：名詞
数：複数
出典候補：第74
状態：校正用・未確認",russian2,v04,校正用,noun,74,yes,未確認,v04追加。出典回・アクセント・訳語・品詞を要確認。動詞は体ペアとして校正。,no,,0.65,,,,,,
m0640,vocab,писа́тель,писатель,作家,名詞,男性,,,,,,74,文法III,有名な作家,1,писатель,2,noun,ru→ja / ja→ru候補,писа́тель,作家,"答え：作家
品詞：名詞
性：男性
出典候補：第74
状態：校正用・未確認",russian2,v04,校正用,noun,74,yes,未確認,v04追加。出典回・アクセント・訳語・品詞を要確認。動詞は体ペアとして校正。,no,,0.65,,,,,,
m0641,vocab,студе́нтка,студентка,女子学生,名詞,女性,,,,,,62,文法III,日本人女子学生,1,студентка,2,noun,ru→ja / ja→ru候補,студе́нтка,女子学生,"答え：女子学生
品詞：名詞
性：女性
出典候補：第62
状態：校正用・未確認",russian2,v04,校正用,noun,62,yes,未確認,v04追加。出典回・アクセント・訳語・品詞を要確認。動詞は体ペアとして校正。,no,,0.65,,,,,,
m0642,vocab,магази́н,магазин,店・雑誌,名詞,男性,,,,,,62,文法III,新しい店,1,магазин,2,noun,ru→ja / ja→ru候補,магази́н,店・雑誌,"答え：店・雑誌
品詞：名詞
性：男性
出典候補：第62
状態：校正用・未確認",russian2,v04,校正用,noun,62,yes,未確認,v04追加。出典回・アクセント・訳語・品詞を要確認。動詞は体ペアとして校正。,no,,0.65,,,,,,
m0643,vocab,де́ньги,деньги,お金,名詞,,複数,,,,,84候補,語彙,支払い,1,деньги,2,noun,ru→ja / ja→ru候補,де́ньги,お金,"答え：お金
品詞：名詞
数：複数
出典候補：第84候補
状態：校正用・未確認",russian2,v04,校正用,noun,84候補,yes,未確認,v04追加。出典回・アクセント・訳語・品詞を要確認。動詞は体ペアとして校正。,no,,0.6,,,,,,
m0644,vocab,цена́,цена,価格,名詞,女性,,,,,,84候補,語彙,料金,1,цена,2,noun,ru→ja / ja→ru候補,цена́,価格,"答え：価格
品詞：名詞
性：女性
出典候補：第84候補
状態：校正用・未確認",russian2,v04,校正用,noun,84候補,yes,未確認,v04追加。出典回・アクセント・訳語・品詞を要確認。動詞は体ペアとして校正。,no,,0.6,,,,,,
m0645,vocab,проце́нт,процент,パーセント,名詞,男性,,,,,,70,和文露訳,体重の10%,1,процент,2,noun,ru→ja / ja→ru候補,проце́нт,パーセント,"答え：パーセント
品詞：名詞
性：男性
出典候補：第70
状態：校正用・未確認",russian2,v04,校正用,noun,70,yes,未確認,v04追加。出典回・アクセント・訳語・品詞を要確認。動詞は体ペアとして校正。,no,,0.65,,,,,,
m0646,vocab,килогра́мм,килограмм,キログラム,名詞,男性,,,,,,70,和文露訳,10kg,1,килограмм,2,noun,ru→ja / ja→ru候補,килогра́мм,キログラム,"答え：キログラム
品詞：名詞
性：男性
出典候補：第70
状態：校正用・未確認",russian2,v04,校正用,noun,70,yes,未確認,v04追加。出典回・アクセント・訳語・品詞を要確認。動詞は体ペアとして校正。,no,,0.65,,,,,,
m0647,vocab,метр,метр,メートル,名詞,男性,,,,,,84,文法III,3776m,1,метр,2,noun,ru→ja / ja→ru候補,метр,メートル,"答え：メートル
品詞：名詞
性：男性
出典候補：第84
状態：校正用・未確認",russian2,v04,校正用,noun,84,yes,未確認,v04追加。出典回・アクセント・訳語・品詞を要確認。動詞は体ペアとして校正。,no,,0.65,,,,,,
m0648,vocab,ты́сяча,тысяча,千,名詞,女性,,,,,,84,文法III,数詞,1,тысяча,2,noun,ru→ja / ja→ru候補,ты́сяча,千,"答え：千
品詞：名詞
性：女性
出典候補：第84
状態：校正用・未確認",russian2,v04,校正用,noun,84,yes,未確認,v04追加。出典回・アクセント・訳語・品詞を要確認。動詞は体ペアとして校正。,no,,0.65,,,,,,
m0649,vocab,миллио́н,миллион,百万,名詞,男性,,,,,,74候補,語彙,人口,1,миллион,2,noun,ru→ja / ja→ru候補,миллио́н,百万,"答え：百万
品詞：名詞
性：男性
出典候補：第74候補
状態：校正用・未確認",russian2,v04,校正用,noun,74候補,yes,未確認,v04追加。出典回・アクセント・訳語・品詞を要確認。動詞は体ペアとして校正。,no,,0.6,,,,,,
m0650,vocab,полови́на,половина,半分,名詞,女性,,,,,,74,文法I,20世紀後半,1,половина,2,noun,ru→ja / ja→ru候補,полови́на,半分,"答え：半分
品詞：名詞
性：女性
出典候補：第74
状態：校正用・未確認",russian2,v04,校正用,noun,74,yes,未確認,v04追加。出典回・アクセント・訳語・品詞を要確認。動詞は体ペアとして校正。,no,,0.65,,,,,,
m0651,vocab,век,век,世紀,名詞,男性,,,,,,74,文法I,XX век,1,век,2,noun,ru→ja / ja→ru候補,век,世紀,"答え：世紀
品詞：名詞
性：男性
出典候補：第74
状態：校正用・未確認",russian2,v04,校正用,noun,74,yes,未確認,v04追加。出典回・アクセント・訳語・品詞を要確認。動詞は体ペアとして校正。,no,,0.65,,,,,,
m0652,vocab,го́д,год,年,名詞,男性,,,,,,84,文法III,2023年,1,год,2,noun,ru→ja / ja→ru候補,го́д,年,"答え：年
品詞：名詞
性：男性
出典候補：第84
状態：校正用・未確認",russian2,v04,校正用,noun,84,yes,未確認,v04追加。出典回・アクセント・訳語・品詞を要確認。動詞は体ペアとして校正。,no,,0.65,,,,,,
m0653,vocab,ме́сяц,месяц,月,名詞,男性,,,,,,62候補,語彙,期間,1,месяц,2,noun,ru→ja / ja→ru候補,ме́сяц,月,"答え：月
品詞：名詞
性：男性
出典候補：第62候補
状態：校正用・未確認",russian2,v04,校正用,noun,62候補,yes,未確認,v04追加。出典回・アクセント・訳語・品詞を要確認。動詞は体ペアとして校正。,no,,0.6,,,,,,
m0654,vocab,неде́ля,неделя,週,名詞,女性,,,,,,70,聴取,一週間,1,неделя,2,noun,ru→ja / ja→ru候補,неде́ля,週,"答え：週
品詞：名詞
性：女性
出典候補：第70
状態：校正用・未確認",russian2,v04,校正用,noun,70,yes,未確認,v04追加。出典回・アクセント・訳語・品詞を要確認。動詞は体ペアとして校正。,no,,0.65,,,,,,
m0655,vocab,час,час,時間・時,名詞,男性,,,,,,70,文法III,8時,1,час,2,noun,ru→ja / ja→ru候補,час,時間・時,"答え：時間・時
品詞：名詞
性：男性
出典候補：第70
状態：校正用・未確認",russian2,v04,校正用,noun,70,yes,未確認,v04追加。出典回・アクセント・訳語・品詞を要確認。動詞は体ペアとして校正。,no,,0.65,,,,,,
m0656,vocab,мину́та,минута,分,名詞,女性,,,,,,62候補,語彙,時間,1,минута,2,noun,ru→ja / ja→ru候補,мину́та,分,"答え：分
品詞：名詞
性：女性
出典候補：第62候補
状態：校正用・未確認",russian2,v04,校正用,noun,62候補,yes,未確認,v04追加。出典回・アクセント・訳語・品詞を要確認。動詞は体ペアとして校正。,no,,0.6,,,,,,
m0657,vocab,секу́нда,секунда,秒,名詞,女性,,,,,,62候補,語彙,時間,1,секунда,2,noun,ru→ja / ja→ru候補,секу́нда,秒,"答え：秒
品詞：名詞
性：女性
出典候補：第62候補
状態：校正用・未確認",russian2,v04,校正用,noun,62候補,yes,未確認,v04追加。出典回・アクセント・訳語・品詞を要確認。動詞は体ペアとして校正。,no,,0.6,,,,,,
m0658,vocab,ми́р,мир,世界,名詞,男性,,,,,,74,文法I,世界のリーダー,1,мир,2,noun,ru→ja / ja→ru候補,ми́р,世界,"答え：世界
品詞：名詞
性：男性
出典候補：第74
状態：校正用・未確認",russian2,v04,校正用,noun,74,yes,未確認,v04追加。出典回・アクセント・訳語・品詞を要確認。動詞は体ペアとして校正。,no,,0.65,,,,,,
m0659,vocab,страна́,страна,国,名詞,女性,,,,,,74,文法I,国,1,страна,2,noun,ru→ja / ja→ru候補,страна́,国,"答え：国
品詞：名詞
性：女性
出典候補：第74
状態：校正用・未確認",russian2,v04,校正用,noun,74,yes,未確認,v04追加。出典回・アクセント・訳語・品詞を要確認。動詞は体ペアとして校正。,no,,0.65,,,,,,
m0660,vocab,Япо́ния,Япония,日本,名詞,女性,,,,,,62,74,84,86,全般,日本,1,Япония,2,noun,ru→ja / ja→ru候補,Япо́ния,日本,"答え：日本
品詞：名詞
性：女性
出典候補：第62;74;84;86
状態：校正用・未確認",russian2,v04,校正用,noun,62,74,84,86,yes,未確認,v04追加。出典回・アクセント・訳語・品詞を要確認。動詞は体ペアとして校正。,no,,0.65
m0661,vocab,Росси́я,Россия,ロシア,名詞,女性,,,,,,70,文法I,天気,1,Россия,2,noun,ru→ja / ja→ru候補,Росси́я,ロシア,"答え：ロシア
品詞：名詞
性：女性
出典候補：第70
状態：校正用・未確認",russian2,v04,校正用,noun,70,yes,未確認,v04追加。出典回・アクセント・訳語・品詞を要確認。動詞は体ペアとして校正。,no,,0.65,,,,,,
m0662,vocab,Ита́лия,Италия,イタリア,名詞,女性,,,,,,84,和文露訳,旅行,1,Италия,2,noun,ru→ja / ja→ru候補,Ита́лия,イタリア,"答え：イタリア
品詞：名詞
性：女性
出典候補：第84
状態：校正用・未確認",russian2,v04,校正用,noun,84,yes,未確認,v04追加。出典回・アクセント・訳語・品詞を要確認。動詞は体ペアとして校正。,no,,0.65,,,,,,
m0663,vocab,Испа́ния,Испания,スペイン,名詞,女性,,,,,,84,和文露訳,旅行,1,Испания,2,noun,ru→ja / ja→ru候補,Испа́ния,スペイン,"答え：スペイン
品詞：名詞
性：女性
出典候補：第84
状態：校正用・未確認",russian2,v04,校正用,noun,84,yes,未確認,v04追加。出典回・アクセント・訳語・品詞を要確認。動詞は体ペアとして校正。,no,,0.65,,,,,,
m0664,vocab,Герма́ния,Германия,ドイツ,名詞,女性,,,,,,74,和文露訳,音楽コンクール,1,Германия,2,noun,ru→ja / ja→ru候補,Герма́ния,ドイツ,"答え：ドイツ
品詞：名詞
性：女性
出典候補：第74
状態：校正用・未確認",russian2,v04,校正用,noun,74,yes,未確認,v04追加。出典回・アクセント・訳語・品詞を要確認。動詞は体ペアとして校正。,no,,0.65,,,,,,
m0665,vocab,Таи́ланд,Таиланд,タイ,名詞,男性,,,,,,70,文法I,天気比較,1,Таиланд,2,noun,ru→ja / ja→ru候補,Таи́ланд,タイ,"答え：タイ
品詞：名詞
性：男性
出典候補：第70
状態：校正用・未確認",russian2,v04,校正用,noun,70,yes,未確認,v04追加。出典回・アクセント・訳語・品詞を要確認。動詞は体ペアとして校正。,no,,0.65,,,,,,
m0666,vocab,Москвá,Москвa,モスクワ,名詞,女性,,,,,,62,74,聴取/文法III,モスクワ,1,Москвa,2,noun,ru→ja / ja→ru候補,Москвá,モスクワ,"答え：モスクワ
品詞：名詞
性：女性
出典候補：第62;74
状態：校正用・未確認",russian2,v04,校正用,noun,62,74,yes,未確認,v04追加。出典回・アクセント・訳語・品詞を要確認。動詞は体ペアとして校正。,no,,0.65,,,,
m0667,vocab,Фудзи,Фудзи,富士山,名詞,男性,,,,,,84,文法III,富士山,1,Фудзи,2,noun,ru→ja / ja→ru候補,Фудзи,富士山,"答え：富士山
品詞：名詞
性：男性
出典候補：第84
状態：校正用・未確認",russian2,v04,校正用,noun,84,yes,未確認,v04追加。出典回・アクセント・訳語・品詞を要確認。動詞は体ペアとして校正。,no,,0.65,,,,,,
m0668,vocab,То́хоку,Тохоку,東北,名詞,男性,,,,,,62,和文露訳,旅行,1,Тохоку,2,noun,ru→ja / ja→ru候補,То́хоку,東北,"答え：東北
品詞：名詞
性：男性
出典候補：第62
状態：校正用・未確認",russian2,v04,校正用,noun,62,yes,未確認,v04追加。出典回・アクセント・訳語・品詞を要確認。動詞は体ペアとして校正。,no,,0.65,,,,,,
m0669,vocab,На́гано,Нагано,長野,名詞,中性,,,,,,62,和文露訳,旅行,1,Нагано,2,noun,ru→ja / ja→ru候補,На́гано,長野,"答え：長野
品詞：名詞
性：中性
出典候補：第62
状態：校正用・未確認",russian2,v04,校正用,noun,62,yes,未確認,v04追加。出典回・アクセント・訳語・品詞を要確認。動詞は体ペアとして校正。,no,,0.65,,,,,,
m0670,vocab,си́ний,синии,青い,形容詞,,,,,,,84候補,語彙,色,1,синии,2,adj_adv,ru→ja / ja→ru候補,си́ний,青い,"答え：青い
品詞：形容詞
出典候補：第84候補
状態：校正用・未確認",russian2,v04,校正用,adj_adv,84候補,yes,未確認,v04追加。出典回・アクセント・訳語・品詞を要確認。動詞は体ペアとして校正。,no,,0.6,,,,,,
m0671,vocab,солне́чный,солнечныи,晴れた・太陽の,形容詞,,,,,,,86候補,作文,夏,1,солнечныи,2,adj_adv,ru→ja / ja→ru候補,солне́чный,晴れた・太陽の,"答え：晴れた・太陽の
品詞：形容詞
出典候補：第86候補
状態：校正用・未確認",russian2,v04,校正用,adj_adv,86候補,yes,未確認,v04追加。出典回・アクセント・訳語・品詞を要確認。動詞は体ペアとして校正。,no,,0.6,,,,,,
m0672,vocab,дождли́вый,дождливыи,雨の多い,形容詞,,,,,,,70候補,語彙,天気,1,дождливыи,2,adj_adv,ru→ja / ja→ru候補,дождли́вый,雨の多い,"答え：雨の多い
品詞：形容詞
出典候補：第70候補
状態：校正用・未確認",russian2,v04,校正用,adj_adv,70候補,yes,未確認,v04追加。出典回・アクセント・訳語・品詞を要確認。動詞は体ペアとして校正。,no,,0.6,,,,,,
m0673,vocab,ветреный,ветреныи,風の強い,形容詞,,,,,,,70候補,語彙,天気,1,ветреныи,2,adj_adv,ru→ja / ja→ru候補,ветреный,風の強い,"答え：風の強い
品詞：形容詞
出典候補：第70候補
状態：校正用・未確認",russian2,v04,校正用,adj_adv,70候補,yes,未確認,v04追加。出典回・アクセント・訳語・品詞を要確認。動詞は体ペアとして校正。,no,,0.6,,,,,,
m0674,vocab,тёплый,теплыи,暖かい,形容詞,,,,,,,76候補,和文露訳,気持ち,1,теплыи,2,adj_adv,ru→ja / ja→ru候補,тёплый,暖かい,"答え：暖かい
品詞：形容詞
出典候補：第76候補
状態：校正用・未確認",russian2,v04,校正用,adj_adv,76候補,yes,未確認,v04追加。出典回・アクセント・訳語・品詞を要確認。動詞は体ペアとして校正。,no,,0.6,,,,,,
m0675,vocab,холо́дный,холодныи,寒い・冷たい,形容詞,,,,,,,70候補,語彙,季節,1,холодныи,2,adj_adv,ru→ja / ja→ru候補,холо́дный,寒い・冷たい,"答え：寒い・冷たい
品詞：形容詞
出典候補：第70候補
状態：校正用・未確認",russian2,v04,校正用,adj_adv,70候補,yes,未確認,v04追加。出典回・アクセント・訳語・品詞を要確認。動詞は体ペアとして校正。,no,,0.6,,,,,,
m0676,vocab,жа́ркий,жаркии,暑い,形容詞,,,,,,,86候補,作文,日本の夏,1,жаркии,2,adj_adv,ru→ja / ja→ru候補,жа́ркий,暑い,"答え：暑い
品詞：形容詞
出典候補：第86候補
状態：校正用・未確認",russian2,v04,校正用,adj_adv,86候補,yes,未確認,v04追加。出典回・アクセント・訳語・品詞を要確認。動詞は体ペアとして校正。,no,,0.6,,,,,,
m0677,vocab,прохла́дный,прохладныи,涼しい,形容詞,,,,,,,70候補,語彙,天気,1,прохладныи,2,adj_adv,ru→ja / ja→ru候補,прохла́дный,涼しい,"答え：涼しい
品詞：形容詞
出典候補：第70候補
状態：校正用・未確認",russian2,v04,校正用,adj_adv,70候補,yes,未確認,v04追加。出典回・アクセント・訳語・品詞を要確認。動詞は体ペアとして校正。,no,,0.6,,,,,,
m0678,vocab,вла́жный,влажныи,湿った,形容詞,,,,,,,86候補,作文,日本の夏,1,влажныи,2,adj_adv,ru→ja / ja→ru候補,вла́жный,湿った,"答え：湿った
品詞：形容詞
出典候補：第86候補
状態：校正用・未確認",russian2,v04,校正用,adj_adv,86候補,yes,未確認,v04追加。出典回・アクセント・訳語・品詞を要確認。動詞は体ペアとして校正。,no,,0.6,,,,,,
m0679,vocab,су́хой,сухои,乾いた,形容詞,,,,,,,70候補,語彙,天気,1,сухои,2,adj_adv,ru→ja / ja→ru候補,су́хой,乾いた,"答え：乾いた
品詞：形容詞
出典候補：第70候補
状態：校正用・未確認",russian2,v04,校正用,adj_adv,70候補,yes,未確認,v04追加。出典回・アクセント・訳語・品詞を要確認。動詞は体ペアとして校正。,no,,0.6,,,,,,
m0680,vocab,идеа́льный,идеальныи,理想的な,形容詞,,,,,,,74,文法I,идеальная модель,1,идеальныи,2,adj_adv,ru→ja / ja→ru候補,идеа́льный,理想的な,"答え：理想的な
品詞：形容詞
出典候補：第74
状態：校正用・未確認",russian2,v04,校正用,adj_adv,74,yes,未確認,v04追加。出典回・アクセント・訳語・品詞を要確認。動詞は体ペアとして校正。,no,,0.65,,,,,,
m0681,vocab,успе́шный,успешныи,成功した,形容詞,,,,,,,74,文法I,успешное развитие,1,успешныи,2,adj_adv,ru→ja / ja→ru候補,успе́шный,成功した,"答え：成功した
品詞：形容詞
出典候補：第74
状態：校正用・未確認",russian2,v04,校正用,adj_adv,74,yes,未確認,v04追加。出典回・アクセント・訳語・品詞を要確認。動詞は体ペアとして校正。,no,,0.65,,,,,,
m0682,vocab,кра́йний,краинии,極端な・最後の,形容詞,,,,,,,74,文法I,крайняя мера,1,краинии,2,adj_adv,ru→ja / ja→ru候補,кра́йний,極端な・最後の,"答え：極端な・最後の
品詞：形容詞
出典候補：第74
状態：校正用・未確認",russian2,v04,校正用,adj_adv,74,yes,未確認,v04追加。出典回・アクセント・訳語・品詞を要確認。動詞は体ペアとして校正。,no,,0.65,,,,,,
m0683,vocab,ру́сский,русскии,ロシアの・ロシア語の,形容詞,,,,,,,70,74,全般,ロシア語,1,русскии,2,adj_adv,ru→ja / ja→ru候補,ру́сский,ロシアの・ロシア語の,"答え：ロシアの・ロシア語の
品詞：形容詞
出典候補：第70;74
状態：校正用・未確認",russian2,v04,校正用,adj_adv,70,74,yes,未確認,v04追加。出典回・アクセント・訳語・品詞を要確認。動詞は体ペアとして校正。,no,,0.65,,,,
m0684,vocab,япо́нский,японскии,日本の・日本語の,形容詞,,,,,,,62,84,全般,日本語教育,1,японскии,2,adj_adv,ru→ja / ja→ru候補,япо́нский,日本の・日本語の,"答え：日本の・日本語の
品詞：形容詞
出典候補：第62;84
状態：校正用・未確認",russian2,v04,校正用,adj_adv,62,84,yes,未確認,v04追加。出典回・アクセント・訳語・品詞を要確認。動詞は体ペアとして校正。,no,,0.65,,,,
m0685,vocab,неме́цкий,немецкии,ドイツの,形容詞,,,,,,,74,和文露訳,ドイツ,1,немецкии,2,adj_adv,ru→ja / ja→ru候補,неме́цкий,ドイツの,"答え：ドイツの
品詞：形容詞
出典候補：第74
状態：校正用・未確認",russian2,v04,校正用,adj_adv,74,yes,未確認,v04追加。出典回・アクセント・訳語・品詞を要確認。動詞は体ペアとして校正。,no,,0.65,,,,,,
m0686,vocab,италья́нский,итальянскии,イタリアの,形容詞,,,,,,,84,和文露訳,旅行,1,итальянскии,2,adj_adv,ru→ja / ja→ru候補,италья́нский,イタリアの,"答え：イタリアの
品詞：形容詞
出典候補：第84
状態：校正用・未確認",russian2,v04,校正用,adj_adv,84,yes,未確認,v04追加。出典回・アクセント・訳語・品詞を要確認。動詞は体ペアとして校正。,no,,0.65,,,,,,
m0687,vocab,испа́нский,испанскии,スペインの,形容詞,,,,,,,84,和文露訳,旅行,1,испанскии,2,adj_adv,ru→ja / ja→ru候補,испа́нский,スペインの,"答え：スペインの
品詞：形容詞
出典候補：第84
状態：校正用・未確認",russian2,v04,校正用,adj_adv,84,yes,未確認,v04追加。出典回・アクセント・訳語・品詞を要確認。動詞は体ペアとして校正。,no,,0.65,,,,,,
m0688,vocab,туристи́ческий,туристическии,観光の,形容詞,,,,,,,84,文法III,観光,1,туристическии,2,adj_adv,ru→ja / ja→ru候補,туристи́ческий,観光の,"答え：観光の
品詞：形容詞
出典候補：第84
状態：校正用・未確認",russian2,v04,校正用,adj_adv,84,yes,未確認,v04追加。出典回・アクセント・訳語・品詞を要確認。動詞は体ペアとして校正。,no,,0.65,,,,,,
m0689,vocab,друже́ственный,дружественныи,友好的な,形容詞,,,,,,,84候補,和文露訳,接し方,1,дружественныи,2,adj_adv,ru→ja / ja→ru候補,друже́ственный,友好的な,"答え：友好的な
品詞：形容詞
出典候補：第84候補
状態：校正用・未確認",russian2,v04,校正用,adj_adv,84候補,yes,未確認,v04追加。出典回・アクセント・訳語・品詞を要確認。動詞は体ペアとして校正。,no,,0.6,,,,,,
m0690,vocab,гру́бый,грубыи,粗野な・失礼な,形容詞,,,,,,,84候補,語彙,態度,1,грубыи,2,adj_adv,ru→ja / ja→ru候補,гру́бый,粗野な・失礼な,"答え：粗野な・失礼な
品詞：形容詞
出典候補：第84候補
状態：校正用・未確認",russian2,v04,校正用,adj_adv,84候補,yes,未確認,v04追加。出典回・アクセント・訳語・品詞を要確認。動詞は体ペアとして校正。,no,,0.6,,,,,,
m0691,vocab,внима́тельный,внимательныи,注意深い・思いやりのある,形容詞,,,,,,,76候補,和文露訳,配慮,1,внимательныи,2,adj_adv,ru→ja / ja→ru候補,внима́тельный,注意深い・思いやりのある,"答え：注意深い・思いやりのある
品詞：形容詞
出典候補：第76候補
状態：校正用・未確認",russian2,v04,校正用,adj_adv,76候補,yes,未確認,v04追加。出典回・アクセント・訳語・品詞を要確認。動詞は体ペアとして校正。,no,,0.6,,,,,,
m0692,vocab,обы́чный,обычныи,普通の,形容詞,,,,,,,62,和文露訳,普通列車,1,обычныи,2,adj_adv,ru→ja / ja→ru候補,обы́чный,普通の,"答え：普通の
品詞：形容詞
出典候補：第62
状態：校正用・未確認",russian2,v04,校正用,adj_adv,62,yes,未確認,v04追加。出典回・アクセント・訳語・品詞を要確認。動詞は体ペアとして校正。,no,,0.65,,,,,,
m0693,vocab,ме́дленный,медленныи,ゆっくりした,形容詞,,,,,,,62候補,和文露訳,ゆっくり旅,1,медленныи,2,adj_adv,ru→ja / ja→ru候補,ме́дленный,ゆっくりした,"答え：ゆっくりした
品詞：形容詞
出典候補：第62候補
状態：校正用・未確認",russian2,v04,校正用,adj_adv,62候補,yes,未確認,v04追加。出典回・アクセント・訳語・品詞を要確認。動詞は体ペアとして校正。,no,,0.6,,,,,,
m0694,vocab,бы́стрый,быстрыи,速い,形容詞,,,,,,,62候補,語彙,対比,1,быстрыи,2,adj_adv,ru→ja / ja→ru候補,бы́стрый,速い,"答え：速い
品詞：形容詞
出典候補：第62候補
状態：校正用・未確認",russian2,v04,校正用,adj_adv,62候補,yes,未確認,v04追加。出典回・アクセント・訳語・品詞を要確認。動詞は体ペアとして校正。,no,,0.6,,,,,,
m0695,vocab,ма́ленький,маленькии,小さい,形容詞,,,,,,,62,84,聴取,小さい寝室,1,маленькии,2,adj_adv,ru→ja / ja→ru候補,ма́ленький,小さい,"答え：小さい
品詞：形容詞
出典候補：第62;84
状態：校正用・未確認",russian2,v04,校正用,adj_adv,62,84,yes,未確認,v04追加。出典回・アクセント・訳語・品詞を要確認。動詞は体ペアとして校正。,no,,0.65,,,,
m0696,vocab,большо́й,большои,大きい,形容詞,,,,,,,62候補,語彙,一般,1,большои,2,adj_adv,ru→ja / ja→ru候補,большо́й,大きい,"答え：大きい
品詞：形容詞
出典候補：第62候補
状態：校正用・未確認",russian2,v04,校正用,adj_adv,62候補,yes,未確認,v04追加。出典回・アクセント・訳語・品詞を要確認。動詞は体ペアとして校正。,no,,0.6,,,,,,
m0697,vocab,центра́льный,центральныи,中心部の,形容詞,,,,,,,84,聴取,市中心部,1,центральныи,2,adj_adv,ru→ja / ja→ru候補,центра́льный,中心部の,"答え：中心部の
品詞：形容詞
出典候補：第84
状態：校正用・未確認",russian2,v04,校正用,adj_adv,84,yes,未確認,v04追加。出典回・アクセント・訳語・品詞を要確認。動詞は体ペアとして校正。,no,,0.65,,,,,,
m0698,vocab,бли́зкий,близкии,近い,形容詞,,,,,,,62,聴取,大学近く,1,близкии,2,adj_adv,ru→ja / ja→ru候補,бли́зкий,近い,"答え：近い
品詞：形容詞
出典候補：第62
状態：校正用・未確認",russian2,v04,校正用,adj_adv,62,yes,未確認,v04追加。出典回・アクセント・訳語・品詞を要確認。動詞は体ペアとして校正。,no,,0.65,,,,,,
m0699,vocab,далёкий,далекии,遠い,形容詞,,,,,,,62候補,語彙,距離,1,далекии,2,adj_adv,ru→ja / ja→ru候補,далёкий,遠い,"答え：遠い
品詞：形容詞
出典候補：第62候補
状態：校正用・未確認",russian2,v04,校正用,adj_adv,62候補,yes,未確認,v04追加。出典回・アクセント・訳語・品詞を要確認。動詞は体ペアとして校正。,no,,0.6,,,,,,
m0700,vocab,удо́бный,удобныи,便利な,形容詞,,,,,,,62候補,聴取,住居,1,удобныи,2,adj_adv,ru→ja / ja→ru候補,удо́бный,便利な,"答え：便利な
品詞：形容詞
出典候補：第62候補
状態：校正用・未確認",russian2,v04,校正用,adj_adv,62候補,yes,未確認,v04追加。出典回・アクセント・訳語・品詞を要確認。動詞は体ペアとして校正。,no,,0.6,,,,,,
m0701,vocab,неудо́бный,неудобныи,不便な,形容詞,,,,,,,62候補,語彙,住居,1,неудобныи,2,adj_adv,ru→ja / ja→ru候補,неудо́бный,不便な,"答え：不便な
品詞：形容詞
出典候補：第62候補
状態：校正用・未確認",russian2,v04,校正用,adj_adv,62候補,yes,未確認,v04追加。出典回・アクセント・訳語・品詞を要確認。動詞は体ペアとして校正。,no,,0.6,,,,,,
m0702,vocab,шу́мный,шумныи,騒がしい,形容詞,,,,,,,62候補,語彙,寮,1,шумныи,2,adj_adv,ru→ja / ja→ru候補,шу́мный,騒がしい,"答え：騒がしい
品詞：形容詞
出典候補：第62候補
状態：校正用・未確認",russian2,v04,校正用,adj_adv,62候補,yes,未確認,v04追加。出典回・アクセント・訳語・品詞を要確認。動詞は体ペアとして校正。,no,,0.6,,,,,,
m0703,vocab,вре́дный,вредныи,有害な,形容詞,,,,,,,84候補,露文和訳,スマホ利用,1,вредныи,2,adj_adv,ru→ja / ja→ru候補,вре́дный,有害な,"答え：有害な
品詞：形容詞
出典候補：第84候補
状態：校正用・未確認",russian2,v04,校正用,adj_adv,84候補,yes,未確認,v04追加。出典回・アクセント・訳語・品詞を要確認。動詞は体ペアとして校正。,no,,0.6,,,,,,
m0704,vocab,ну́жный,нужныи,必要な,形容詞,,,,,,,62,露文和訳,必要語彙,1,нужныи,2,adj_adv,ru→ja / ja→ru候補,ну́жный,必要な,"答え：必要な
品詞：形容詞
出典候補：第62
状態：校正用・未確認",russian2,v04,校正用,adj_adv,62,yes,未確認,v04追加。出典回・アクセント・訳語・品詞を要確認。動詞は体ペアとして校正。,no,,0.65,,,,,,
m0705,vocab,доста́точный,достаточныи,十分な,形容詞,,,,,,,62候補,露文和訳,語彙量,1,достаточныи,2,adj_adv,ru→ja / ja→ru候補,доста́точный,十分な,"答え：十分な
品詞：形容詞
出典候補：第62候補
状態：校正用・未確認",russian2,v04,校正用,adj_adv,62候補,yes,未確認,v04追加。出典回・アクセント・訳語・品詞を要確認。動詞は体ペアとして校正。,no,,0.6,,,,,,
m0706,vocab,необходи́мый,необходимыи,必要不可欠な,形容詞,,,,,,,62,露文和訳,必要語彙,1,необходимыи,2,adj_adv,ru→ja / ja→ru候補,необходи́мый,必要不可欠な,"答え：必要不可欠な
品詞：形容詞
出典候補：第62
状態：校正用・未確認",russian2,v04,校正用,adj_adv,62,yes,未確認,v04追加。出典回・アクセント・訳語・品詞を要確認。動詞は体ペアとして校正。,no,,0.65,,,,,,
m0707,vocab,сиcтемати́ческий,сиcтематическии,体系的な,形容詞,,,,,,,62,露文和訳,毎日体系的に,1,сиcтематическии,2,adj_adv,ru→ja / ja→ru候補,сиcтемати́ческий,体系的な,"答え：体系的な
品詞：形容詞
出典候補：第62
状態：校正用・未確認",russian2,v04,校正用,adj_adv,62,yes,未確認,v04追加。出典回・アクセント・訳語・品詞を要確認。動詞は体ペアとして校正。,no,,0.65,,,,,,
m0708,vocab,кра́ткий,краткии,短い,形容詞,,,,,,,62候補,露文和訳,短期間,1,краткии,2,adj_adv,ru→ja / ja→ru候補,кра́ткий,短い,"答え：短い
品詞：形容詞
出典候補：第62候補
状態：校正用・未確認",russian2,v04,校正用,adj_adv,62候補,yes,未確認,v04追加。出典回・アクセント・訳語・品詞を要確認。動詞は体ペアとして校正。,no,,0.6,,,,,,
m0709,vocab,ча́стый,частыи,頻繁な,形容詞,,,,,,,62候補,語彙,頻度,1,частыи,2,adj_adv,ru→ja / ja→ru候補,ча́стый,頻繁な,"答え：頻繁な
品詞：形容詞
出典候補：第62候補
状態：校正用・未確認",russian2,v04,校正用,adj_adv,62候補,yes,未確認,v04追加。出典回・アクセント・訳語・品詞を要確認。動詞は体ペアとして校正。,no,,0.6,,,,,,
m0710,vocab,ре́дкий,редкии,珍しい・まれな,形容詞,,,,,,,62候補,語彙,頻度,1,редкии,2,adj_adv,ru→ja / ja→ru候補,ре́дкий,珍しい・まれな,"答え：珍しい・まれな
品詞：形容詞
出典候補：第62候補
状態：校正用・未確認",russian2,v04,校正用,adj_adv,62候補,yes,未確認,v04追加。出典回・アクセント・訳語・品詞を要確認。動詞は体ペアとして校正。,no,,0.6,,,,,,
m0711,vocab,разли́чный,различныи,様々な,形容詞,,,,,,,62候補,文法I,多様化,1,различныи,2,adj_adv,ru→ja / ja→ru候補,разли́чный,様々な,"答え：様々な
品詞：形容詞
出典候補：第62候補
状態：校正用・未確認",russian2,v04,校正用,adj_adv,62候補,yes,未確認,v04追加。出典回・アクセント・訳語・品詞を要確認。動詞は体ペアとして校正。,no,,0.6,,,,,,
m0712,vocab,разнообра́зный,разнообразныи,多様な,形容詞,,,,,,,62,文法I,教材多様化,1,разнообразныи,2,adj_adv,ru→ja / ja→ru候補,разнообра́зный,多様な,"答え：多様な
品詞：形容詞
出典候補：第62
状態：校正用・未確認",russian2,v04,校正用,adj_adv,62,yes,未確認,v04追加。出典回・アクセント・訳語・品詞を要確認。動詞は体ペアとして校正。,no,,0.65,,,,,,
m0713,vocab,стихи́йный,стихииныи,自然の・自然発生的な,形容詞,,,,,,,70,文法I,стихийные бедствия,1,стихииныи,2,adj_adv,ru→ja / ja→ru候補,стихи́йный,自然の・自然発生的な,"答え：自然の・自然発生的な
品詞：形容詞
出典候補：第70
状態：校正用・未確認",russian2,v04,校正用,adj_adv,70,yes,未確認,v04追加。出典回・アクセント・訳語・品詞を要確認。動詞は体ペアとして校正。,no,,0.65,,,,,,
m0714,vocab,письменный,письменныи,書面の,形容詞,,,,,,,70候補,露文和訳,手紙・メモ,1,письменныи,2,adj_adv,ru→ja / ja→ru候補,письменный,書面の,"答え：書面の
品詞：形容詞
出典候補：第70候補
状態：校正用・未確認",russian2,v04,校正用,adj_adv,70候補,yes,未確認,v04追加。出典回・アクセント・訳語・品詞を要確認。動詞は体ペアとして校正。,no,,0.6,,,,,,
m0715,vocab,устный,устныи,口頭の,形容詞,,,,,,,70,露文和訳,口頭形式,1,устныи,2,adj_adv,ru→ja / ja→ru候補,устный,口頭の,"答え：口頭の
品詞：形容詞
出典候補：第70
状態：校正用・未確認",russian2,v04,校正用,adj_adv,70,yes,未確認,v04追加。出典回・アクセント・訳語・品詞を要確認。動詞は体ペアとして校正。,no,,0.65,,,,,,
m0716,vocab,разгово́рный,разговорныи,会話の,形容詞,,,,,,,70,露文和訳,разговорный язык,1,разговорныи,2,adj_adv,ru→ja / ja→ru候補,разгово́рный,会話の,"答え：会話の
品詞：形容詞
出典候補：第70
状態：校正用・未確認",russian2,v04,校正用,adj_adv,70,yes,未確認,v04追加。出典回・アクセント・訳語・品詞を要確認。動詞は体ペアとして校正。,no,,0.65,,,,,,
m0717,vocab,литерату́рный,литературныи,文学の,形容詞,,,,,,,70,露文和訳,литературный язык,1,литературныи,2,adj_adv,ru→ja / ja→ru候補,литерату́рный,文学の,"答え：文学の
品詞：形容詞
出典候補：第70
状態：校正用・未確認",russian2,v04,校正用,adj_adv,70,yes,未確認,v04追加。出典回・アクセント・訳語・品詞を要確認。動詞は体ペアとして校正。,no,,0.65,,,,,,
m0718,vocab,челове́ческий,человеческии,人間の,形容詞,,,,,,,74,84,文法I,human,1,человеческии,2,adj_adv,ru→ja / ja→ru候補,челове́ческий,人間の,"答え：人間の
品詞：形容詞
出典候補：第74;84
状態：校正用・未確認",russian2,v04,校正用,adj_adv,74,84,yes,未確認,v04追加。出典回・アクセント・訳語・品詞を要確認。動詞は体ペアとして校正。,no,,0.65,,,,
m0719,vocab,прошлый,прошлыи,過去の,形容詞,,,,,,,62候補,語彙,時間,1,прошлыи,2,adj_adv,ru→ja / ja→ru候補,прошлый,過去の,"答え：過去の
品詞：形容詞
出典候補：第62候補
状態：校正用・未確認",russian2,v04,校正用,adj_adv,62候補,yes,未確認,v04追加。出典回・アクセント・訳語・品詞を要確認。動詞は体ペアとして校正。,no,,0.6,,,,,,
m0720,vocab,бу́дущий,будущии,将来の,形容詞,,,,,,,62候補,語彙,時間,1,будущии,2,adj_adv,ru→ja / ja→ru候補,бу́дущий,将来の,"答え：将来の
品詞：形容詞
出典候補：第62候補
状態：校正用・未確認",russian2,v04,校正用,adj_adv,62候補,yes,未確認,v04追加。出典回・アクセント・訳語・品詞を要確認。動詞は体ペアとして校正。,no,,0.6,,,,,,
m0721,vocab,сле́дующий,следующии,次の,形容詞,,,,,,,62候補,語彙,時間,1,следующии,2,adj_adv,ru→ja / ja→ru候補,сле́дующий,次の,"答え：次の
品詞：形容詞
出典候補：第62候補
状態：校正用・未確認",russian2,v04,校正用,adj_adv,62候補,yes,未確認,v04追加。出典回・アクセント・訳語・品詞を要確認。動詞は体ペアとして校正。,no,,0.6,,,,,,
m0722,vocab,после́дний,последнии,最後の・最近の,形容詞,,,,,,,62候補,語彙,時間,1,последнии,2,adj_adv,ru→ja / ja→ru候補,после́дний,最後の・最近の,"答え：最後の・最近の
品詞：形容詞
出典候補：第62候補
状態：校正用・未確認",russian2,v04,校正用,adj_adv,62候補,yes,未確認,v04追加。出典回・アクセント・訳語・品詞を要確認。動詞は体ペアとして校正。,no,,0.6,,,,,,
m0723,vocab,пе́рвый,первыи,第一の・初めての,形容詞,,,,,,,84,和文露訳,初めて,1,первыи,2,adj_adv,ru→ja / ja→ru候補,пе́рвый,第一の・初めての,"答え：第一の・初めての
品詞：形容詞
出典候補：第84
状態：校正用・未確認",russian2,v04,校正用,adj_adv,84,yes,未確認,v04追加。出典回・アクセント・訳語・品詞を要確認。動詞は体ペアとして校正。,no,,0.65,,,,,,
m0724,vocab,второ́й,второи,第二の,形容詞,,,,,,,74,文法I,20世紀後半,1,второи,2,adj_adv,ru→ja / ja→ru候補,второ́й,第二の,"答え：第二の
品詞：形容詞
出典候補：第74
状態：校正用・未確認",russian2,v04,校正用,adj_adv,74,yes,未確認,v04追加。出典回・アクセント・訳語・品詞を要確認。動詞は体ペアとして校正。,no,,0.65,,,,,,
m0725,vocab,оба́,оба,両方の,数詞/代名詞,,,,,,,74,文法III,оба берега,1,оба,2,adj_adv,ru→ja / ja→ru候補,оба́,両方の,"答え：両方の
品詞：数詞/代名詞
出典候補：第74
状態：校正用・未確認",russian2,v04,校正用,adj_adv,74,yes,未確認,v04追加。出典回・アクセント・訳語・品詞を要確認。動詞は体ペアとして校正。,no,,0.65,,,,,,
m0726,vocab,тро́е,трое,3人,集合数詞,,,,,,,70,74,文法III,все трое,1,трое,2,adj_adv,ru→ja / ja→ru候補,тро́е,3人,"答え：3人
品詞：集合数詞
出典候補：第70;74
状態：校正用・未確認",russian2,v04,校正用,adj_adv,70,74,yes,未確認,v04追加。出典回・アクセント・訳語・品詞を要確認。動詞は体ペアとして校正。,no,,0.65,,,,
m0727,vocab,два́дцатый,двадцатыи,20番目の,序数詞,,,,,,,74,文法I,XX век,1,двадцатыи,2,adj_adv,ru→ja / ja→ru候補,два́дцатый,20番目の,"答え：20番目の
品詞：序数詞
出典候補：第74
状態：校正用・未確認",russian2,v04,校正用,adj_adv,74,yes,未確認,v04追加。出典回・アクセント・訳語・品詞を要確認。動詞は体ペアとして校正。,no,,0.65,,,,,,
m0728,phrase,"де́ло в том, что","дело в том, что",要するに・実は〜ということだ,構文,,,,,,,62候補,語彙,説明,1,"дело в том, что",2,phrase,ru→ja / ja→ru候補,"де́ло в том, что",要するに・実は〜ということだ,"答え：要するに・実は〜ということだ
品詞：構文
出典候補：第62候補
状態：校正用・未確認",russian2,v04,校正用,phrase,62候補,yes,未確認,v04追加。出典回・アクセント・訳語・品詞を要確認。動詞は体ペアとして校正。,no,,0.6,,,,,,
m0729,phrase,речь идёт о,речь идет о,〜について述べている,構文,,,,,,,70候補,露文和訳,論旨把握,1,речь идет о,2,phrase,ru→ja / ja→ru候補,речь идёт о,〜について述べている,"答え：〜について述べている
品詞：構文
出典候補：第70候補
状態：校正用・未確認",russian2,v04,校正用,phrase,70候補,yes,未確認,v04追加。出典回・アクセント・訳語・品詞を要確認。動詞は体ペアとして校正。,no,,0.6,,,,,,
m0730,phrase,иметь в виду,иметь в виду,念頭に置く・意味する,動詞句,,,,,,,62候補,語彙,表現,1,иметь в виду,2,phrase,ru→ja / ja→ru候補,иметь в виду,念頭に置く・意味する,"答え：念頭に置く・意味する
品詞：動詞句
出典候補：第62候補
状態：校正用・未確認",russian2,v04,校正用,phrase,62候補,yes,未確認,v04追加。出典回・アクセント・訳語・品詞を要確認。動詞は体ペアとして校正。,no,,0.6,,,,,,
m0731,phrase,обраща́ть внима́ние на,обращать внимание на,〜に注意を払う,動詞句,,,,,,,62候補,語彙,格支配,1,обращать внимание на,2,phrase,ru→ja / ja→ru候補,обраща́ть внима́ние на,〜に注意を払う,"答え：〜に注意を払う
品詞：動詞句
出典候補：第62候補
状態：校正用・未確認",russian2,v04,校正用,phrase,62候補,yes,未確認,v04追加。出典回・アクセント・訳語・品詞を要確認。動詞は体ペアとして校正。,no,,0.6,,,,,,
m0732,phrase,принима́ть уча́стие в,принимать участие в,〜に参加する,動詞句,,,,,,,74候補,語彙,コンクール,1,принимать участие в,2,phrase,ru→ja / ja→ru候補,принима́ть уча́стие в,〜に参加する,"答え：〜に参加する
品詞：動詞句
出典候補：第74候補
状態：校正用・未確認",russian2,v04,校正用,phrase,74候補,yes,未確認,v04追加。出典回・アクセント・訳語・品詞を要確認。動詞は体ペアとして校正。,no,,0.6,,,,,,
m0733,phrase,оказыва́ть влия́ние на,оказывать влияние на,〜に影響を及ぼす,動詞句,,,,,,,70,文法I,影響,1,оказывать влияние на,2,phrase,ru→ja / ja→ru候補,оказыва́ть влия́ние на,〜に影響を及ぼす,"答え：〜に影響を及ぼす
品詞：動詞句
出典候補：第70
状態：校正用・未確認",russian2,v04,校正用,phrase,70,yes,未確認,v04追加。出典回・アクセント・訳語・品詞を要確認。動詞は体ペアとして校正。,no,,0.65,,,,,,
m0734,phrase,влиять на,влиять на,〜に影響する,格支配,,,,,,,70,文法I,на+対格,1,влиять на,2,phrase,ru→ja / ja→ru候補,влиять на,〜に影響する,"答え：〜に影響する
品詞：格支配
出典候補：第70
状態：校正用・未確認",russian2,v04,校正用,phrase,70,yes,未確認,v04追加。出典回・アクセント・訳語・品詞を要確認。動詞は体ペアとして校正。,no,,0.65,,,,,,
m0735,phrase,зави́сеть от,зависеть от,〜に依存する,格支配,,,,,,,70候補,語彙,от+生格,1,зависеть от,2,phrase,ru→ja / ja→ru候補,зави́сеть от,〜に依存する,"答え：〜に依存する
品詞：格支配
出典候補：第70候補
状態：校正用・未確認",russian2,v04,校正用,phrase,70候補,yes,未確認,v04追加。出典回・アクセント・訳語・品詞を要確認。動詞は体ペアとして校正。,no,,0.6,,,,,,
m0736,phrase,страда́ть от,страдать от,〜で苦しむ,格支配,,,,,,,70,文法I,от+生格,1,страдать от,2,phrase,ru→ja / ja→ru候補,страда́ть от,〜で苦しむ,"答え：〜で苦しむ
品詞：格支配
出典候補：第70
状態：校正用・未確認",russian2,v04,校正用,phrase,70,yes,未確認,v04追加。出典回・アクセント・訳語・品詞を要確認。動詞は体ペアとして校正。,no,,0.65,,,,,,
m0737,phrase,скуча́ть по,скучать по,〜を恋しがる,格支配,,,,,,,70候補,語彙,по+与格/前置格,1,скучать по,2,phrase,ru→ja / ja→ru候補,скуча́ть по,〜を恋しがる,"答え：〜を恋しがる
品詞：格支配
出典候補：第70候補
状態：校正用・未確認",russian2,v04,校正用,phrase,70候補,yes,未確認,v04追加。出典回・アクセント・訳語・品詞を要確認。動詞は体ペアとして校正。,no,,0.6,,,,,,
m0738,phrase,интересова́ться чем,интересоваться чем,〜に興味を持つ,格支配,,,,,,,70,文法IV,造格,1,интересоваться чем,2,phrase,ru→ja / ja→ru候補,интересова́ться чем,〜に興味を持つ,"答え：〜に興味を持つ
品詞：格支配
出典候補：第70
状態：校正用・未確認",russian2,v04,校正用,phrase,70,yes,未確認,v04追加。出典回・アクセント・訳語・品詞を要確認。動詞は体ペアとして校正。,no,,0.65,,,,,,
m0739,phrase,пользова́ться чем,пользоваться чем,〜を利用する,格支配,,,,,,,84,口頭作文,造格,1,пользоваться чем,2,phrase,ru→ja / ja→ru候補,пользова́ться чем,〜を利用する,"答え：〜を利用する
品詞：格支配
出典候補：第84
状態：校正用・未確認",russian2,v04,校正用,phrase,84,yes,未確認,v04追加。出典回・アクセント・訳語・品詞を要確認。動詞は体ペアとして校正。,no,,0.65,,,,,,
m0740,phrase,горди́ться чем,гордиться чем,〜を誇りに思う,格支配,,,,,,,74候補,語彙,造格,1,гордиться чем,2,phrase,ru→ja / ja→ru候補,горди́ться чем,〜を誇りに思う,"答え：〜を誇りに思う
品詞：格支配
出典候補：第74候補
状態：校正用・未確認",russian2,v04,校正用,phrase,74候補,yes,未確認,v04追加。出典回・アクセント・訳語・品詞を要確認。動詞は体ペアとして校正。,no,,0.6,,,,,,
m0741,phrase,помога́ть кому,помогать кому,〜を助ける,格支配,,,,,,,76候補,和文露訳,与格,1,помогать кому,2,phrase,ru→ja / ja→ru候補,помога́ть кому,〜を助ける,"答え：〜を助ける
品詞：格支配
出典候補：第76候補
状態：校正用・未確認",russian2,v04,校正用,phrase,76候補,yes,未確認,v04追加。出典回・アクセント・訳語・品詞を要確認。動詞は体ペアとして校正。,no,,0.6,,,,,,
m0742,phrase,сове́товать кому что,советовать кому что,誰に何を助言する,格支配,,,,,,,84,露文和訳,与格+対格,1,советовать кому что,2,phrase,ru→ja / ja→ru候補,сове́товать кому что,誰に何を助言する,"答え：誰に何を助言する
品詞：格支配
出典候補：第84
状態：校正用・未確認",russian2,v04,校正用,phrase,84,yes,未確認,v04追加。出典回・アクセント・訳語・品詞を要確認。動詞は体ペアとして校正。,no,,0.65,,,,,,
m0743,phrase,поступить в университе́т,поступить в университет,大学に入学する,表現,,,,,,,62,文法IV,поступить в,1,поступить в университет,2,phrase,ru→ja / ja→ru候補,поступить в университе́т,大学に入学する,"答え：大学に入学する
品詞：表現
出典候補：第62
状態：校正用・未確認",russian2,v04,校正用,phrase,62,yes,未確認,v04追加。出典回・アクセント・訳語・品詞を要確認。動詞は体ペアとして校正。,no,,0.65,,,,,,
m0744,phrase,сдать экза́мен,сдать экзамен,試験に合格する・受ける,表現,,,,,,,84候補,語彙,試験,1,сдать экзамен,2,phrase,ru→ja / ja→ru候補,сдать экза́мен,試験に合格する・受ける,"答え：試験に合格する・受ける
品詞：表現
出典候補：第84候補
状態：校正用・未確認",russian2,v04,校正用,phrase,84候補,yes,未確認,v04追加。出典回・アクセント・訳語・品詞を要確認。動詞は体ペアとして校正。,no,,0.6,,,,,,
m0745,phrase,провести́ кани́кулы,провести каникулы,休暇を過ごす,表現,,,,,,,84,露文和訳,夏休み,1,провести каникулы,2,phrase,ru→ja / ja→ru候補,провести́ кани́кулы,休暇を過ごす,"答え：休暇を過ごす
品詞：表現
出典候補：第84
状態：校正用・未確認",russian2,v04,校正用,phrase,84,yes,未確認,v04追加。出典回・アクセント・訳語・品詞を要確認。動詞は体ペアとして校正。,no,,0.65,,,,,,
m0746,phrase,ограни́чить испо́льзование,ограничить использование,利用を制限する,表現,,,,,,,84,露文和訳,スマホ利用,1,ограничить использование,2,phrase,ru→ja / ja→ru候補,ограни́чить испо́льзование,利用を制限する,"答え：利用を制限する
品詞：表現
出典候補：第84
状態：校正用・未確認",russian2,v04,校正用,phrase,84,yes,未確認,v04追加。出典回・アクセント・訳語・品詞を要確認。動詞は体ペアとして校正。,no,,0.65,,,,,,
m0747,phrase,восстанови́ться по́сле стре́сса,восстановиться после стресса,ストレス後に回復する,表現,,,,,,,84,露文和訳,ストレス回復,1,восстановиться после стресса,2,phrase,ru→ja / ja→ru候補,восстанови́ться по́сле стре́сса,ストレス後に回復する,"答え：ストレス後に回復する
品詞：表現
出典候補：第84
状態：校正用・未確認",russian2,v04,校正用,phrase,84,yes,未確認,v04追加。出典回・アクセント・訳語・品詞を要確認。動詞は体ペアとして校正。,no,,0.65,,,,,,
m0748,phrase,проводить вре́мя с роди́телями,проводить время с родителями,親と時間を過ごす,表現,,,,,,,84,露文和訳,親子の時間,1,проводить время с родителями,2,phrase,ru→ja / ja→ru候補,проводить вре́мя с роди́телями,親と時間を過ごす,"答え：親と時間を過ごす
品詞：表現
出典候補：第84
状態：校正用・未確認",russian2,v04,校正用,phrase,84,yes,未確認,v04追加。出典回・アクセント・訳語・品詞を要確認。動詞は体ペアとして校正。,no,,0.65,,,,,,
m0749,phrase,быть ве́жливым с,быть вежливым с,〜に礼儀正しく接する,表現,,,,,,,84候補,和文露訳,接し方,1,быть вежливым с,2,phrase,ru→ja / ja→ru候補,быть ве́жливым с,〜に礼儀正しく接する,"答え：〜に礼儀正しく接する
品詞：表現
出典候補：第84候補
状態：校正用・未確認",russian2,v04,校正用,phrase,84候補,yes,未確認,v04追加。出典回・アクセント・訳語・品詞を要確認。動詞は体ペアとして校正。,no,,0.6,,,,,,
m0750,phrase,от всей души́,от всеи души,心から,副詞句,,,,,,,76候補,和文露訳,感情,1,от всеи души,2,phrase,ru→ja / ja→ru候補,от всей души́,心から,"答え：心から
品詞：副詞句
出典候補：第76候補
状態：校正用・未確認",russian2,v04,校正用,phrase,76候補,yes,未確認,v04追加。出典回・アクセント・訳語・品詞を要確認。動詞は体ペアとして校正。,no,,0.6,,,,,,
m0751,phrase,тёплое чу́вство,теплое чувство,温かい気持ち,表現,,,,,,,76,和文露訳,優しい行動,1,теплое чувство,2,phrase,ru→ja / ja→ru候補,тёплое чу́вство,温かい気持ち,"答え：温かい気持ち
品詞：表現
出典候補：第76
状態：校正用・未確認",russian2,v04,校正用,phrase,76,yes,未確認,v04追加。出典回・アクセント・訳語・品詞を要確認。動詞は体ペアとして校正。,no,,0.65,,,,,,
m0752,phrase,гуля́ть с соба́кой,гулять с собакои,犬と散歩する,表現,,,,,,,76,和文露訳,愛犬との散歩,1,гулять с собакои,2,phrase,ru→ja / ja→ru候補,гуля́ть с соба́кой,犬と散歩する,"答え：犬と散歩する
品詞：表現
出典候補：第76
状態：校正用・未確認",russian2,v04,校正用,phrase,76,yes,未確認,v04追加。出典回・アクセント・訳語・品詞を要確認。動詞は体ペアとして校正。,no,,0.65,,,,,,
m0753,phrase,обы́чным по́ездом,обычным поездом,普通列車で,表現,,,,,,,62,和文露訳,普通列車,1,обычным поездом,2,phrase,ru→ja / ja→ru候補,обы́чным по́ездом,普通列車で,"答え：普通列車で
品詞：表現
出典候補：第62
状態：校正用・未確認",russian2,v04,校正用,phrase,62,yes,未確認,v04追加。出典回・アクセント・訳語・品詞を要確認。動詞は体ペアとして校正。,no,,0.65,,,,,,
m0754,phrase,путеше́ствовать по То́хоку,путешествовать по Тохоку,東北を旅行する,表現,,,,,,,62,和文露訳,旅行,1,путешествовать по Тохоку,2,phrase,ru→ja / ja→ru候補,путеше́ствовать по То́хоку,東北を旅行する,"答え：東北を旅行する
品詞：表現
出典候補：第62
状態：校正用・未確認",russian2,v04,校正用,phrase,62,yes,未確認,v04追加。出典回・アクセント・訳語・品詞を要確認。動詞は体ペアとして校正。,no,,0.65,,,,,,
m0755,phrase,жить свобо́дно,жить свободно,自由に生活する,表現,,,,,,,62,和文露訳,自由,1,жить свободно,2,phrase,ru→ja / ja→ru候補,жить свобо́дно,自由に生活する,"答え：自由に生活する
品詞：表現
出典候補：第62
状態：校正用・未確認",russian2,v04,校正用,phrase,62,yes,未確認,v04追加。出典回・アクセント・訳語・品詞を要確認。動詞は体ペアとして校正。,no,,0.65,,,,,,
m0756,phrase,читать кни́ги,читать книги,本を読む,表現,,,,,,,62候補,和文露訳,読書,1,читать книги,2,phrase,ru→ja / ja→ru候補,читать кни́ги,本を読む,"答え：本を読む
品詞：表現
出典候補：第62候補
状態：校正用・未確認",russian2,v04,校正用,phrase,62候補,yes,未確認,v04追加。出典回・アクセント・訳語・品詞を要確認。動詞は体ペアとして校正。,no,,0.6,,,,,,
m0757,phrase,игра́ть с друзья́ми,играть с друзьями,友人と遊ぶ,表現,,,,,,,62,和文露訳,遊び,1,играть с друзьями,2,phrase,ru→ja / ja→ru候補,игра́ть с друзья́ми,友人と遊ぶ,"答え：友人と遊ぶ
品詞：表現
出典候補：第62
状態：校正用・未確認",russian2,v04,校正用,phrase,62,yes,未確認,v04追加。出典回・アクセント・訳語・品詞を要確認。動詞は体ペアとして校正。,no,,0.65,,,,,,
m0758,phrase,по сравне́нию с,по сравнению с,〜と比べて,前置詞句,,,,,,,74候補,文法I,比較,1,по сравнению с,2,phrase,ru→ja / ja→ru候補,по сравне́нию с,〜と比べて,"答え：〜と比べて
品詞：前置詞句
出典候補：第74候補
状態：校正用・未確認",russian2,v04,校正用,phrase,74候補,yes,未確認,v04追加。出典回・アクセント・訳語・品詞を要確認。動詞は体ペアとして校正。,no,,0.6,,,,,,
m0759,phrase,в отноше́нии,в отношении,〜に関して,前置詞句,,,,,,,74候補,文法I,отношение,1,в отношении,2,phrase,ru→ja / ja→ru候補,в отноше́нии,〜に関して,"答え：〜に関して
品詞：前置詞句
出典候補：第74候補
状態：校正用・未確認",russian2,v04,校正用,phrase,74候補,yes,未確認,v04追加。出典回・アクセント・訳語・品詞を要確認。動詞は体ペアとして校正。,no,,0.6,,,,,,
m0760,phrase,в те́чение,в течение,〜の間,前置詞句,,,,,,,84候補,文法III,期間,1,в течение,2,phrase,ru→ja / ja→ru候補,в те́чение,〜の間,"答え：〜の間
品詞：前置詞句
出典候補：第84候補
状態：校正用・未確認",russian2,v04,校正用,phrase,84候補,yes,未確認,v04追加。出典回・アクセント・訳語・品詞を要確認。動詞は体ペアとして校正。,no,,0.6,,,,,,
m0761,phrase,с ... по ...,с ... по ...,〜から〜まで,構文,,,,,,,84,文法III,7月1日〜9月10日,1,с ... по ...,2,phrase,ru→ja / ja→ru候補,с ... по ...,〜から〜まで,"答え：〜から〜まで
品詞：構文
出典候補：第84
状態：校正用・未確認",russian2,v04,校正用,phrase,84,yes,未確認,v04追加。出典回・アクセント・訳語・品詞を要確認。動詞は体ペアとして校正。,no,,0.65,,,,,,
m0762,phrase,более чем,более чем,〜以上,表現,,,,,,,84候補,文法III,数量,1,более чем,2,phrase,ru→ja / ja→ru候補,более чем,〜以上,"答え：〜以上
品詞：表現
出典候補：第84候補
状態：校正用・未確認",russian2,v04,校正用,phrase,84候補,yes,未確認,v04追加。出典回・アクセント・訳語・品詞を要確認。動詞は体ペアとして校正。,no,,0.6,,,,,,
m0763,phrase,около,около,約,前置詞,,,,,,,70,84,文法III,約10kg/人数,1,около,2,phrase,ru→ja / ja→ru候補,около,約,"答え：約
品詞：前置詞
出典候補：第70;84
状態：校正用・未確認",russian2,v04,校正用,phrase,70,84,yes,未確認,v04追加。出典回・アクセント・訳語・品詞を要確認。動詞は体ペアとして校正。,no,,0.65,,,,
m0764,phrase,не ме́нее,не менее,少なくとも,表現,,,,,,,74候補,語彙,数量,1,не менее,2,phrase,ru→ja / ja→ru候補,не ме́нее,少なくとも,"答え：少なくとも
品詞：表現
出典候補：第74候補
状態：校正用・未確認",russian2,v04,校正用,phrase,74候補,yes,未確認,v04追加。出典回・アクセント・訳語・品詞を要確認。動詞は体ペアとして校正。,no,,0.6,,,,,,
m0765,phrase,не бо́лее,не более,多くとも,表現,,,,,,,70候補,和文露訳,体重の10%まで,1,не более,2,phrase,ru→ja / ja→ru候補,не бо́лее,多くとも,"答え：多くとも
品詞：表現
出典候補：第70候補
状態：校正用・未確認",russian2,v04,校正用,phrase,70候補,yes,未確認,v04追加。出典回・アクセント・訳語・品詞を要確認。動詞は体ペアとして校正。,no,,0.6,,,,,,
m0766,phrase,коро́ткое вре́мя,короткое время,短期間,表現,,,,,,,62,露文和訳,忘れやすい,1,короткое время,2,phrase,ru→ja / ja→ru候補,коро́ткое вре́мя,短期間,"答え：短期間
品詞：表現
出典候補：第62
状態：校正用・未確認",russian2,v04,校正用,phrase,62,yes,未確認,v04追加。出典回・アクセント・訳語・品詞を要確認。動詞は体ペアとして校正。,no,,0.65,,,,,,
m0767,phrase,систeмати́чески занима́ться,систeматически заниматься,体系的に学習する,表現,,,,,,,62,露文和訳,毎日学ぶ,1,систeматически заниматься,2,phrase,ru→ja / ja→ru候補,систeмати́чески занима́ться,体系的に学習する,"答え：体系的に学習する
品詞：表現
出典候補：第62
状態：校正用・未確認",russian2,v04,校正用,phrase,62,yes,未確認,v04追加。出典回・アクセント・訳語・品詞を要確認。動詞は体ペアとして校正。,no,,0.65,,,,,,
m0768,phrase,расширя́ть слова́рный запа́с,расширять словарныи запас,語彙力を広げる,表現,,,,,,,62候補,露文和訳,語彙学習,1,расширять словарныи запас,2,phrase,ru→ja / ja→ru候補,расширя́ть слова́рный запа́с,語彙力を広げる,"答え：語彙力を広げる
品詞：表現
出典候補：第62候補
状態：校正用・未確認",russian2,v04,校正用,phrase,62候補,yes,未確認,v04追加。出典回・アクセント・訳語・品詞を要確認。動詞は体ペアとして校正。,no,,0.6,,,,,,
m0769,phrase,знать наизу́сть,знать наизусть,暗記している,表現,,,,,,,62候補,語彙,暗記,1,знать наизусть,2,phrase,ru→ja / ja→ru候補,знать наизу́сть,暗記している,"答え：暗記している
品詞：表現
出典候補：第62候補
状態：校正用・未確認",russian2,v04,校正用,phrase,62候補,yes,未確認,v04追加。出典回・アクセント・訳語・品詞を要確認。動詞は体ペアとして校正。,no,,0.6,,,,,,
m0770,phrase,реша́ть упражне́ния,решать упражнения,練習問題を解く,表現,,,,,,,74,聴取,宿題,1,решать упражнения,2,phrase,ru→ja / ja→ru候補,реша́ть упражне́ния,練習問題を解く,"答え：練習問題を解く
品詞：表現
出典候補：第74
状態：校正用・未確認",russian2,v04,校正用,phrase,74,yes,未確認,v04追加。出典回・アクセント・訳語・品詞を要確認。動詞は体ペアとして校正。,no,,0.65,,,,,,
m0771,phrase,игра́ть на гита́ре,играть на гитаре,ギターを弾く,表現,,,,,,,84,聴取,趣味,1,играть на гитаре,2,phrase,ru→ja / ja→ru候補,игра́ть на гита́ре,ギターを弾く,"答え：ギターを弾く
品詞：表現
出典候補：第84
状態：校正用・未確認",russian2,v04,校正用,phrase,84,yes,未確認,v04追加。出典回・アクセント・訳語・品詞を要確認。動詞は体ペアとして校正。,no,,0.65,,,,,,
m0772,phrase,жить в центре го́рода,жить в центре города,市中心部に住む,表現,,,,,,,84,聴取,部屋,1,жить в центре города,2,phrase,ru→ja / ja→ru候補,жить в центре го́рода,市中心部に住む,"答え：市中心部に住む
品詞：表現
出典候補：第84
状態：校正用・未確認",russian2,v04,校正用,phrase,84,yes,未確認,v04追加。出典回・アクセント・訳語・品詞を要確認。動詞は体ペアとして校正。,no,,0.65,,,,,,
m0773,phrase,снять кварти́ру,снять квартиру,アパートを借りる,表現,,,,,,,62,聴取,住居,1,снять квартиру,2,phrase,ru→ja / ja→ru候補,снять кварти́ру,アパートを借りる,"答え：アパートを借りる
品詞：表現
出典候補：第62
状態：校正用・未確認",russian2,v04,校正用,phrase,62,yes,未確認,v04追加。出典回・アクセント・訳語・品詞を要確認。動詞は体ペアとして校正。,no,,0.65,,,,,,
m0774,phrase,ехать на мо́ре,ехать на море,海へ行く,表現,,,,,,,70,聴取,家族旅行,1,ехать на море,2,phrase,ru→ja / ja→ru候補,ехать на мо́ре,海へ行く,"答え：海へ行く
品詞：表現
出典候補：第70
状態：校正用・未確認",russian2,v04,校正用,phrase,70,yes,未確認,v04追加。出典回・アクセント・訳語・品詞を要確認。動詞は体ペアとして校正。,no,,0.65,,,,,,
m0775,phrase,остави́ть ко́шку у сосе́да,оставить кошку у соседа,猫を隣人に預ける,表現,,,,,,,70,聴取,旅行,1,оставить кошку у соседа,2,phrase,ru→ja / ja→ru候補,остави́ть ко́шку у сосе́да,猫を隣人に預ける,"答え：猫を隣人に預ける
品詞：表現
出典候補：第70
状態：校正用・未確認",russian2,v04,校正用,phrase,70,yes,未確認,v04追加。出典回・アクセント・訳語・品詞を要確認。動詞は体ペアとして校正。,no,,0.65,,,,,,
m0776,phrase,по́сле дождя́,после дождя,雨の後で,前置詞句,,,,,,,70,聴取,天気回復,1,после дождя,2,phrase,ru→ja / ja→ru候補,по́сле дождя́,雨の後で,"答え：雨の後で
品詞：前置詞句
出典候補：第70
状態：校正用・未確認",russian2,v04,校正用,phrase,70,yes,未確認,v04追加。出典回・アクセント・訳語・品詞を要確認。動詞は体ペアとして校正。,no,,0.65,,,,,,
m0777,phrase,по доро́ге,по дороге,道中で,副詞句,,,,,,,70候補,聴取,旅行,1,по дороге,2,phrase,ru→ja / ja→ru候補,по доро́ге,道中で,"答え：道中で
品詞：副詞句
出典候補：第70候補
状態：校正用・未確認",russian2,v04,校正用,phrase,70候補,yes,未確認,v04追加。出典回・アクセント・訳語・品詞を要確認。動詞は体ペアとして校正。,no,,0.6,,,,,,
m0778,phrase,че́рез пять часо́в,через пять часов,5時間後に,表現,,,,,,,70,聴取,旅行,1,через пять часов,2,phrase,ru→ja / ja→ru候補,че́рез пять часо́в,5時間後に,"答え：5時間後に
品詞：表現
出典候補：第70
状態：校正用・未確認",russian2,v04,校正用,phrase,70,yes,未確認,v04追加。出典回・アクセント・訳語・品詞を要確認。動詞は体ペアとして校正。,no,,0.65,,,,,,
m0779,phrase,сде́лать фотогра́фию,сделать фотографию,写真を撮る,表現,,,,,,,70,聴取,景色,1,сделать фотографию,2,phrase,ru→ja / ja→ru候補,сде́лать фотогра́фию,写真を撮る,"答え：写真を撮る
品詞：表現
出典候補：第70
状態：校正用・未確認",russian2,v04,校正用,phrase,70,yes,未確認,v04追加。出典回・アクセント・訳語・品詞を要確認。動詞は体ペアとして校正。,no,,0.65,,,,,,
m0780,phrase,прибы́ть в гости́ницу,прибыть в гостиницу,ホテルに到着する,表現,,,,,,,70,聴取,旅行,1,прибыть в гостиницу,2,phrase,ru→ja / ja→ru候補,прибы́ть в гости́ницу,ホテルに到着する,"答え：ホテルに到着する
品詞：表現
出典候補：第70
状態：校正用・未確認",russian2,v04,校正用,phrase,70,yes,未確認,v04追加。出典回・アクセント・訳語・品詞を要確認。動詞は体ペアとして校正。,no,,0.65,,,,,,
m0781,phrase,уче́бное заведе́ние,учебное заведение,教育機関,表現,,,,,,,74,文法I,教育,1,учебное заведение,2,phrase,ru→ja / ja→ru候補,уче́бное заведе́ние,教育機関,"答え：教育機関
品詞：表現
出典候補：第74
状態：校正用・未確認",russian2,v04,校正用,phrase,74,yes,未確認,v04追加。出典回・アクセント・訳語・品詞を要確認。動詞は体ペアとして校正。,no,,0.65,,,,,,
m0782,phrase,междунаро́дное сравне́ние,международное сравнение,国際比較,表現,,,,,,,74,文法I,教育,1,международное сравнение,2,phrase,ru→ja / ja→ru候補,междунаро́дное сравне́ние,国際比較,"答え：国際比較
品詞：表現
出典候補：第74
状態：校正用・未確認",russian2,v04,校正用,phrase,74,yes,未確認,v04追加。出典回・アクセント・訳語・品詞を要確認。動詞は体ペアとして校正。,no,,0.65,,,,,,
m0783,phrase,принима́ть за образе́ц,принимать за образец,模範とみなす,表現,,,,,,,74,文法I,образец,1,принимать за образец,2,phrase,ru→ja / ja→ru候補,принима́ть за образе́ц,模範とみなす,"答え：模範とみなす
品詞：表現
出典候補：第74
状態：校正用・未確認",russian2,v04,校正用,phrase,74,yes,未確認,v04追加。出典回・アクセント・訳語・品詞を要確認。動詞は体ペアとして校正。,no,,0.65,,,,,,
m0784,phrase,игра́ть на скри́пке,играть на скрипке,ヴァイオリンを弾く,表現,,,,,,,74,和文露訳,音楽,1,играть на скрипке,2,phrase,ru→ja / ja→ru候補,игра́ть на скри́пке,ヴァイオリンを弾く,"答え：ヴァイオリンを弾く
品詞：表現
出典候補：第74
状態：校正用・未確認",russian2,v04,校正用,phrase,74,yes,未確認,v04追加。出典回・アクセント・訳語・品詞を要確認。動詞は体ペアとして校正。,no,,0.65,,,,,,
m0785,phrase,уча́ствовать в ко́нкурсе,участвовать в конкурсе,コンクールに参加する,表現,,,,,,,74,和文露訳,音楽,1,участвовать в конкурсе,2,phrase,ru→ja / ja→ru候補,уча́ствовать в ко́нкурсе,コンクールに参加する,"答え：コンクールに参加する
品詞：表現
出典候補：第74
状態：校正用・未確認",russian2,v04,校正用,phrase,74,yes,未確認,v04追加。出典回・アクセント・訳語・品詞を要確認。動詞は体ペアとして校正。,no,,0.65,,,,,,
m0786,phrase,оценива́ть исполне́ние,оценивать исполнение,演奏を評価する,表現,,,,,,,74,和文露訳,音楽,1,оценивать исполнение,2,phrase,ru→ja / ja→ru候補,оценива́ть исполне́ние,演奏を評価する,"答え：演奏を評価する
品詞：表現
出典候補：第74
状態：校正用・未確認",russian2,v04,校正用,phrase,74,yes,未確認,v04追加。出典回・アクセント・訳語・品詞を要確認。動詞は体ペアとして校正。,no,,0.65,,,,,,
m0787,phrase,посвяти́ть себя́ му́зыке,посвятить себя музыке,音楽に身を捧げる,表現,,,,,,,74候補,和文露訳,音楽,1,посвятить себя музыке,2,phrase,ru→ja / ja→ru候補,посвяти́ть себя́ му́зыке,音楽に身を捧げる,"答え：音楽に身を捧げる
品詞：表現
出典候補：第74候補
状態：校正用・未確認",russian2,v04,校正用,phrase,74候補,yes,未確認,v04追加。出典回・アクセント・訳語・品詞を要確認。動詞は体ペアとして校正。,no,,0.6,,,,,,
m0788,phrase,изо всех сил,изо всех сил,全力で,副詞句,,,,,,,74候補,和文露訳,音楽,1,изо всех сил,2,phrase,ru→ja / ja→ru候補,изо всех сил,全力で,"答え：全力で
品詞：副詞句
出典候補：第74候補
状態：校正用・未確認",russian2,v04,校正用,phrase,74候補,yes,未確認,v04追加。出典回・アクセント・訳語・品詞を要確認。動詞は体ペアとして校正。,no,,0.6,,,,,,
m0789,phrase,говори́ть по-япо́нски,говорить по-японски,日本語で話す,表現,,,,,,,62,文法I,日本語教育,1,говорить по-японски,2,phrase,ru→ja / ja→ru候補,говори́ть по-япо́нски,日本語で話す,"答え：日本語で話す
品詞：表現
出典候補：第62
状態：校正用・未確認",russian2,v04,校正用,phrase,62,yes,未確認,v04追加。出典回・アクセント・訳語・品詞を要確認。動詞は体ペアとして校正。,no,,0.65,,,,,,
m0790,phrase,изуча́ть япо́нский язы́к,изучать японскии язык,日本語を学ぶ,表現,,,,,,,62,文法I,日本語教育,1,изучать японскии язык,2,phrase,ru→ja / ja→ru候補,изуча́ть япо́нский язы́к,日本語を学ぶ,"答え：日本語を学ぶ
品詞：表現
出典候補：第62
状態：校正用・未確認",russian2,v04,校正用,phrase,62,yes,未確認,v04追加。出典回・アクセント・訳語・品詞を要確認。動詞は体ペアとして校正。,no,,0.65,,,,,,
m0791,phrase,изуча́ть ру́сский язы́к,изучать русскии язык,ロシア語を学ぶ,表現,,,,,,,62,74,全般,ロシア語,1,изучать русскии язык,2,phrase,ru→ja / ja→ru候補,изуча́ть ру́сский язы́к,ロシア語を学ぶ,"答え：ロシア語を学ぶ
品詞：表現
出典候補：第62;74
状態：校正用・未確認",russian2,v04,校正用,phrase,62,74,yes,未確認,v04追加。出典回・アクセント・訳語・品詞を要確認。動詞は体ペアとして校正。,no,,0.65,,,,
m0792,phrase,в после́дние го́ды,в последние годы,近年,副詞句,,,,,,,62,文法I,日本語教育,1,в последние годы,2,phrase,ru→ja / ja→ru候補,в после́дние го́ды,近年,"答え：近年
品詞：副詞句
出典候補：第62
状態：校正用・未確認",russian2,v04,校正用,phrase,62,yes,未確認,v04追加。出典回・アクセント・訳語・品詞を要確認。動詞は体ペアとして校正。,no,,0.65,,,,,,
m0793,phrase,со́рок лет наза́д,сорок лет назад,40年前,表現,,,,,,,62,文法I,日本語教育,1,сорок лет назад,2,phrase,ru→ja / ja→ru候補,со́рок лет наза́д,40年前,"答え：40年前
品詞：表現
出典候補：第62
状態：校正用・未確認",russian2,v04,校正用,phrase,62,yes,未確認,v04追加。出典回・アクセント・訳語・品詞を要確認。動詞は体ペアとして校正。,no,,0.65,,,,,,
m0794,phrase,благодаря́ интернету,благодаря интернету,インターネットのおかげで,前置詞句,,,,,,,62,文法I,教材多様化,1,благодаря интернету,2,phrase,ru→ja / ja→ru候補,благодаря́ интернету,インターネットのおかげで,"答え：インターネットのおかげで
品詞：前置詞句
出典候補：第62
状態：校正用・未確認",russian2,v04,校正用,phrase,62,yes,未確認,v04追加。出典回・アクセント・訳語・品詞を要確認。動詞は体ペアとして校正。,no,,0.65,,,,,,
m0795,phrase,в зави́симости от,в зависимости от,〜に応じて,前置詞句,,,,,,,62,露文和訳,職業で異なる,1,в зависимости от,2,phrase,ru→ja / ja→ru候補,в зави́симости от,〜に応じて,"答え：〜に応じて
品詞：前置詞句
出典候補：第62
状態：校正用・未確認",russian2,v04,校正用,phrase,62,yes,未確認,v04追加。出典回・アクセント・訳語・品詞を要確認。動詞は体ペアとして校正。,no,,0.65,,,,,,
m0796,phrase,по кра́йней ме́ре,по краинеи мере,少なくとも,副詞句,,,,,,,74,文法I,крайняя мера,1,по краинеи мере,2,phrase,ru→ja / ja→ru候補,по кра́йней ме́ре,少なくとも,"答え：少なくとも
品詞：副詞句
出典候補：第74
状態：校正用・未確認",russian2,v04,校正用,phrase,74,yes,未確認,v04追加。出典回・アクセント・訳語・品詞を要確認。動詞は体ペアとして校正。,no,,0.65,,,,,,
m0797,phrase,в це́лом,в целом,全体として,副詞句,,,,,,,74候補,語彙,論述,1,в целом,2,phrase,ru→ja / ja→ru候補,в це́лом,全体として,"答え：全体として
品詞：副詞句
出典候補：第74候補
状態：校正用・未確認",russian2,v04,校正用,phrase,74候補,yes,未確認,v04追加。出典回・アクセント・訳語・品詞を要確認。動詞は体ペアとして校正。,no,,0.6,,,,,,
m0798,phrase,как пра́вило,как правило,普通は・原則として,副詞句,,,,,,,62候補,語彙,一般化,1,как правило,2,phrase,ru→ja / ja→ru候補,как пра́вило,普通は・原則として,"答え：普通は・原則として
品詞：副詞句
出典候補：第62候補
状態：校正用・未確認",russian2,v04,校正用,phrase,62候補,yes,未確認,v04追加。出典回・アクセント・訳語・品詞を要確認。動詞は体ペアとして校正。,no,,0.6,,,,,,
m0799,phrase,"дело не в том, что","дело не в том, что",問題は〜ではない,構文,,,,,,,74候補,和文露訳,音楽,1,"дело не в том, что",2,phrase,ru→ja / ja→ru候補,"дело не в том, что",問題は〜ではない,"答え：問題は〜ではない
品詞：構文
出典候補：第74候補
状態：校正用・未確認",russian2,v04,校正用,phrase,74候補,yes,未確認,v04追加。出典回・アクセント・訳語・品詞を要確認。動詞は体ペアとして校正。,no,,0.6,,,,,,
m0800,phrase,"а в том, что","а в том, что",むしろ〜ということだ,構文,,,,,,,74候補,和文露訳,音楽,1,"а в том, что",2,phrase,ru→ja / ja→ru候補,"а в том, что",むしろ〜ということだ,"答え：むしろ〜ということだ
品詞：構文
出典候補：第74候補
状態：校正用・未確認",russian2,v04,校正用,phrase,74候補,yes,未確認,v04追加。出典回・アクセント・訳語・品詞を要確認。動詞は体ペアとして校正。,no,,0.6,,,,,,
m0801,phrase,"не то́лько ..., но и ...","не только ..., но и ...",〜だけでなく…も,構文,,,,,,,62,74,文法I,対比・追加,1,"не только ..., но и ...",2,phrase,ru→ja / ja→ru候補,"не то́лько ..., но и ...",〜だけでなく…も,"答え：〜だけでなく…も
品詞：構文
出典候補：第62;74
状態：校正用・未確認",russian2,v04,校正用,phrase,62,74,yes,未確認,v04追加。出典回・アクセント・訳語・品詞を要確認。動詞は体ペアとして校正。,no,,0.65,,,,
m0802,phrase,"как ..., так и ...","как ..., так и ...",〜も…も,構文,,,,,,,62候補,文法I,並列,1,"как ..., так и ...",2,phrase,ru→ja / ja→ru候補,"как ..., так и ...",〜も…も,"答え：〜も…も
品詞：構文
出典候補：第62候補
状態：校正用・未確認",russian2,v04,校正用,phrase,62候補,yes,未確認,v04追加。出典回・アクセント・訳語・品詞を要確認。動詞は体ペアとして校正。,no,,0.6,,,,,,
m0803,phrase,для того́ чтобы,для того чтобы,〜するために,接続句,,,,,,,62候補,語彙,目的,1,для того чтобы,2,phrase,ru→ja / ja→ru候補,для того́ чтобы,〜するために,"答え：〜するために
品詞：接続句
出典候補：第62候補
状態：校正用・未確認",russian2,v04,校正用,phrase,62候補,yes,未確認,v04追加。出典回・アクセント・訳語・品詞を要確認。動詞は体ペアとして校正。,no,,0.6,,,,,,
m0804,phrase,несмотря́ на,несмотря на,〜にもかかわらず,前置詞句,,,,,,,62候補,語彙,譲歩,1,несмотря на,2,phrase,ru→ja / ja→ru候補,несмотря́ на,〜にもかかわらず,"答え：〜にもかかわらず
品詞：前置詞句
出典候補：第62候補
状態：校正用・未確認",russian2,v04,校正用,phrase,62候補,yes,未確認,v04追加。出典回・アクセント・訳語・品詞を要確認。動詞は体ペアとして校正。,no,,0.6,,,,,,
m0805,phrase,в свя́зи с,в связи с,〜に関連して,前置詞句,,,,,,,74候補,語彙,理由,1,в связи с,2,phrase,ru→ja / ja→ru候補,в свя́зи с,〜に関連して,"答え：〜に関連して
品詞：前置詞句
出典候補：第74候補
状態：校正用・未確認",russian2,v04,校正用,phrase,74候補,yes,未確認,v04追加。出典回・アクセント・訳語・品詞を要確認。動詞は体ペアとして校正。,no,,0.6,,,,,,
m0806,phrase,по причи́не,по причине,〜の理由で,前置詞句,,,,,,,70候補,語彙,理由,1,по причине,2,phrase,ru→ja / ja→ru候補,по причи́не,〜の理由で,"答え：〜の理由で
品詞：前置詞句
出典候補：第70候補
状態：校正用・未確認",russian2,v04,校正用,phrase,70候補,yes,未確認,v04追加。出典回・アクセント・訳語・品詞を要確認。動詞は体ペアとして校正。,no,,0.6,,,,,,
m0807,phrase,с то́чки зре́ния,с точки зрения,〜の観点から,前置詞句,,,,,,,74候補,語彙,論述,1,с точки зрения,2,phrase,ru→ja / ja→ru候補,с то́чки зре́ния,〜の観点から,"答え：〜の観点から
品詞：前置詞句
出典候補：第74候補
状態：校正用・未確認",russian2,v04,校正用,phrase,74候補,yes,未確認,v04追加。出典回・アクセント・訳語・品詞を要確認。動詞は体ペアとして校正。,no,,0.6,,,,,,
m0808,phrase,в отли́чие от,в отличие от,〜と違って,前置詞句,,,,,,,70候補,露文和訳,文学語との差,1,в отличие от,2,phrase,ru→ja / ja→ru候補,в отли́чие от,〜と違って,"答え：〜と違って
品詞：前置詞句
出典候補：第70候補
状態：校正用・未確認",russian2,v04,校正用,phrase,70候補,yes,未確認,v04追加。出典回・アクセント・訳語・品詞を要確認。動詞は体ペアとして校正。,no,,0.6,,,,,,
m0809,phrase,похожий на,похожии на,〜に似ている,格支配,,,,,,,70,文法I,похожие друг на друга,1,похожии на,2,phrase,ru→ja / ja→ru候補,похожий на,〜に似ている,"答え：〜に似ている
品詞：格支配
出典候補：第70
状態：校正用・未確認",russian2,v04,校正用,phrase,70,yes,未確認,v04追加。出典回・アクセント・訳語・品詞を要確認。動詞は体ペアとして校正。,no,,0.65,,,,,,
m0810,phrase,друг на друга,друг на друга,互いに,代名詞句,,,,,,,70,文法I,похожие друг на друга,1,друг на друга,2,phrase,ru→ja / ja→ru候補,друг на друга,互いに,"答え：互いに
品詞：代名詞句
出典候補：第70
状態：校正用・未確認",russian2,v04,校正用,phrase,70,yes,未確認,v04追加。出典回・アクセント・訳語・品詞を要確認。動詞は体ペアとして校正。,no,,0.65,,,,,,
m0811,phrase,один из,один из,〜の一つ,構文,,,,,,,62候補,語彙,説明,1,один из,2,phrase,ru→ja / ja→ru候補,один из,〜の一つ,"答え：〜の一つ
品詞：構文
出典候補：第62候補
状態：校正用・未確認",russian2,v04,校正用,phrase,62候補,yes,未確認,v04追加。出典回・アクセント・訳語・品詞を要確認。動詞は体ペアとして校正。,no,,0.6,,,,,,
m0812,phrase,ни один,ни один,一つも〜ない,代名詞句,,,,,,,62候補,語彙,否定,1,ни один,2,phrase,ru→ja / ja→ru候補,ни один,一つも〜ない,"答え：一つも〜ない
品詞：代名詞句
出典候補：第62候補
状態：校正用・未確認",russian2,v04,校正用,phrase,62候補,yes,未確認,v04追加。出典回・アクセント・訳語・品詞を要確認。動詞は体ペアとして校正。,no,,0.6,,,,,,
m0813,phrase,обе стороны́,обе стороны,両側,数詞句,,,,,,,62候補,文法III,обе,1,обе стороны,2,phrase,ru→ja / ja→ru候補,обе стороны́,両側,"答え：両側
品詞：数詞句
出典候補：第62候補
状態：校正用・未確認",russian2,v04,校正用,phrase,62候補,yes,未確認,v04追加。出典回・アクセント・訳語・品詞を要確認。動詞は体ペアとして校正。,no,,0.6,,,,,,
m0814,phrase,шесть иностра́нных тури́стов,шесть иностранных туристов,6人の外国人観光客,数詞句,,,,,,,70,文法III,数量表現,1,шесть иностранных туристов,2,phrase,ru→ja / ja→ru候補,шесть иностра́нных тури́стов,6人の外国人観光客,"答え：6人の外国人観光客
品詞：数詞句
出典候補：第70
状態：校正用・未確認",russian2,v04,校正用,phrase,70,yes,未確認,v04追加。出典回・アクセント・訳語・品詞を要確認。動詞は体ペアとして校正。,no,,0.65,,,,,,
m0815,phrase,три изве́стных писа́теля,три известных писателя,3人の有名な作家,数詞句,,,,,,,74,文法III,数量表現,1,три известных писателя,2,phrase,ru→ja / ja→ru候補,три изве́стных писа́теля,3人の有名な作家,"答え：3人の有名な作家
品詞：数詞句
出典候補：第74
状態：校正用・未確認",russian2,v04,校正用,phrase,74,yes,未確認,v04追加。出典回・アクセント・訳語・品詞を要確認。動詞は体ペアとして校正。,no,,0.65,,,,,,
m0816,phrase,две ты́сячи иен,две тысячи иен,2000円,数詞句,,,,,,,84,文法III,数量表現,1,две тысячи иен,2,phrase,ru→ja / ja→ru候補,две ты́сячи иен,2000円,"答え：2000円
品詞：数詞句
出典候補：第84
状態：校正用・未確認",russian2,v04,校正用,phrase,84,yes,未確認,v04追加。出典回・アクセント・訳語・品詞を要確認。動詞は体ペアとして校正。,no,,0.65,,,,,,
m0817,phrase,с пе́рвого ию́ля по деся́тое сентября́,с первого июля по десятое сентября,7月1日から9月10日まで,日付表現,,,,,,,84,文法III,期間,1,с первого июля по десятое сентября,2,phrase,ru→ja / ja→ru候補,с пе́рвого ию́ля по деся́тое сентября́,7月1日から9月10日まで,"答え：7月1日から9月10日まで
品詞：日付表現
出典候補：第84
状態：校正用・未確認",russian2,v04,校正用,phrase,84,yes,未確認,v04追加。出典回・アクセント・訳語・品詞を要確認。動詞は体ペアとして校正。,no,,0.65,,,,,,
m0818,phrase,в две ты́сячи два́дцать тре́тьем году́,в две тысячи двадцать третьем году,2023年に,日付表現,,,,,,,84,文法III,年,1,в две тысячи двадцать третьем году,2,phrase,ru→ja / ja→ru候補,в две ты́сячи два́дцать тре́тьем году́,2023年に,"答え：2023年に
品詞：日付表現
出典候補：第84
状態：校正用・未確認",russian2,v04,校正用,phrase,84,yes,未確認,v04追加。出典回・アクセント・訳語・品詞を要確認。動詞は体ペアとして校正。,no,,0.65,,,,,,
m0819,vocab,ана́лиз,анализ,分析,名詞,男性,,,,,,60-86候補,文法/語彙,v04追加・出典要確認,1,анализ,2,grammar_vocab,ru→ja / ja→ru候補,ана́лиз,分析,"答え：分析
品詞：名詞
性：男性
出典候補：第60-86候補
状態：校正用・未確認",russian2,v04,校正用,grammar_vocab,60-86候補,yes,未確認,v04追加。出典回・アクセント・訳語・品詞を要確認。動詞は体ペアとして校正。,no,,0.6,,,,,,
m0820,vocab,пробле́ма,проблема,問題,名詞,女性,,,,,,60-86候補,文法/語彙,v04追加・出典要確認,1,проблема,2,grammar_vocab,ru→ja / ja→ru候補,пробле́ма,問題,"答え：問題
品詞：名詞
性：女性
出典候補：第60-86候補
状態：校正用・未確認",russian2,v04,校正用,grammar_vocab,60-86候補,yes,未確認,v04追加。出典回・アクセント・訳語・品詞を要確認。動詞は体ペアとして校正。,no,,0.6,,,,,,
m0821,vocab,вопро́с,вопрос,問い・問題,名詞,男性,,,,,,60-86候補,文法/語彙,v04追加・出典要確認,1,вопрос,2,grammar_vocab,ru→ja / ja→ru候補,вопро́с,問い・問題,"答え：問い・問題
品詞：名詞
性：男性
出典候補：第60-86候補
状態：校正用・未確認",russian2,v04,校正用,grammar_vocab,60-86候補,yes,未確認,v04追加。出典回・アクセント・訳語・品詞を要確認。動詞は体ペアとして校正。,no,,0.6,,,,,,
m0822,vocab,отве́т,ответ,答え,名詞,男性,,,,,,60-86候補,文法/語彙,v04追加・出典要確認,1,ответ,2,grammar_vocab,ru→ja / ja→ru候補,отве́т,答え,"答え：答え
品詞：名詞
性：男性
出典候補：第60-86候補
状態：校正用・未確認",russian2,v04,校正用,grammar_vocab,60-86候補,yes,未確認,v04追加。出典回・アクセント・訳語・品詞を要確認。動詞は体ペアとして校正。,no,,0.6,,,,,,
m0823,vocab,текст,текст,テキスト・本文,名詞,男性,,,,,,60-86候補,文法/語彙,v04追加・出典要確認,1,текст,2,grammar_vocab,ru→ja / ja→ru候補,текст,テキスト・本文,"答え：テキスト・本文
品詞：名詞
性：男性
出典候補：第60-86候補
状態：校正用・未確認",russian2,v04,校正用,grammar_vocab,60-86候補,yes,未確認,v04追加。出典回・アクセント・訳語・品詞を要確認。動詞は体ペアとして校正。,no,,0.6,,,,,,
m0824,vocab,статья́,статья,記事・論文,名詞,女性,,,,,,60-86候補,文法/語彙,v04追加・出典要確認,1,статья,2,grammar_vocab,ru→ja / ja→ru候補,статья́,記事・論文,"答え：記事・論文
品詞：名詞
性：女性
出典候補：第60-86候補
状態：校正用・未確認",russian2,v04,校正用,grammar_vocab,60-86候補,yes,未確認,v04追加。出典回・アクセント・訳語・品詞を要確認。動詞は体ペアとして校正。,no,,0.6,,,,,,
m0825,vocab,заголо́вок,заголовок,題名・見出し,名詞,男性,,,,,,60-86候補,文法/語彙,v04追加・出典要確認,1,заголовок,2,grammar_vocab,ru→ja / ja→ru候補,заголо́вок,題名・見出し,"答え：題名・見出し
品詞：名詞
性：男性
出典候補：第60-86候補
状態：校正用・未確認",russian2,v04,校正用,grammar_vocab,60-86候補,yes,未確認,v04追加。出典回・アクセント・訳語・品詞を要確認。動詞は体ペアとして校正。,no,,0.6,,,,,,
m0826,vocab,содержа́ние,содержание,内容,名詞,中性,,,,,,60-86候補,文法/語彙,v04追加・出典要確認,1,содержание,2,grammar_vocab,ru→ja / ja→ru候補,содержа́ние,内容,"答え：内容
品詞：名詞
性：中性
出典候補：第60-86候補
状態：校正用・未確認",russian2,v04,校正用,grammar_vocab,60-86候補,yes,未確認,v04追加。出典回・アクセント・訳語・品詞を要確認。動詞は体ペアとして校正。,no,,0.6,,,,,,
m0827,vocab,смысл,смысл,意味,名詞,男性,,,,,,60-86候補,文法/語彙,v04追加・出典要確認,1,смысл,2,grammar_vocab,ru→ja / ja→ru候補,смысл,意味,"答え：意味
品詞：名詞
性：男性
出典候補：第60-86候補
状態：校正用・未確認",russian2,v04,校正用,grammar_vocab,60-86候補,yes,未確認,v04追加。出典回・アクセント・訳語・品詞を要確認。動詞は体ペアとして校正。,no,,0.6,,,,,,
m0828,vocab,значе́ние,значение,意味・重要性,名詞,中性,,,,,,60-86候補,文法/語彙,v04追加・出典要確認,1,значение,2,grammar_vocab,ru→ja / ja→ru候補,значе́ние,意味・重要性,"答え：意味・重要性
品詞：名詞
性：中性
出典候補：第60-86候補
状態：校正用・未確認",russian2,v04,校正用,grammar_vocab,60-86候補,yes,未確認,v04追加。出典回・アクセント・訳語・品詞を要確認。動詞は体ペアとして校正。,no,,0.6,,,,,,
m0829,vocab,перево́д,перевод,翻訳,名詞,男性,,,,,,60-86候補,文法/語彙,v04追加・出典要確認,1,перевод,2,grammar_vocab,ru→ja / ja→ru候補,перево́д,翻訳,"答え：翻訳
品詞：名詞
性：男性
出典候補：第60-86候補
状態：校正用・未確認",russian2,v04,校正用,grammar_vocab,60-86候補,yes,未確認,v04追加。出典回・アクセント・訳語・品詞を要確認。動詞は体ペアとして校正。,no,,0.6,,,,,,
m0830,vocab,фра́за,фраза,句・フレーズ,名詞,女性,,,,,,60-86候補,文法/語彙,v04追加・出典要確認,1,фраза,2,grammar_vocab,ru→ja / ja→ru候補,фра́за,句・フレーズ,"答え：句・フレーズ
品詞：名詞
性：女性
出典候補：第60-86候補
状態：校正用・未確認",russian2,v04,校正用,grammar_vocab,60-86候補,yes,未確認,v04追加。出典回・アクセント・訳語・品詞を要確認。動詞は体ペアとして校正。,no,,0.6,,,,,,
m0831,vocab,предложе́ние,предложение,文・提案,名詞,中性,,,,,,60-86候補,文法/語彙,v04追加・出典要確認,1,предложение,2,grammar_vocab,ru→ja / ja→ru候補,предложе́ние,文・提案,"答え：文・提案
品詞：名詞
性：中性
出典候補：第60-86候補
状態：校正用・未確認",russian2,v04,校正用,grammar_vocab,60-86候補,yes,未確認,v04追加。出典回・アクセント・訳語・品詞を要確認。動詞は体ペアとして校正。,no,,0.6,,,,,,
m0832,vocab,грамма́тика,грамматика,文法,名詞,女性,,,,,,60-86候補,文法/語彙,v04追加・出典要確認,1,грамматика,2,grammar_vocab,ru→ja / ja→ru候補,грамма́тика,文法,"答え：文法
品詞：名詞
性：女性
出典候補：第60-86候補
状態：校正用・未確認",russian2,v04,校正用,grammar_vocab,60-86候補,yes,未確認,v04追加。出典回・アクセント・訳語・品詞を要確認。動詞は体ペアとして校正。,no,,0.6,,,,,,
m0833,vocab,паде́ж,падеж,格,名詞,男性,,,,,,60-86候補,文法/語彙,v04追加・出典要確認,1,падеж,2,grammar_vocab,ru→ja / ja→ru候補,паде́ж,格,"答え：格
品詞：名詞
性：男性
出典候補：第60-86候補
状態：校正用・未確認",russian2,v04,校正用,grammar_vocab,60-86候補,yes,未確認,v04追加。出典回・アクセント・訳語・品詞を要確認。動詞は体ペアとして校正。,no,,0.6,,,,,,
m0834,vocab,род,род,性,名詞,男性,,,,,,60-86候補,文法/語彙,v04追加・出典要確認,1,род,2,grammar_vocab,ru→ja / ja→ru候補,род,性,"答え：性
品詞：名詞
性：男性
出典候補：第60-86候補
状態：校正用・未確認",russian2,v04,校正用,grammar_vocab,60-86候補,yes,未確認,v04追加。出典回・アクセント・訳語・品詞を要確認。動詞は体ペアとして校正。,no,,0.6,,,,,,
m0835,vocab,число́,число,数,名詞,中性,,,,,,60-86候補,文法/語彙,v04追加・出典要確認,1,число,2,grammar_vocab,ru→ja / ja→ru候補,число́,数,"答え：数
品詞：名詞
性：中性
出典候補：第60-86候補
状態：校正用・未確認",russian2,v04,校正用,grammar_vocab,60-86候補,yes,未確認,v04追加。出典回・アクセント・訳語・品詞を要確認。動詞は体ペアとして校正。,no,,0.6,,,,,,
m0836,vocab,глаго́л,глагол,動詞,名詞,男性,,,,,,60-86候補,文法/語彙,v04追加・出典要確認,1,глагол,2,grammar_vocab,ru→ja / ja→ru候補,глаго́л,動詞,"答え：動詞
品詞：名詞
性：男性
出典候補：第60-86候補
状態：校正用・未確認",russian2,v04,校正用,grammar_vocab,60-86候補,yes,未確認,v04追加。出典回・アクセント・訳語・品詞を要確認。動詞は体ペアとして校正。,no,,0.6,,,,,,
m0837,vocab,существи́тельное,существительное,名詞,名詞,中性,,,,,,60-86候補,文法/語彙,v04追加・出典要確認,1,существительное,2,grammar_vocab,ru→ja / ja→ru候補,существи́тельное,名詞,"答え：名詞
品詞：名詞
性：中性
出典候補：第60-86候補
状態：校正用・未確認",russian2,v04,校正用,grammar_vocab,60-86候補,yes,未確認,v04追加。出典回・アクセント・訳語・品詞を要確認。動詞は体ペアとして校正。,no,,0.6,,,,,,
m0838,vocab,прилага́тельное,прилагательное,形容詞,名詞,中性,,,,,,60-86候補,文法/語彙,v04追加・出典要確認,1,прилагательное,2,grammar_vocab,ru→ja / ja→ru候補,прилага́тельное,形容詞,"答え：形容詞
品詞：名詞
性：中性
出典候補：第60-86候補
状態：校正用・未確認",russian2,v04,校正用,grammar_vocab,60-86候補,yes,未確認,v04追加。出典回・アクセント・訳語・品詞を要確認。動詞は体ペアとして校正。,no,,0.6,,,,,,
m0839,vocab,наре́чие,наречие,副詞,名詞,中性,,,,,,60-86候補,文法/語彙,v04追加・出典要確認,1,наречие,2,grammar_vocab,ru→ja / ja→ru候補,наре́чие,副詞,"答え：副詞
品詞：名詞
性：中性
出典候補：第60-86候補
状態：校正用・未確認",russian2,v04,校正用,grammar_vocab,60-86候補,yes,未確認,v04追加。出典回・アクセント・訳語・品詞を要確認。動詞は体ペアとして校正。,no,,0.6,,,,,,
m0840,vocab,предло́г,предлог,前置詞,名詞,男性,,,,,,60-86候補,文法/語彙,v04追加・出典要確認,1,предлог,2,grammar_vocab,ru→ja / ja→ru候補,предло́г,前置詞,"答え：前置詞
品詞：名詞
性：男性
出典候補：第60-86候補
状態：校正用・未確認",russian2,v04,校正用,grammar_vocab,60-86候補,yes,未確認,v04追加。出典回・アクセント・訳語・品詞を要確認。動詞は体ペアとして校正。,no,,0.6,,,,,,
m0841,vocab,сою́з,союз,接続詞,名詞,男性,,,,,,60-86候補,文法/語彙,v04追加・出典要確認,1,союз,2,grammar_vocab,ru→ja / ja→ru候補,сою́з,接続詞,"答え：接続詞
品詞：名詞
性：男性
出典候補：第60-86候補
状態：校正用・未確認",russian2,v04,校正用,grammar_vocab,60-86候補,yes,未確認,v04追加。出典回・アクセント・訳語・品詞を要確認。動詞は体ペアとして校正。,no,,0.6,,,,,,
m0842,vocab,части́ца,частица,小詞,名詞,女性,,,,,,60-86候補,文法/語彙,v04追加・出典要確認,1,частица,2,grammar_vocab,ru→ja / ja→ru候補,части́ца,小詞,"答え：小詞
品詞：名詞
性：女性
出典候補：第60-86候補
状態：校正用・未確認",russian2,v04,校正用,grammar_vocab,60-86候補,yes,未確認,v04追加。出典回・アクセント・訳語・品詞を要確認。動詞は体ペアとして校正。,no,,0.6,,,,,,
m0843,vocab,страда́тельный,страдательныи,受動の,形容詞,,,,,,,60-86候補,文法/語彙,v04追加・出典要確認,1,страдательныи,2,grammar_vocab,ru→ja / ja→ru候補,страда́тельный,受動の,"答え：受動の
品詞：形容詞
出典候補：第60-86候補
状態：校正用・未確認",russian2,v04,校正用,grammar_vocab,60-86候補,yes,未確認,v04追加。出典回・アクセント・訳語・品詞を要確認。動詞は体ペアとして校正。,no,,0.6,,,,,,
m0844,vocab,действи́тельный,деиствительныи,能動の・実際の,形容詞,,,,,,,60-86候補,文法/語彙,v04追加・出典要確認,1,деиствительныи,2,grammar_vocab,ru→ja / ja→ru候補,действи́тельный,能動の・実際の,"答え：能動の・実際の
品詞：形容詞
出典候補：第60-86候補
状態：校正用・未確認",russian2,v04,校正用,grammar_vocab,60-86候補,yes,未確認,v04追加。出典回・アクセント・訳語・品詞を要確認。動詞は体ペアとして校正。,no,,0.6,,,,,,
m0845,vocab,по́лный,полныи,完全な・長語尾の,形容詞,,,,,,,60-86候補,文法/語彙,v04追加・出典要確認,1,полныи,2,grammar_vocab,ru→ja / ja→ru候補,по́лный,完全な・長語尾の,"答え：完全な・長語尾の
品詞：形容詞
出典候補：第60-86候補
状態：校正用・未確認",russian2,v04,校正用,grammar_vocab,60-86候補,yes,未確認,v04追加。出典回・アクセント・訳語・品詞を要確認。動詞は体ペアとして校正。,no,,0.6,,,,,,
m0846,verb_pair,склоня́ть — склони́ть,склонять — склонить,格変化させる,動詞,,,склоня́ть,склони́ть,склонять—склонить,,60-86候補,文法/語彙,v04追加・出典要確認,1,склонять—склонить,2,verb,ru→ja / ja→ru候補,склоня́ть — склони́ть,格変化させる,"答え：格変化させる
品詞：動詞
不完了体：склоня́ть
完了体：склони́ть
出典候補：第60-86候補
状態：校正用・未確認",russian2,v04,verb,校正用,60-86候補,yes,未確認,v04追加。出典回・アクセント・訳語・品詞を要確認。動詞は体ペアとして校正。,no,,0.6,,,,,,
m0847,verb_pair,спряга́ть — проспряга́ть,спрягать — проспрягать,活用させる,動詞,,,спряга́ть,проспряга́ть,спрягать—проспрягать,,60-86候補,文法/語彙,v04追加・出典要確認,1,спрягать—проспрягать,2,verb,ru→ja / ja→ru候補,спряга́ть — проспряга́ть,活用させる,"答え：活用させる
品詞：動詞
不完了体：спряга́ть
完了体：проспряга́ть
出典候補：第60-86候補
状態：校正用・未確認",russian2,v04,verb,校正用,60-86候補,yes,未確認,v04追加。出典回・アクセント・訳語・品詞を要確認。動詞は体ペアとして校正。,no,,0.6,,,,,,
m0848,verb_pair,обозна́чать — обозна́чить,обозначать — обозначить,意味する・示す,動詞,,,обозна́чать,обозна́чить,обозначать—обозначить,,60-86候補,文法/語彙,v04追加・出典要確認,1,обозначать—обозначить,2,verb,ru→ja / ja→ru候補,обозна́чать — обозна́чить,意味する・示す,"答え：意味する・示す
品詞：動詞
不完了体：обозна́чать
完了体：обозна́чить
出典候補：第60-86候補
状態：校正用・未確認",russian2,v04,verb,校正用,60-86候補,yes,未確認,v04追加。出典回・アクセント・訳語・品詞を要確認。動詞は体ペアとして校正。,no,,0.6,,,,,,
m0849,verb_pair,употребля́ть — употреби́ть,употреблять — употребить,使用する,動詞,,,употребля́ть,употреби́ть,употреблять—употребить,,60-86候補,文法/語彙,v04追加・出典要確認,1,употреблять—употребить,2,verb,ru→ja / ja→ru候補,употребля́ть — употреби́ть,使用する,"答え：使用する
品詞：動詞
不完了体：употребля́ть
完了体：употреби́ть
出典候補：第60-86候補
状態：校正用・未確認",russian2,v04,verb,校正用,60-86候補,yes,未確認,v04追加。出典回・アクセント・訳語・品詞を要確認。動詞は体ペアとして校正。,no,,0.6,,,,,,
m0850,verb_pair,сочета́ться — сочета́ться,сочетаться — сочетаться,結びつく,動詞,,,сочета́ться,сочета́ться,сочетаться—сочетаться,,60-86候補,文法/語彙,v04追加・出典要確認,1,сочетаться—сочетаться,2,verb,ru→ja / ja→ru候補,сочета́ться — сочета́ться,結びつく,"答え：結びつく
品詞：動詞
不完了体：сочета́ться
完了体：сочета́ться
出典候補：第60-86候補
状態：校正用・未確認",russian2,v04,verb,校正用,60-86候補,yes,未確認,v04追加。出典回・アクセント・訳語・品詞を要確認。動詞は体ペアとして校正。,no,,0.6,,,,,,
m0851,verb_pair,управля́ть — управи́ть,управлять — управить,支配する・管理する,動詞,,,управля́ть,управи́ть,управлять—управить,,60-86候補,文法/語彙,v04追加・出典要確認,1,управлять—управить,2,verb,ru→ja / ja→ru候補,управля́ть — управи́ть,支配する・管理する,"答え：支配する・管理する
品詞：動詞
不完了体：управля́ть
完了体：управи́ть
出典候補：第60-86候補
状態：校正用・未確認",russian2,v04,verb,校正用,60-86候補,yes,未確認,v04追加。出典回・アクセント・訳語・品詞を要確認。動詞は体ペアとして校正。,no,,0.6,,,,,,
m0852,verb_pair,требова́ть — потре́бовать,требовать — потребовать,要求する,動詞,,,требова́ть,потре́бовать,требовать—потребовать,,60-86候補,文法/語彙,v04追加・出典要確認,1,требовать—потребовать,2,verb,ru→ja / ja→ru候補,требова́ть — потре́бовать,要求する,"答え：要求する
品詞：動詞
不完了体：требова́ть
完了体：потре́бовать
出典候補：第60-86候補
状態：校正用・未確認",russian2,v04,verb,校正用,60-86候補,yes,未確認,v04追加。出典回・アクセント・訳語・品詞を要確認。動詞は体ペアとして校正。,no,,0.6,,,,,,
m0853,vocab,состоя́ть из,состоять из,〜から成る,表現,,,,,,,60-86候補,文法/語彙,v04追加・出典要確認,1,состоять из,2,grammar_vocab,ru→ja / ja→ru候補,состоя́ть из,〜から成る,"答え：〜から成る
品詞：表現
出典候補：第60-86候補
状態：校正用・未確認",russian2,v04,校正用,grammar_vocab,60-86候補,yes,未確認,v04追加。出典回・アクセント・訳語・品詞を要確認。動詞は体ペアとして校正。,no,,0.6,,,,,,
m0854,vocab,"состоять в том, что","состоять в том, что",〜という点にある,表現,,,,,,,60-86候補,文法/語彙,v04追加・出典要確認,1,"состоять в том, что",2,grammar_vocab,ru→ja / ja→ru候補,"состоять в том, что",〜という点にある,"答え：〜という点にある
品詞：表現
出典候補：第60-86候補
状態：校正用・未確認",russian2,v04,校正用,grammar_vocab,60-86候補,yes,未確認,v04追加。出典回・アクセント・訳語・品詞を要確認。動詞は体ペアとして校正。,no,,0.6,,,,,,
m0855,vocab,приводи́ть приме́р,приводить пример,例を挙げる,表現,,,,,,,60-86候補,文法/語彙,v04追加・出典要確認,1,приводить пример,2,grammar_vocab,ru→ja / ja→ru候補,приводи́ть приме́р,例を挙げる,"答え：例を挙げる
品詞：表現
出典候補：第60-86候補
状態：校正用・未確認",russian2,v04,校正用,grammar_vocab,60-86候補,yes,未確認,v04追加。出典回・アクセント・訳語・品詞を要確認。動詞は体ペアとして校正。,no,,0.6,,,,,,
m0856,vocab,делать вы́вод,делать вывод,結論を出す,表現,,,,,,,60-86候補,文法/語彙,v04追加・出典要確認,1,делать вывод,2,grammar_vocab,ru→ja / ja→ru候補,делать вы́вод,結論を出す,"答え：結論を出す
品詞：表現
出典候補：第60-86候補
状態：校正用・未確認",russian2,v04,校正用,grammar_vocab,60-86候補,yes,未確認,v04追加。出典回・アクセント・訳語・品詞を要確認。動詞は体ペアとして校正。,no,,0.6,,,,,,
m0857,vocab,обрати́те внима́ние,обратите внимание,注意してください,表現,,,,,,,60-86候補,文法/語彙,v04追加・出典要確認,1,обратите внимание,2,grammar_vocab,ru→ja / ja→ru候補,обрати́те внима́ние,注意してください,"答え：注意してください
品詞：表現
出典候補：第60-86候補
状態：校正用・未確認",russian2,v04,校正用,grammar_vocab,60-86候補,yes,未確認,v04追加。出典回・アクセント・訳語・品詞を要確認。動詞は体ペアとして校正。,no,,0.6,,,,,,
m0858,vocab,как сказа́но вы́ше,как сказано выше,上で述べたように,表現,,,,,,,60-86候補,文法/語彙,v04追加・出典要確認,1,как сказано выше,2,grammar_vocab,ru→ja / ja→ru候補,как сказа́но вы́ше,上で述べたように,"答え：上で述べたように
品詞：表現
出典候補：第60-86候補
状態：校正用・未確認",russian2,v04,校正用,grammar_vocab,60-86候補,yes,未確認,v04追加。出典回・アクセント・訳語・品詞を要確認。動詞は体ペアとして校正。,no,,0.6,,,,,,
m0859,vocab,сле́дует отме́тить,следует отметить,指摘すべきである,表現,,,,,,,60-86候補,文法/語彙,v04追加・出典要確認,1,следует отметить,2,grammar_vocab,ru→ja / ja→ru候補,сле́дует отме́тить,指摘すべきである,"答え：指摘すべきである
品詞：表現
出典候補：第60-86候補
状態：校正用・未確認",russian2,v04,校正用,grammar_vocab,60-86候補,yes,未確認,v04追加。出典回・アクセント・訳語・品詞を要確認。動詞は体ペアとして校正。,no,,0.6,,,,,,
m0860,vocab,мо́жно сказа́ть,можно сказать,〜と言える,表現,,,,,,,60-86候補,文法/語彙,v04追加・出典要確認,1,можно сказать,2,grammar_vocab,ru→ja / ja→ru候補,мо́жно сказа́ть,〜と言える,"答え：〜と言える
品詞：表現
出典候補：第60-86候補
状態：校正用・未確認",russian2,v04,校正用,grammar_vocab,60-86候補,yes,未確認,v04追加。出典回・アクセント・訳語・品詞を要確認。動詞は体ペアとして校正。,no,,0.6,,,,,,
m0861,vocab,нельзя́ забыва́ть,нельзя забывать,忘れてはいけない,表現,,,,,,,60-86候補,文法/語彙,v04追加・出典要確認,1,нельзя забывать,2,grammar_vocab,ru→ja / ja→ru候補,нельзя́ забыва́ть,忘れてはいけない,"答え：忘れてはいけない
品詞：表現
出典候補：第60-86候補
状態：校正用・未確認",russian2,v04,校正用,grammar_vocab,60-86候補,yes,未確認,v04追加。出典回・アクセント・訳語・品詞を要確認。動詞は体ペアとして校正。,no,,0.6,,,,,,
m0862,vocab,как мне ка́жется,как мне кажется,私には〜と思われる,表現,,,,,,,60-86候補,文法/語彙,v04追加・出典要確認,1,как мне кажется,2,grammar_vocab,ru→ja / ja→ru候補,как мне ка́жется,私には〜と思われる,"答え：私には〜と思われる
品詞：表現
出典候補：第60-86候補
状態：校正用・未確認",russian2,v04,校正用,grammar_vocab,60-86候補,yes,未確認,v04追加。出典回・アクセント・訳語・品詞を要確認。動詞は体ペアとして校正。,no,,0.6,,,,,,
m0863,vocab,"я счита́ю, что","я считаю, что",私は〜と思う,表現,,,,,,,60-86候補,文法/語彙,v04追加・出典要確認,1,"я считаю, что",2,grammar_vocab,ru→ja / ja→ru候補,"я счита́ю, что",私は〜と思う,"答え：私は〜と思う
品詞：表現
出典候補：第60-86候補
状態：校正用・未確認",russian2,v04,校正用,grammar_vocab,60-86候補,yes,未確認,v04追加。出典回・アクセント・訳語・品詞を要確認。動詞は体ペアとして校正。,no,,0.6,,,,,,
m0864,vocab,"я ду́маю, что","я думаю, что",私は〜と思う,表現,,,,,,,60-86候補,文法/語彙,v04追加・出典要確認,1,"я думаю, что",2,grammar_vocab,ru→ja / ja→ru候補,"я ду́маю, что",私は〜と思う,"答え：私は〜と思う
品詞：表現
出典候補：第60-86候補
状態：校正用・未確認",russian2,v04,校正用,grammar_vocab,60-86候補,yes,未確認,v04追加。出典回・アクセント・訳語・品詞を要確認。動詞は体ペアとして校正。,no,,0.6,,,,,,
m0865,vocab,"мне ка́жется, что","мне кажется, что",私には〜と思われる,表現,,,,,,,60-86候補,文法/語彙,v04追加・出典要確認,1,"мне кажется, что",2,grammar_vocab,ru→ja / ja→ru候補,"мне ка́жется, что",私には〜と思われる,"答え：私には〜と思われる
品詞：表現
出典候補：第60-86候補
状態：校正用・未確認",russian2,v04,校正用,grammar_vocab,60-86候補,yes,未確認,v04追加。出典回・アクセント・訳語・品詞を要確認。動詞は体ペアとして校正。,no,,0.6,,,,,,
m0866,vocab,"важно, что","важно, что",重要なのは〜,構文,,,,,,,60-86候補,文法/語彙,v04追加・出典要確認,1,"важно, что",2,grammar_vocab,ru→ja / ja→ru候補,"важно, что",重要なのは〜,"答え：重要なのは〜
品詞：構文
出典候補：第60-86候補
状態：校正用・未確認",russian2,v04,校正用,grammar_vocab,60-86候補,yes,未確認,v04追加。出典回・アクセント・訳語・品詞を要確認。動詞は体ペアとして校正。,no,,0.6,,,,,,
m0867,vocab,тру́дно сказа́ть,трудно сказать,言うのは難しい,表現,,,,,,,60-86候補,文法/語彙,v04追加・出典要確認,1,трудно сказать,2,grammar_vocab,ru→ja / ja→ru候補,тру́дно сказа́ть,言うのは難しい,"答え：言うのは難しい
品詞：表現
出典候補：第60-86候補
状態：校正用・未確認",russian2,v04,校正用,grammar_vocab,60-86候補,yes,未確認,v04追加。出典回・アクセント・訳語・品詞を要確認。動詞は体ペアとして校正。,no,,0.6,,,,,,
m0868,vocab,ле́гко поня́ть,легко понять,理解しやすい,表現,,,,,,,60-86候補,文法/語彙,v04追加・出典要確認,1,легко понять,2,grammar_vocab,ru→ja / ja→ru候補,ле́гко поня́ть,理解しやすい,"答え：理解しやすい
品詞：表現
出典候補：第60-86候補
状態：校正用・未確認",russian2,v04,校正用,grammar_vocab,60-86候補,yes,未確認,v04追加。出典回・アクセント・訳語・品詞を要確認。動詞は体ペアとして校正。,no,,0.6,,,,,,
m0869,vocab,осо́бенно,особенно,特に,副詞,,,,,,,60-86候補,文法/語彙,v04追加・出典要確認,1,особенно,2,grammar_vocab,ru→ja / ja→ru候補,осо́бенно,特に,"答え：特に
品詞：副詞
出典候補：第60-86候補
状態：校正用・未確認",russian2,v04,校正用,grammar_vocab,60-86候補,yes,未確認,v04追加。出典回・アクセント・訳語・品詞を要確認。動詞は体ペアとして校正。,no,,0.6,,,,,,
m0870,vocab,то́чно,точно,正確に,副詞,,,,,,,60-86候補,文法/語彙,v04追加・出典要確認,1,точно,2,grammar_vocab,ru→ja / ja→ru候補,то́чно,正確に,"答え：正確に
品詞：副詞
出典候補：第60-86候補
状態：校正用・未確認",russian2,v04,校正用,grammar_vocab,60-86候補,yes,未確認,v04追加。出典回・アクセント・訳語・品詞を要確認。動詞は体ペアとして校正。,no,,0.6,,,,,,
m0871,vocab,обы́чно,обычно,普通は,副詞,,,,,,,60-86候補,文法/語彙,v04追加・出典要確認,1,обычно,2,grammar_vocab,ru→ja / ja→ru候補,обы́чно,普通は,"答え：普通は
品詞：副詞
出典候補：第60-86候補
状態：校正用・未確認",russian2,v04,校正用,grammar_vocab,60-86候補,yes,未確認,v04追加。出典回・アクセント・訳語・品詞を要確認。動詞は体ペアとして校正。,no,,0.6,,,,,,
m0872,vocab,иногда́,иногда,時々,副詞,,,,,,,60-86候補,文法/語彙,v04追加・出典要確認,1,иногда,2,grammar_vocab,ru→ja / ja→ru候補,иногда́,時々,"答え：時々
品詞：副詞
出典候補：第60-86候補
状態：校正用・未確認",russian2,v04,校正用,grammar_vocab,60-86候補,yes,未確認,v04追加。出典回・アクセント・訳語・品詞を要確認。動詞は体ペアとして校正。,no,,0.6,,,,,,
m0873,vocab,часто,часто,しばしば,副詞,,,,,,,60-86候補,文法/語彙,v04追加・出典要確認,1,часто,2,grammar_vocab,ru→ja / ja→ru候補,часто,しばしば,"答え：しばしば
品詞：副詞
出典候補：第60-86候補
状態：校正用・未確認",russian2,v04,校正用,grammar_vocab,60-86候補,yes,未確認,v04追加。出典回・アクセント・訳語・品詞を要確認。動詞は体ペアとして校正。,no,,0.6,,,,,,
m0874,vocab,ре́дко,редко,まれに,副詞,,,,,,,60-86候補,文法/語彙,v04追加・出典要確認,1,редко,2,grammar_vocab,ru→ja / ja→ru候補,ре́дко,まれに,"答え：まれに
品詞：副詞
出典候補：第60-86候補
状態：校正用・未確認",russian2,v04,校正用,grammar_vocab,60-86候補,yes,未確認,v04追加。出典回・アクセント・訳語・品詞を要確認。動詞は体ペアとして校正。,no,,0.6,,,,,,
m0875,vocab,сра́зу,сразу,すぐに,副詞,,,,,,,60-86候補,文法/語彙,v04追加・出典要確認,1,сразу,2,grammar_vocab,ru→ja / ja→ru候補,сра́зу,すぐに,"答え：すぐに
品詞：副詞
出典候補：第60-86候補
状態：校正用・未確認",russian2,v04,校正用,grammar_vocab,60-86候補,yes,未確認,v04追加。出典回・アクセント・訳語・品詞を要確認。動詞は体ペアとして校正。,no,,0.6,,,,,,
m0876,vocab,пото́м,потом,その後,副詞,,,,,,,60-86候補,文法/語彙,v04追加・出典要確認,1,потом,2,grammar_vocab,ru→ja / ja→ru候補,пото́м,その後,"答え：その後
品詞：副詞
出典候補：第60-86候補
状態：校正用・未確認",russian2,v04,校正用,grammar_vocab,60-86候補,yes,未確認,v04追加。出典回・アクセント・訳語・品詞を要確認。動詞は体ペアとして校正。,no,,0.6,,,,,,
m0877,vocab,зате́м,затем,それから,副詞,,,,,,,60-86候補,文法/語彙,v04追加・出典要確認,1,затем,2,grammar_vocab,ru→ja / ja→ru候補,зате́м,それから,"答え：それから
品詞：副詞
出典候補：第60-86候補
状態：校正用・未確認",russian2,v04,校正用,grammar_vocab,60-86候補,yes,未確認,v04追加。出典回・アクセント・訳語・品詞を要確認。動詞は体ペアとして校正。,no,,0.6,,,,,,
m0878,vocab,наконец,наконец,ついに・最後に,副詞,,,,,,,60-86候補,文法/語彙,v04追加・出典要確認,1,наконец,2,grammar_vocab,ru→ja / ja→ru候補,наконец,ついに・最後に,"答え：ついに・最後に
品詞：副詞
出典候補：第60-86候補
状態：校正用・未確認",russian2,v04,校正用,grammar_vocab,60-86候補,yes,未確認,v04追加。出典回・アクセント・訳語・品詞を要確認。動詞は体ペアとして校正。,no,,0.6,,,,,,
m0879,vocab,сего́дня,сегодня,今日,副詞,,,,,,,60-86候補,文法/語彙,v04追加・出典要確認,1,сегодня,2,grammar_vocab,ru→ja / ja→ru候補,сего́дня,今日,"答え：今日
品詞：副詞
出典候補：第60-86候補
状態：校正用・未確認",russian2,v04,校正用,grammar_vocab,60-86候補,yes,未確認,v04追加。出典回・アクセント・訳語・品詞を要確認。動詞は体ペアとして校正。,no,,0.6,,,,,,
m0880,vocab,вчера́,вчера,昨日,副詞,,,,,,,60-86候補,文法/語彙,v04追加・出典要確認,1,вчера,2,grammar_vocab,ru→ja / ja→ru候補,вчера́,昨日,"答え：昨日
品詞：副詞
出典候補：第60-86候補
状態：校正用・未確認",russian2,v04,校正用,grammar_vocab,60-86候補,yes,未確認,v04追加。出典回・アクセント・訳語・品詞を要確認。動詞は体ペアとして校正。,no,,0.6,,,,,,
m0881,vocab,за́втра,завтра,明日,副詞,,,,,,,60-86候補,文法/語彙,v04追加・出典要確認,1,завтра,2,grammar_vocab,ru→ja / ja→ru候補,за́втра,明日,"答え：明日
品詞：副詞
出典候補：第60-86候補
状態：校正用・未確認",russian2,v04,校正用,grammar_vocab,60-86候補,yes,未確認,v04追加。出典回・アクセント・訳語・品詞を要確認。動詞は体ペアとして校正。,no,,0.6,,,,,,
m0882,vocab,ра́ньше,раньше,以前は,副詞,,,,,,,60-86候補,文法/語彙,v04追加・出典要確認,1,раньше,2,grammar_vocab,ru→ja / ja→ru候補,ра́ньше,以前は,"答え：以前は
品詞：副詞
出典候補：第60-86候補
状態：校正用・未確認",russian2,v04,校正用,grammar_vocab,60-86候補,yes,未確認,v04追加。出典回・アクセント・訳語・品詞を要確認。動詞は体ペアとして校正。,no,,0.6,,,,,,
m0883,vocab,по́здно,поздно,遅く,副詞,,,,,,,60-86候補,文法/語彙,v04追加・出典要確認,1,поздно,2,grammar_vocab,ru→ja / ja→ru候補,по́здно,遅く,"答え：遅く
品詞：副詞
出典候補：第60-86候補
状態：校正用・未確認",russian2,v04,校正用,grammar_vocab,60-86候補,yes,未確認,v04追加。出典回・アクセント・訳語・品詞を要確認。動詞は体ペアとして校正。,no,,0.6,,,,,,
m0884,vocab,ра́но,рано,早く,副詞,,,,,,,60-86候補,文法/語彙,v04追加・出典要確認,1,рано,2,grammar_vocab,ru→ja / ja→ru候補,ра́но,早く,"答え：早く
品詞：副詞
出典候補：第60-86候補
状態：校正用・未確認",russian2,v04,校正用,grammar_vocab,60-86候補,yes,未確認,v04追加。出典回・アクセント・訳語・品詞を要確認。動詞は体ペアとして校正。,no,,0.6,,,,,,
m0885,vocab,далеко́,далеко,遠くに,副詞,,,,,,,60-86候補,文法/語彙,v04追加・出典要確認,1,далеко,2,grammar_vocab,ru→ja / ja→ru候補,далеко́,遠くに,"答え：遠くに
品詞：副詞
出典候補：第60-86候補
状態：校正用・未確認",russian2,v04,校正用,grammar_vocab,60-86候補,yes,未確認,v04追加。出典回・アクセント・訳語・品詞を要確認。動詞は体ペアとして校正。,no,,0.6,,,,,,
m0886,vocab,бли́зко,близко,近くに,副詞,,,,,,,60-86候補,文法/語彙,v04追加・出典要確認,1,близко,2,grammar_vocab,ru→ja / ja→ru候補,бли́зко,近くに,"答え：近くに
品詞：副詞
出典候補：第60-86候補
状態：校正用・未確認",russian2,v04,校正用,grammar_vocab,60-86候補,yes,未確認,v04追加。出典回・アクセント・訳語・品詞を要確認。動詞は体ペアとして校正。,no,,0.6,,,,,,
m0887,vocab,везде́,везде,どこでも,副詞,,,,,,,60-86候補,文法/語彙,v04追加・出典要確認,1,везде,2,grammar_vocab,ru→ja / ja→ru候補,везде́,どこでも,"答え：どこでも
品詞：副詞
出典候補：第60-86候補
状態：校正用・未確認",russian2,v04,校正用,grammar_vocab,60-86候補,yes,未確認,v04追加。出典回・アクセント・訳語・品詞を要確認。動詞は体ペアとして校正。,no,,0.6,,,,,,
m0888,vocab,нигде́,нигде,どこにも〜ない,副詞,,,,,,,60-86候補,文法/語彙,v04追加・出典要確認,1,нигде,2,grammar_vocab,ru→ja / ja→ru候補,нигде́,どこにも〜ない,"答え：どこにも〜ない
品詞：副詞
出典候補：第60-86候補
状態：校正用・未確認",russian2,v04,校正用,grammar_vocab,60-86候補,yes,未確認,v04追加。出典回・アクセント・訳語・品詞を要確認。動詞は体ペアとして校正。,no,,0.6,,,,,,
m0889,vocab,куда́-нибудь,куда-нибудь,どこかへ,副詞,,,,,,,60-86候補,文法/語彙,v04追加・出典要確認,1,куда-нибудь,2,grammar_vocab,ru→ja / ja→ru候補,куда́-нибудь,どこかへ,"答え：どこかへ
品詞：副詞
出典候補：第60-86候補
状態：校正用・未確認",russian2,v04,校正用,grammar_vocab,60-86候補,yes,未確認,v04追加。出典回・アクセント・訳語・品詞を要確認。動詞は体ペアとして校正。,no,,0.6,,,,,,
m0890,vocab,где́-нибудь,где-нибудь,どこかで,副詞,,,,,,,60-86候補,文法/語彙,v04追加・出典要確認,1,где-нибудь,2,grammar_vocab,ru→ja / ja→ru候補,где́-нибудь,どこかで,"答え：どこかで
品詞：副詞
出典候補：第60-86候補
状態：校正用・未確認",russian2,v04,校正用,grammar_vocab,60-86候補,yes,未確認,v04追加。出典回・アクセント・訳語・品詞を要確認。動詞は体ペアとして校正。,no,,0.6,,,,,,
m0891,vocab,когда́-нибудь,когда-нибудь,いつか,副詞,,,,,,,60-86候補,文法/語彙,v04追加・出典要確認,1,когда-нибудь,2,grammar_vocab,ru→ja / ja→ru候補,когда́-нибудь,いつか,"答え：いつか
品詞：副詞
出典候補：第60-86候補
状態：校正用・未確認",russian2,v04,校正用,grammar_vocab,60-86候補,yes,未確認,v04追加。出典回・アクセント・訳語・品詞を要確認。動詞は体ペアとして校正。,no,,0.6,,,,,,
m0892,vocab,почему́-нибудь,почему-нибудь,何らかの理由で,副詞,,,,,,,60-86候補,文法/語彙,v04追加・出典要確認,1,почему-нибудь,2,grammar_vocab,ru→ja / ja→ru候補,почему́-нибудь,何らかの理由で,"答え：何らかの理由で
品詞：副詞
出典候補：第60-86候補
状態：校正用・未確認",russian2,v04,校正用,grammar_vocab,60-86候補,yes,未確認,v04追加。出典回・アクセント・訳語・品詞を要確認。動詞は体ペアとして校正。,no,,0.6,,,,,,
m0893,vocab,как-нибудь,как-нибудь,どうにかして,副詞,,,,,,,60-86候補,文法/語彙,v04追加・出典要確認,1,как-нибудь,2,grammar_vocab,ru→ja / ja→ru候補,как-нибудь,どうにかして,"答え：どうにかして
品詞：副詞
出典候補：第60-86候補
状態：校正用・未確認",russian2,v04,校正用,grammar_vocab,60-86候補,yes,未確認,v04追加。出典回・アクセント・訳語・品詞を要確認。動詞は体ペアとして校正。,no,,0.6,,,,,,
m0894,vocab,кто́-нибудь,кто-нибудь,誰か,代名詞,,,,,,,60-86候補,文法/語彙,v04追加・出典要確認,1,кто-нибудь,2,grammar_vocab,ru→ja / ja→ru候補,кто́-нибудь,誰か,"答え：誰か
品詞：代名詞
出典候補：第60-86候補
状態：校正用・未確認",russian2,v04,校正用,grammar_vocab,60-86候補,yes,未確認,v04追加。出典回・アクセント・訳語・品詞を要確認。動詞は体ペアとして校正。,no,,0.6,,,,,,
m0895,vocab,что́-нибудь,что-нибудь,何か,代名詞,,,,,,,60-86候補,文法/語彙,v04追加・出典要確認,1,что-нибудь,2,grammar_vocab,ru→ja / ja→ru候補,что́-нибудь,何か,"答え：何か
品詞：代名詞
出典候補：第60-86候補
状態：校正用・未確認",russian2,v04,校正用,grammar_vocab,60-86候補,yes,未確認,v04追加。出典回・アクセント・訳語・品詞を要確認。動詞は体ペアとして校正。,no,,0.6,,,,,,
m0896,vocab,никто́,никто,誰も〜ない,代名詞,,,,,,,60-86候補,文法/語彙,v04追加・出典要確認,1,никто,2,grammar_vocab,ru→ja / ja→ru候補,никто́,誰も〜ない,"答え：誰も〜ない
品詞：代名詞
出典候補：第60-86候補
状態：校正用・未確認",russian2,v04,校正用,grammar_vocab,60-86候補,yes,未確認,v04追加。出典回・アクセント・訳語・品詞を要確認。動詞は体ペアとして校正。,no,,0.6,,,,,,
m0897,vocab,ничто́,ничто,何も〜ない,代名詞,,,,,,,60-86候補,文法/語彙,v04追加・出典要確認,1,ничто,2,grammar_vocab,ru→ja / ja→ru候補,ничто́,何も〜ない,"答え：何も〜ない
品詞：代名詞
出典候補：第60-86候補
状態：校正用・未確認",russian2,v04,校正用,grammar_vocab,60-86候補,yes,未確認,v04追加。出典回・アクセント・訳語・品詞を要確認。動詞は体ペアとして校正。,no,,0.6,,,,,,
m0898,vocab,ка́ждый,каждыи,各々の,代名詞/形容詞,,,,,,,60-86候補,文法/語彙,v04追加・出典要確認,1,каждыи,2,grammar_vocab,ru→ja / ja→ru候補,ка́ждый,各々の,"答え：各々の
品詞：代名詞/形容詞
出典候補：第60-86候補
状態：校正用・未確認",russian2,v04,校正用,grammar_vocab,60-86候補,yes,未確認,v04追加。出典回・アクセント・訳語・品詞を要確認。動詞は体ペアとして校正。,no,,0.6,,,,,,
m0899,vocab,любо́й,любои,任意の・どんな〜でも,代名詞/形容詞,,,,,,,60-86候補,文法/語彙,v04追加・出典要確認,1,любои,2,grammar_vocab,ru→ja / ja→ru候補,любо́й,任意の・どんな〜でも,"答え：任意の・どんな〜でも
品詞：代名詞/形容詞
出典候補：第60-86候補
状態：校正用・未確認",russian2,v04,校正用,grammar_vocab,60-86候補,yes,未確認,v04追加。出典回・アクセント・訳語・品詞を要確認。動詞は体ペアとして校正。,no,,0.6,,,,,,
m0900,vocab,вся́кий,всякии,あらゆる,代名詞/形容詞,,,,,,,60-86候補,文法/語彙,v04追加・出典要確認,1,всякии,2,grammar_vocab,ru→ja / ja→ru候補,вся́кий,あらゆる,"答え：あらゆる
品詞：代名詞/形容詞
出典候補：第60-86候補
状態：校正用・未確認",russian2,v04,校正用,grammar_vocab,60-86候補,yes,未確認,v04追加。出典回・アクセント・訳語・品詞を要確認。動詞は体ペアとして校正。,no,,0.6,,,,,,
m0901,vocab,друго́й,другои,別の,代名詞/形容詞,,,,,,,60-86候補,文法/語彙,v04追加・出典要確認,1,другои,2,grammar_vocab,ru→ja / ja→ru候補,друго́й,別の,"答え：別の
品詞：代名詞/形容詞
出典候補：第60-86候補
状態：校正用・未確認",russian2,v04,校正用,grammar_vocab,60-86候補,yes,未確認,v04追加。出典回・アクセント・訳語・品詞を要確認。動詞は体ペアとして校正。,no,,0.6,,,,,,
m0902,vocab,сам,сам,自分自身,代名詞,,,,,,,60-86候補,文法/語彙,v04追加・出典要確認,1,сам,2,grammar_vocab,ru→ja / ja→ru候補,сам,自分自身,"答え：自分自身
品詞：代名詞
出典候補：第60-86候補
状態：校正用・未確認",russian2,v04,校正用,grammar_vocab,60-86候補,yes,未確認,v04追加。出典回・アクセント・訳語・品詞を要確認。動詞は体ペアとして校正。,no,,0.6,,,,,,
m0903,vocab,свой,свои,自分の,代名詞,,,,,,,60-86候補,文法/語彙,v04追加・出典要確認,1,свои,2,grammar_vocab,ru→ja / ja→ru候補,свой,自分の,"答え：自分の
品詞：代名詞
出典候補：第60-86候補
状態：校正用・未確認",russian2,v04,校正用,grammar_vocab,60-86候補,yes,未確認,v04追加。出典回・アクセント・訳語・品詞を要確認。動詞は体ペアとして校正。,no,,0.6,,,,,,
m0904,vocab,собы́тие,событие,出来事,名詞,中性,,,,,,60-86候補,語彙/作文,v04追加・頻出語彙・出典要確認,1,событие,2,fallback_vocab,ru→ja / ja→ru候補,собы́тие,出来事,"答え：出来事
品詞：名詞
性：中性
出典候補：第60-86候補
状態：校正用・未確認",russian2,v04,校正用,fallback_vocab,60-86候補,yes,未確認,v04追加。出典回・アクセント・訳語・品詞を要確認。動詞は体ペアとして校正。,no,,0.6,,,,,,
m0905,vocab,слу́чай,случаи,場合・出来事,名詞,男性,,,,,,60-86候補,語彙/作文,v04追加・頻出語彙・出典要確認,1,случаи,2,fallback_vocab,ru→ja / ja→ru候補,слу́чай,場合・出来事,"答え：場合・出来事
品詞：名詞
性：男性
出典候補：第60-86候補
状態：校正用・未確認",russian2,v04,校正用,fallback_vocab,60-86候補,yes,未確認,v04追加。出典回・アクセント・訳語・品詞を要確認。動詞は体ペアとして校正。,no,,0.6,,,,,,
m0906,vocab,явле́ние,явление,現象,名詞,中性,,,,,,60-86候補,語彙/作文,v04追加・頻出語彙・出典要確認,1,явление,2,fallback_vocab,ru→ja / ja→ru候補,явле́ние,現象,"答え：現象
品詞：名詞
性：中性
出典候補：第60-86候補
状態：校正用・未確認",russian2,v04,校正用,fallback_vocab,60-86候補,yes,未確認,v04追加。出典回・アクセント・訳語・品詞を要確認。動詞は体ペアとして校正。,no,,0.6,,,,,,
m0907,vocab,предме́т,предмет, предмет・科目・物,名詞,男性,,,,,,60-86候補,語彙/作文,v04追加・頻出語彙・出典要確認,1,предмет,2,fallback_vocab,ru→ja / ja→ru候補,предме́т, предмет・科目・物,"答え： предмет・科目・物
品詞：名詞
性：男性
出典候補：第60-86候補
状態：校正用・未確認",russian2,v04,校正用,fallback_vocab,60-86候補,yes,未確認,v04追加。出典回・アクセント・訳語・品詞を要確認。動詞は体ペアとして校正。,no,,0.6,,,,,,
m0908,vocab,материа́л,материал,資料・材料,名詞,男性,,,,,,60-86候補,語彙/作文,v04追加・頻出語彙・出典要確認,1,материал,2,fallback_vocab,ru→ja / ja→ru候補,материа́л,資料・材料,"答え：資料・材料
品詞：名詞
性：男性
出典候補：第60-86候補
状態：校正用・未確認",russian2,v04,校正用,fallback_vocab,60-86候補,yes,未確認,v04追加。出典回・アクセント・訳語・品詞を要確認。動詞は体ペアとして校正。,no,,0.6,,,,,,
m0909,vocab,исто́чник,источник,出典・源,名詞,男性,,,,,,60-86候補,語彙/作文,v04追加・頻出語彙・出典要確認,1,источник,2,fallback_vocab,ru→ja / ja→ru候補,исто́чник,出典・源,"答え：出典・源
品詞：名詞
性：男性
出典候補：第60-86候補
状態：校正用・未確認",russian2,v04,校正用,fallback_vocab,60-86候補,yes,未確認,v04追加。出典回・アクセント・訳語・品詞を要確認。動詞は体ペアとして校正。,no,,0.6,,,,,,
m0910,vocab,ссылкa,ссылкa,参照・リンク,名詞,女性,,,,,,60-86候補,語彙/作文,v04追加・頻出語彙・出典要確認,1,ссылкa,2,fallback_vocab,ru→ja / ja→ru候補,ссылкa,参照・リンク,"答え：参照・リンク
品詞：名詞
性：女性
出典候補：第60-86候補
状態：校正用・未確認",russian2,v04,校正用,fallback_vocab,60-86候補,yes,未確認,v04追加。出典回・アクセント・訳語・品詞を要確認。動詞は体ペアとして校正。,no,,0.6,,,,,,
m0911,vocab,табли́ца,таблица,表,名詞,女性,,,,,,60-86候補,語彙/作文,v04追加・頻出語彙・出典要確認,1,таблица,2,fallback_vocab,ru→ja / ja→ru候補,табли́ца,表,"答え：表
品詞：名詞
性：女性
出典候補：第60-86候補
状態：校正用・未確認",russian2,v04,校正用,fallback_vocab,60-86候補,yes,未確認,v04追加。出典回・アクセント・訳語・品詞を要確認。動詞は体ペアとして校正。,no,,0.6,,,,,,
m0912,vocab,рису́нок,рисунок,図・絵,名詞,男性,,,,,,60-86候補,語彙/作文,v04追加・頻出語彙・出典要確認,1,рисунок,2,fallback_vocab,ru→ja / ja→ru候補,рису́нок,図・絵,"答え：図・絵
品詞：名詞
性：男性
出典候補：第60-86候補
状態：校正用・未確認",russian2,v04,校正用,fallback_vocab,60-86候補,yes,未確認,v04追加。出典回・アクセント・訳語・品詞を要確認。動詞は体ペアとして校正。,no,,0.6,,,,,,
m0913,vocab,карти́на,картина,絵・光景,名詞,女性,,,,,,60-86候補,語彙/作文,v04追加・頻出語彙・出典要確認,1,картина,2,fallback_vocab,ru→ja / ja→ru候補,карти́на,絵・光景,"答え：絵・光景
品詞：名詞
性：女性
出典候補：第60-86候補
状態：校正用・未確認",russian2,v04,校正用,fallback_vocab,60-86候補,yes,未確認,v04追加。出典回・アクセント・訳語・品詞を要確認。動詞は体ペアとして校正。,no,,0.6,,,,,,
m0914,vocab,экран,экран,画面,名詞,男性,,,,,,60-86候補,語彙/作文,v04追加・頻出語彙・出典要確認,1,экран,2,fallback_vocab,ru→ja / ja→ru候補,экран,画面,"答え：画面
品詞：名詞
性：男性
出典候補：第60-86候補
状態：校正用・未確認",russian2,v04,校正用,fallback_vocab,60-86候補,yes,未確認,v04追加。出典回・アクセント・訳語・品詞を要確認。動詞は体ペアとして校正。,no,,0.6,,,,,,
m0915,vocab,кнопка,кнопка,ボタン,名詞,女性,,,,,,60-86候補,語彙/作文,v04追加・頻出語彙・出典要確認,1,кнопка,2,fallback_vocab,ru→ja / ja→ru候補,кнопка,ボタン,"答え：ボタン
品詞：名詞
性：女性
出典候補：第60-86候補
状態：校正用・未確認",russian2,v04,校正用,fallback_vocab,60-86候補,yes,未確認,v04追加。出典回・アクセント・訳語・品詞を要確認。動詞は体ペアとして校正。,no,,0.6,,,,,,
m0916,vocab,програ́мма,программа,プログラム,名詞,女性,,,,,,60-86候補,語彙/作文,v04追加・頻出語彙・出典要確認,1,программа,2,fallback_vocab,ru→ja / ja→ru候補,програ́мма,プログラム,"答え：プログラム
品詞：名詞
性：女性
出典候補：第60-86候補
状態：校正用・未確認",russian2,v04,校正用,fallback_vocab,60-86候補,yes,未確認,v04追加。出典回・アクセント・訳語・品詞を要確認。動詞は体ペアとして校正。,no,,0.6,,,,,,
m0917,vocab,устро́йство,устроиство,装置・デバイス,名詞,中性,,,,,,60-86候補,語彙/作文,v04追加・頻出語彙・出典要確認,1,устроиство,2,fallback_vocab,ru→ja / ja→ru候補,устро́йство,装置・デバイス,"答え：装置・デバイス
品詞：名詞
性：中性
出典候補：第60-86候補
状態：校正用・未確認",russian2,v04,校正用,fallback_vocab,60-86候補,yes,未確認,v04追加。出典回・アクセント・訳語・品詞を要確認。動詞は体ペアとして校正。,no,,0.6,,,,,,
m0918,vocab,се́ть,сеть,ネットワーク,名詞,女性,,,,,,60-86候補,語彙/作文,v04追加・頻出語彙・出典要確認,1,сеть,2,fallback_vocab,ru→ja / ja→ru候補,се́ть,ネットワーク,"答え：ネットワーク
品詞：名詞
性：女性
出典候補：第60-86候補
状態：校正用・未確認",russian2,v04,校正用,fallback_vocab,60-86候補,yes,未確認,v04追加。出典回・アクセント・訳語・品詞を要確認。動詞は体ペアとして校正。,no,,0.6,,,,,,
m0919,vocab,страни́ца,страница,ページ,名詞,女性,,,,,,60-86候補,語彙/作文,v04追加・頻出語彙・出典要確認,1,страница,2,fallback_vocab,ru→ja / ja→ru候補,страни́ца,ページ,"答え：ページ
品詞：名詞
性：女性
出典候補：第60-86候補
状態：校正用・未確認",russian2,v04,校正用,fallback_vocab,60-86候補,yes,未確認,v04追加。出典回・アクセント・訳語・品詞を要確認。動詞は体ペアとして校正。,no,,0.6,,,,,,
m0920,vocab,сообще́ние,сообщение,メッセージ,名詞,中性,,,,,,60-86候補,語彙/作文,v04追加・頻出語彙・出典要確認,1,сообщение,2,fallback_vocab,ru→ja / ja→ru候補,сообще́ние,メッセージ,"答え：メッセージ
品詞：名詞
性：中性
出典候補：第60-86候補
状態：校正用・未確認",russian2,v04,校正用,fallback_vocab,60-86候補,yes,未確認,v04追加。出典回・アクセント・訳語・品詞を要確認。動詞は体ペアとして校正。,no,,0.6,,,,,,
m0921,vocab,но́вость,новость,ニュース,名詞,女性,,,,,,60-86候補,語彙/作文,v04追加・頻出語彙・出典要確認,1,новость,2,fallback_vocab,ru→ja / ja→ru候補,но́вость,ニュース,"答え：ニュース
品詞：名詞
性：女性
出典候補：第60-86候補
状態：校正用・未確認",russian2,v04,校正用,fallback_vocab,60-86候補,yes,未確認,v04追加。出典回・アクセント・訳語・品詞を要確認。動詞は体ペアとして校正。,no,,0.6,,,,,,
m0922,vocab,объявле́ние,объявление,告知,名詞,中性,,,,,,60-86候補,語彙/作文,v04追加・頻出語彙・出典要確認,1,объявление,2,fallback_vocab,ru→ja / ja→ru候補,объявле́ние,告知,"答え：告知
品詞：名詞
性：中性
出典候補：第60-86候補
状態：校正用・未確認",russian2,v04,校正用,fallback_vocab,60-86候補,yes,未確認,v04追加。出典回・アクセント・訳語・品詞を要確認。動詞は体ペアとして校正。,no,,0.6,,,,,,
m0923,vocab,расписа́ние,расписание,予定表,名詞,中性,,,,,,60-86候補,語彙/作文,v04追加・頻出語彙・出典要確認,1,расписание,2,fallback_vocab,ru→ja / ja→ru候補,расписа́ние,予定表,"答え：予定表
品詞：名詞
性：中性
出典候補：第60-86候補
状態：校正用・未確認",russian2,v04,校正用,fallback_vocab,60-86候補,yes,未確認,v04追加。出典回・アクセント・訳語・品詞を要確認。動詞は体ペアとして校正。,no,,0.6,,,,,,
m0924,vocab,план,план,計画,名詞,男性,,,,,,60-86候補,語彙/作文,v04追加・頻出語彙・出典要確認,1,план,2,fallback_vocab,ru→ja / ja→ru候補,план,計画,"答え：計画
品詞：名詞
性：男性
出典候補：第60-86候補
状態：校正用・未確認",russian2,v04,校正用,fallback_vocab,60-86候補,yes,未確認,v04追加。出典回・アクセント・訳語・品詞を要確認。動詞は体ペアとして校正。,no,,0.6,,,,,,
m0925,vocab,це́нность,ценность,価値,名詞,女性,,,,,,60-86候補,語彙/作文,v04追加・頻出語彙・出典要確認,1,ценность,2,fallback_vocab,ru→ja / ja→ru候補,це́нность,価値,"答え：価値
品詞：名詞
性：女性
出典候補：第60-86候補
状態：校正用・未確認",russian2,v04,校正用,fallback_vocab,60-86候補,yes,未確認,v04追加。出典回・アクセント・訳語・品詞を要確認。動詞は体ペアとして校正。,no,,0.6,,,,,,
m0926,vocab,прави́ло,правило,規則,名詞,中性,,,,,,60-86候補,語彙/作文,v04追加・頻出語彙・出典要確認,1,правило,2,fallback_vocab,ru→ja / ja→ru候補,прави́ло,規則,"答え：規則
品詞：名詞
性：中性
出典候補：第60-86候補
状態：校正用・未確認",russian2,v04,校正用,fallback_vocab,60-86候補,yes,未確認,v04追加。出典回・アクセント・訳語・品詞を要確認。動詞は体ペアとして校正。,no,,0.6,,,,,,
m0927,vocab,закон,закон,法律,名詞,男性,,,,,,60-86候補,語彙/作文,v04追加・頻出語彙・出典要確認,1,закон,2,fallback_vocab,ru→ja / ja→ru候補,закон,法律,"答え：法律
品詞：名詞
性：男性
出典候補：第60-86候補
状態：校正用・未確認",russian2,v04,校正用,fallback_vocab,60-86候補,yes,未確認,v04追加。出典回・アクセント・訳語・品詞を要確認。動詞は体ペアとして校正。,no,,0.6,,,,,,
m0928,vocab,общество,общество,社会,名詞,中性,,,,,,60-86候補,語彙/作文,v04追加・頻出語彙・出典要確認,1,общество,2,fallback_vocab,ru→ja / ja→ru候補,общество,社会,"答え：社会
品詞：名詞
性：中性
出典候補：第60-86候補
状態：校正用・未確認",russian2,v04,校正用,fallback_vocab,60-86候補,yes,未確認,v04追加。出典回・アクセント・訳語・品詞を要確認。動詞は体ペアとして校正。,no,,0.6,,,,,,
m0929,vocab,культу́ра,культура,文化,名詞,女性,,,,,,60-86候補,語彙/作文,v04追加・頻出語彙・出典要確認,1,культура,2,fallback_vocab,ru→ja / ja→ru候補,культу́ра,文化,"答え：文化
品詞：名詞
性：女性
出典候補：第60-86候補
状態：校正用・未確認",russian2,v04,校正用,fallback_vocab,60-86候補,yes,未確認,v04追加。出典回・アクセント・訳語・品詞を要確認。動詞は体ペアとして校正。,no,,0.6,,,,,,
m0930,vocab,обы́чай,обычаи,慣習,名詞,男性,,,,,,60-86候補,語彙/作文,v04追加・頻出語彙・出典要確認,1,обычаи,2,fallback_vocab,ru→ja / ja→ru候補,обы́чай,慣習,"答え：慣習
品詞：名詞
性：男性
出典候補：第60-86候補
状態：校正用・未確認",russian2,v04,校正用,fallback_vocab,60-86候補,yes,未確認,v04追加。出典回・アクセント・訳語・品詞を要確認。動詞は体ペアとして校正。,no,,0.6,,,,,,
m0931,vocab,пра́здник,праздник,祝日・祭日,名詞,男性,,,,,,60-86候補,語彙/作文,v04追加・頻出語彙・出典要確認,1,праздник,2,fallback_vocab,ru→ja / ja→ru候補,пра́здник,祝日・祭日,"答え：祝日・祭日
品詞：名詞
性：男性
出典候補：第60-86候補
状態：校正用・未確認",russian2,v04,校正用,fallback_vocab,60-86候補,yes,未確認,v04追加。出典回・アクセント・訳語・品詞を要確認。動詞は体ペアとして校正。,no,,0.6,,,,,,
m0932,vocab,ме́сто,место,場所,名詞,中性,,,,,,60-86候補,語彙/作文,v04追加・頻出語彙・出典要確認,1,место,2,fallback_vocab,ru→ja / ja→ru候補,ме́сто,場所,"答え：場所
品詞：名詞
性：中性
出典候補：第60-86候補
状態：校正用・未確認",russian2,v04,校正用,fallback_vocab,60-86候補,yes,未確認,v04追加。出典回・アクセント・訳語・品詞を要確認。動詞は体ペアとして校正。,no,,0.6,,,,,,
m0933,vocab,сре́да,среда,環境・水曜日,名詞,女性,,,,,,60-86候補,語彙/作文,v04追加・頻出語彙・出典要確認,1,среда,2,fallback_vocab,ru→ja / ja→ru候補,сре́да,環境・水曜日,"答え：環境・水曜日
品詞：名詞
性：女性
出典候補：第60-86候補
状態：校正用・未確認",russian2,v04,校正用,fallback_vocab,60-86候補,yes,未確認,v04追加。出典回・アクセント・訳語・品詞を要確認。動詞は体ペアとして校正。,no,,0.6,,,,,,
m0934,vocab,обстоя́тельство,обстоятельство,事情,名詞,中性,,,,,,60-86候補,語彙/作文,v04追加・頻出語彙・出典要確認,1,обстоятельство,2,fallback_vocab,ru→ja / ja→ru候補,обстоя́тельство,事情,"答え：事情
品詞：名詞
性：中性
出典候補：第60-86候補
状態：校正用・未確認",russian2,v04,校正用,fallback_vocab,60-86候補,yes,未確認,v04追加。出典回・アクセント・訳語・品詞を要確認。動詞は体ペアとして校正。,no,,0.6,,,,,,
m0935,vocab,ситуа́ция,ситуация,状況,名詞,女性,,,,,,60-86候補,語彙/作文,v04追加・頻出語彙・出典要確認,1,ситуация,2,fallback_vocab,ru→ja / ja→ru候補,ситуа́ция,状況,"答え：状況
品詞：名詞
性：女性
出典候補：第60-86候補
状態：校正用・未確認",russian2,v04,校正用,fallback_vocab,60-86候補,yes,未確認,v04追加。出典回・アクセント・訳語・品詞を要確認。動詞は体ペアとして校正。,no,,0.6,,,,,,
m0936,vocab,пери́од,период,期間,名詞,男性,,,,,,60-86候補,語彙/作文,v04追加・頻出語彙・出典要確認,1,период,2,fallback_vocab,ru→ja / ja→ru候補,пери́од,期間,"答え：期間
品詞：名詞
性：男性
出典候補：第60-86候補
状態：校正用・未確認",russian2,v04,校正用,fallback_vocab,60-86候補,yes,未確認,v04追加。出典回・アクセント・訳語・品詞を要確認。動詞は体ペアとして校正。,no,,0.6,,,,,,
m0937,vocab,нача́ло,начало,始まり,名詞,中性,,,,,,60-86候補,語彙/作文,v04追加・頻出語彙・出典要確認,1,начало,2,fallback_vocab,ru→ja / ja→ru候補,нача́ло,始まり,"答え：始まり
品詞：名詞
性：中性
出典候補：第60-86候補
状態：校正用・未確認",russian2,v04,校正用,fallback_vocab,60-86候補,yes,未確認,v04追加。出典回・アクセント・訳語・品詞を要確認。動詞は体ペアとして校正。,no,,0.6,,,,,,
m0938,vocab,коне́ц,конец,終わり,名詞,男性,,,,,,60-86候補,語彙/作文,v04追加・頻出語彙・出典要確認,1,конец,2,fallback_vocab,ru→ja / ja→ru候補,коне́ц,終わり,"答え：終わり
品詞：名詞
性：男性
出典候補：第60-86候補
状態：校正用・未確認",russian2,v04,校正用,fallback_vocab,60-86候補,yes,未確認,v04追加。出典回・アクセント・訳語・品詞を要確認。動詞は体ペアとして校正。,no,,0.6,,,,,,
m0939,vocab,продолже́ние,продолжение,続き,名詞,中性,,,,,,60-86候補,語彙/作文,v04追加・頻出語彙・出典要確認,1,продолжение,2,fallback_vocab,ru→ja / ja→ru候補,продолже́ние,続き,"答え：続き
品詞：名詞
性：中性
出典候補：第60-86候補
状態：校正用・未確認",russian2,v04,校正用,fallback_vocab,60-86候補,yes,未確認,v04追加。出典回・アクセント・訳語・品詞を要確認。動詞は体ペアとして校正。,no,,0.6,,,,,,
m0940,vocab,проце́сс,процесс,過程,名詞,男性,,,,,,60-86候補,語彙/作文,v04追加・頻出語彙・出典要確認,1,процесс,2,fallback_vocab,ru→ja / ja→ru候補,проце́сс,過程,"答え：過程
品詞：名詞
性：男性
出典候補：第60-86候補
状態：校正用・未確認",russian2,v04,校正用,fallback_vocab,60-86候補,yes,未確認,v04追加。出典回・アクセント・訳語・品詞を要確認。動詞は体ペアとして校正。,no,,0.6,,,,,,
m0941,vocab,уро́вень,уровень,水準・レベル,名詞,男性,,,,,,60-86候補,語彙/作文,v04追加・頻出語彙・出典要確認,1,уровень,2,fallback_vocab,ru→ja / ja→ru候補,уро́вень,水準・レベル,"答え：水準・レベル
品詞：名詞
性：男性
出典候補：第60-86候補
状態：校正用・未確認",russian2,v04,校正用,fallback_vocab,60-86候補,yes,未確認,v04追加。出典回・アクセント・訳語・品詞を要確認。動詞は体ペアとして校正。,no,,0.6,,,,,,
m0942,vocab,разме́р,размер,大きさ,名詞,男性,,,,,,60-86候補,語彙/作文,v04追加・頻出語彙・出典要確認,1,размер,2,fallback_vocab,ru→ja / ja→ru候補,разме́р,大きさ,"答え：大きさ
品詞：名詞
性：男性
出典候補：第60-86候補
状態：校正用・未確認",russian2,v04,校正用,fallback_vocab,60-86候補,yes,未確認,v04追加。出典回・アクセント・訳語・品詞を要確認。動詞は体ペアとして校正。,no,,0.6,,,,,,
m0943,vocab,ско́рость,скорость,速度,名詞,女性,,,,,,60-86候補,語彙/作文,v04追加・頻出語彙・出典要確認,1,скорость,2,fallback_vocab,ru→ja / ja→ru候補,ско́рость,速度,"答え：速度
品詞：名詞
性：女性
出典候補：第60-86候補
状態：校正用・未確認",russian2,v04,校正用,fallback_vocab,60-86候補,yes,未確認,v04追加。出典回・アクセント・訳語・品詞を要確認。動詞は体ペアとして校正。,no,,0.6,,,,,,
m0944,vocab,температу́ра,температура,温度,名詞,女性,,,,,,60-86候補,語彙/作文,v04追加・頻出語彙・出典要確認,1,температура,2,fallback_vocab,ru→ja / ja→ru候補,температу́ра,温度,"答え：温度
品詞：名詞
性：女性
出典候補：第60-86候補
状態：校正用・未確認",russian2,v04,校正用,fallback_vocab,60-86候補,yes,未確認,v04追加。出典回・アクセント・訳語・品詞を要確認。動詞は体ペアとして校正。,no,,0.6,,,,,,
m0945,vocab,давле́ние,давление,圧力,名詞,中性,,,,,,60-86候補,語彙/作文,v04追加・頻出語彙・出典要確認,1,давление,2,fallback_vocab,ru→ja / ja→ru候補,давле́ние,圧力,"答え：圧力
品詞：名詞
性：中性
出典候補：第60-86候補
状態：校正用・未確認",russian2,v04,校正用,fallback_vocab,60-86候補,yes,未確認,v04追加。出典回・アクセント・訳語・品詞を要確認。動詞は体ペアとして校正。,no,,0.6,,,,,,
m0946,vocab,воздух,воздух,空気,名詞,男性,,,,,,60-86候補,語彙/作文,v04追加・頻出語彙・出典要確認,1,воздух,2,fallback_vocab,ru→ja / ja→ru候補,воздух,空気,"答え：空気
品詞：名詞
性：男性
出典候補：第60-86候補
状態：校正用・未確認",russian2,v04,校正用,fallback_vocab,60-86候補,yes,未確認,v04追加。出典回・アクセント・訳語・品詞を要確認。動詞は体ペアとして校正。,no,,0.6,,,,,,
m0947,vocab,вода́,вода,水,名詞,女性,,,,,,60-86候補,語彙/作文,v04追加・頻出語彙・出典要確認,1,вода,2,fallback_vocab,ru→ja / ja→ru候補,вода́,水,"答え：水
品詞：名詞
性：女性
出典候補：第60-86候補
状態：校正用・未確認",russian2,v04,校正用,fallback_vocab,60-86候補,yes,未確認,v04追加。出典回・アクセント・訳語・品詞を要確認。動詞は体ペアとして校正。,no,,0.6,,,,,,
m0948,vocab,о́зеро,озеро,湖,名詞,中性,,,,,,60-86候補,語彙/作文,v04追加・頻出語彙・出典要確認,1,озеро,2,fallback_vocab,ru→ja / ja→ru候補,о́зеро,湖,"答え：湖
品詞：名詞
性：中性
出典候補：第60-86候補
状態：校正用・未確認",russian2,v04,校正用,fallback_vocab,60-86候補,yes,未確認,v04追加。出典回・アクセント・訳語・品詞を要確認。動詞は体ペアとして校正。,no,,0.6,,,,,,
m0949,vocab,река́,река,川,名詞,女性,,,,,,60-86候補,語彙/作文,v04追加・頻出語彙・出典要確認,1,река,2,fallback_vocab,ru→ja / ja→ru候補,река́,川,"答え：川
品詞：名詞
性：女性
出典候補：第60-86候補
状態：校正用・未確認",russian2,v04,校正用,fallback_vocab,60-86候補,yes,未確認,v04追加。出典回・アクセント・訳語・品詞を要確認。動詞は体ペアとして校正。,no,,0.6,,,,,,
m0950,vocab,лес,лес,森,名詞,男性,,,,,,60-86候補,語彙/作文,v04追加・頻出語彙・出典要確認,1,лес,2,fallback_vocab,ru→ja / ja→ru候補,лес,森,"答え：森
品詞：名詞
性：男性
出典候補：第60-86候補
状態：校正用・未確認",russian2,v04,校正用,fallback_vocab,60-86候補,yes,未確認,v04追加。出典回・アクセント・訳語・品詞を要確認。動詞は体ペアとして校正。,no,,0.6,,,,,,
m0951,vocab,по́ле,поле,野原・畑,名詞,中性,,,,,,60-86候補,語彙/作文,v04追加・頻出語彙・出典要確認,1,поле,2,fallback_vocab,ru→ja / ja→ru候補,по́ле,野原・畑,"答え：野原・畑
品詞：名詞
性：中性
出典候補：第60-86候補
状態：校正用・未確認",russian2,v04,校正用,fallback_vocab,60-86候補,yes,未確認,v04追加。出典回・アクセント・訳語・品詞を要確認。動詞は体ペアとして校正。,no,,0.6,,,,,,
m0952,vocab,цвето́к,цветок,花,名詞,男性,,,,,,60-86候補,語彙/作文,v04追加・頻出語彙・出典要確認,1,цветок,2,fallback_vocab,ru→ja / ja→ru候補,цвето́к,花,"答え：花
品詞：名詞
性：男性
出典候補：第60-86候補
状態：校正用・未確認",russian2,v04,校正用,fallback_vocab,60-86候補,yes,未確認,v04追加。出典回・アクセント・訳語・品詞を要確認。動詞は体ペアとして校正。,no,,0.6,,,,,,
m0953,vocab,дерево,дерево,木,名詞,中性,,,,,,60-86候補,語彙/作文,v04追加・頻出語彙・出典要確認,1,дерево,2,fallback_vocab,ru→ja / ja→ru候補,дерево,木,"答え：木
品詞：名詞
性：中性
出典候補：第60-86候補
状態：校正用・未確認",russian2,v04,校正用,fallback_vocab,60-86候補,yes,未確認,v04追加。出典回・アクセント・訳語・品詞を要確認。動詞は体ペアとして校正。,no,,0.6,,,,,,
m0954,vocab,плод,плод,実・果実,名詞,男性,,,,,,60-86候補,語彙/作文,v04追加・頻出語彙・出典要確認,1,плод,2,fallback_vocab,ru→ja / ja→ru候補,плод,実・果実,"答え：実・果実
品詞：名詞
性：男性
出典候補：第60-86候補
状態：校正用・未確認",russian2,v04,校正用,fallback_vocab,60-86候補,yes,未確認,v04追加。出典回・アクセント・訳語・品詞を要確認。動詞は体ペアとして校正。,no,,0.6,,,,,,
m0955,vocab,урожа́й,урожаи,収穫,名詞,男性,,,,,,60-86候補,語彙/作文,v04追加・頻出語彙・出典要確認,1,урожаи,2,fallback_vocab,ru→ja / ja→ru候補,урожа́й,収穫,"答え：収穫
品詞：名詞
性：男性
出典候補：第60-86候補
状態：校正用・未確認",russian2,v04,校正用,fallback_vocab,60-86候補,yes,未確認,v04追加。出典回・アクセント・訳語・品詞を要確認。動詞は体ペアとして校正。,no,,0.6,,,,,,
m0956,vocab,се́мя,семя,種,名詞,中性,,,,,,60-86候補,語彙/作文,v04追加・頻出語彙・出典要確認,1,семя,2,fallback_vocab,ru→ja / ja→ru候補,се́мя,種,"答え：種
品詞：名詞
性：中性
出典候補：第60-86候補
状態：校正用・未確認",russian2,v04,校正用,fallback_vocab,60-86候補,yes,未確認,v04追加。出典回・アクセント・訳語・品詞を要確認。動詞は体ペアとして校正。,no,,0.6,,,,,,
m0957,vocab,животное,животное,動物,名詞,中性,,,,,,60-86候補,語彙/作文,v04追加・頻出語彙・出典要確認,1,животное,2,fallback_vocab,ru→ja / ja→ru候補,животное,動物,"答え：動物
品詞：名詞
性：中性
出典候補：第60-86候補
状態：校正用・未確認",russian2,v04,校正用,fallback_vocab,60-86候補,yes,未確認,v04追加。出典回・アクセント・訳語・品詞を要確認。動詞は体ペアとして校正。,no,,0.6,,,,,,
m0958,vocab,пти́ца,птица,鳥,名詞,女性,,,,,,60-86候補,語彙/作文,v04追加・頻出語彙・出典要確認,1,птица,2,fallback_vocab,ru→ja / ja→ru候補,пти́ца,鳥,"答え：鳥
品詞：名詞
性：女性
出典候補：第60-86候補
状態：校正用・未確認",russian2,v04,校正用,fallback_vocab,60-86候補,yes,未確認,v04追加。出典回・アクセント・訳語・品詞を要確認。動詞は体ペアとして校正。,no,,0.6,,,,,,
m0959,vocab,рыба,рыба,魚,名詞,女性,,,,,,60-86候補,語彙/作文,v04追加・頻出語彙・出典要確認,1,рыба,2,fallback_vocab,ru→ja / ja→ru候補,рыба,魚,"答え：魚
品詞：名詞
性：女性
出典候補：第60-86候補
状態：校正用・未確認",russian2,v04,校正用,fallback_vocab,60-86候補,yes,未確認,v04追加。出典回・アクセント・訳語・品詞を要確認。動詞は体ペアとして校正。,no,,0.6,,,,,,
m0960,vocab,здоро́вье,здоровье,健康,名詞,中性,,,,,,60-86候補,語彙/作文,v04追加・頻出語彙・出典要確認,1,здоровье,2,fallback_vocab,ru→ja / ja→ru候補,здоро́вье,健康,"答え：健康
品詞：名詞
性：中性
出典候補：第60-86候補
状態：校正用・未確認",russian2,v04,校正用,fallback_vocab,60-86候補,yes,未確認,v04追加。出典回・アクセント・訳語・品詞を要確認。動詞は体ペアとして校正。,no,,0.6,,,,,,
m0961,vocab,боле́знь,болезнь,病気,名詞,女性,,,,,,60-86候補,語彙/作文,v04追加・頻出語彙・出典要確認,1,болезнь,2,fallback_vocab,ru→ja / ja→ru候補,боле́знь,病気,"答え：病気
品詞：名詞
性：女性
出典候補：第60-86候補
状態：校正用・未確認",russian2,v04,校正用,fallback_vocab,60-86候補,yes,未確認,v04追加。出典回・アクセント・訳語・品詞を要確認。動詞は体ペアとして校正。,no,,0.6,,,,,,
m0962,vocab,врач,врач,医師,名詞,男性,,,,,,60-86候補,語彙/作文,v04追加・頻出語彙・出典要確認,1,врач,2,fallback_vocab,ru→ja / ja→ru候補,врач,医師,"答え：医師
品詞：名詞
性：男性
出典候補：第60-86候補
状態：校正用・未確認",russian2,v04,校正用,fallback_vocab,60-86候補,yes,未確認,v04追加。出典回・アクセント・訳語・品詞を要確認。動詞は体ペアとして校正。,no,,0.6,,,,,,
m0963,vocab,ле́карство,лекарство,薬,名詞,中性,,,,,,60-86候補,語彙/作文,v04追加・頻出語彙・出典要確認,1,лекарство,2,fallback_vocab,ru→ja / ja→ru候補,ле́карство,薬,"答え：薬
品詞：名詞
性：中性
出典候補：第60-86候補
状態：校正用・未確認",russian2,v04,校正用,fallback_vocab,60-86候補,yes,未確認,v04追加。出典回・アクセント・訳語・品詞を要確認。動詞は体ペアとして校正。,no,,0.6,,,,,,
m0964,vocab,больни́ца,больница,病院,名詞,女性,,,,,,60-86候補,語彙/作文,v04追加・頻出語彙・出典要確認,1,больница,2,fallback_vocab,ru→ja / ja→ru候補,больни́ца,病院,"答え：病院
品詞：名詞
性：女性
出典候補：第60-86候補
状態：校正用・未確認",russian2,v04,校正用,fallback_vocab,60-86候補,yes,未確認,v04追加。出典回・アクセント・訳語・品詞を要確認。動詞は体ペアとして校正。,no,,0.6,,,,,,
m0965,vocab,пита́ние,питание,栄養・食事,名詞,中性,,,,,,60-86候補,語彙/作文,v04追加・頻出語彙・出典要確認,1,питание,2,fallback_vocab,ru→ja / ja→ru候補,пита́ние,栄養・食事,"答え：栄養・食事
品詞：名詞
性：中性
出典候補：第60-86候補
状態：校正用・未確認",russian2,v04,校正用,fallback_vocab,60-86候補,yes,未確認,v04追加。出典回・アクセント・訳語・品詞を要確認。動詞は体ペアとして校正。,no,,0.6,,,,,,
m0966,vocab,еда́,еда,食べ物,名詞,女性,,,,,,60-86候補,語彙/作文,v04追加・頻出語彙・出典要確認,1,еда,2,fallback_vocab,ru→ja / ja→ru候補,еда́,食べ物,"答え：食べ物
品詞：名詞
性：女性
出典候補：第60-86候補
状態：校正用・未確認",russian2,v04,校正用,fallback_vocab,60-86候補,yes,未確認,v04追加。出典回・アクセント・訳語・品詞を要確認。動詞は体ペアとして校正。,no,,0.6,,,,,,
m0967,vocab,напиток,напиток,飲み物,名詞,男性,,,,,,60-86候補,語彙/作文,v04追加・頻出語彙・出典要確認,1,напиток,2,fallback_vocab,ru→ja / ja→ru候補,напиток,飲み物,"答え：飲み物
品詞：名詞
性：男性
出典候補：第60-86候補
状態：校正用・未確認",russian2,v04,校正用,fallback_vocab,60-86候補,yes,未確認,v04追加。出典回・アクセント・訳語・品詞を要確認。動詞は体ペアとして校正。,no,,0.6,,,,,,
m0968,vocab,мясо,мясо,肉,名詞,中性,,,,,,60-86候補,語彙/作文,v04追加・頻出語彙・出典要確認,1,мясо,2,fallback_vocab,ru→ja / ja→ru候補,мясо,肉,"答え：肉
品詞：名詞
性：中性
出典候補：第60-86候補
状態：校正用・未確認",russian2,v04,校正用,fallback_vocab,60-86候補,yes,未確認,v04追加。出典回・アクセント・訳語・品詞を要確認。動詞は体ペアとして校正。,no,,0.6,,,,,,
m0969,vocab,овощ,овощ,野菜,名詞,男性,,,,,,60-86候補,語彙/作文,v04追加・頻出語彙・出典要確認,1,овощ,2,fallback_vocab,ru→ja / ja→ru候補,овощ,野菜,"答え：野菜
品詞：名詞
性：男性
出典候補：第60-86候補
状態：校正用・未確認",russian2,v04,校正用,fallback_vocab,60-86候補,yes,未確認,v04追加。出典回・アクセント・訳語・品詞を要確認。動詞は体ペアとして校正。,no,,0.6,,,,,,
m0970,vocab,фрукт,фрукт,果物,名詞,男性,,,,,,60-86候補,語彙/作文,v04追加・頻出語彙・出典要確認,1,фрукт,2,fallback_vocab,ru→ja / ja→ru候補,фрукт,果物,"答え：果物
品詞：名詞
性：男性
出典候補：第60-86候補
状態：校正用・未確認",russian2,v04,校正用,fallback_vocab,60-86候補,yes,未確認,v04追加。出典回・アクセント・訳語・品詞を要確認。動詞は体ペアとして校正。,no,,0.6,,,,,,
m0971,vocab,молоко,молоко,牛乳,名詞,中性,,,,,,60-86候補,語彙/作文,v04追加・頻出語彙・出典要確認,1,молоко,2,fallback_vocab,ru→ja / ja→ru候補,молоко,牛乳,"答え：牛乳
品詞：名詞
性：中性
出典候補：第60-86候補
状態：校正用・未確認",russian2,v04,校正用,fallback_vocab,60-86候補,yes,未確認,v04追加。出典回・アクセント・訳語・品詞を要確認。動詞は体ペアとして校正。,no,,0.6,,,,,,
m0972,vocab,хлеб,хлеб,パン,名詞,男性,,,,,,60-86候補,語彙/作文,v04追加・頻出語彙・出典要確認,1,хлеб,2,fallback_vocab,ru→ja / ja→ru候補,хлеб,パン,"答え：パン
品詞：名詞
性：男性
出典候補：第60-86候補
状態：校正用・未確認",russian2,v04,校正用,fallback_vocab,60-86候補,yes,未確認,v04追加。出典回・アクセント・訳語・品詞を要確認。動詞は体ペアとして校正。,no,,0.6,,,,,,
m0973,vocab,рис,рис,米,名詞,男性,,,,,,60-86候補,語彙/作文,v04追加・頻出語彙・出典要確認,1,рис,2,fallback_vocab,ru→ja / ja→ru候補,рис,米,"答え：米
品詞：名詞
性：男性
出典候補：第60-86候補
状態：校正用・未確認",russian2,v04,校正用,fallback_vocab,60-86候補,yes,未確認,v04追加。出典回・アクセント・訳語・品詞を要確認。動詞は体ペアとして校正。,no,,0.6,,,,,,
m0974,vocab,соль,соль,塩,名詞,女性,,,,,,60-86候補,語彙/作文,v04追加・頻出語彙・出典要確認,1,соль,2,fallback_vocab,ru→ja / ja→ru候補,соль,塩,"答え：塩
品詞：名詞
性：女性
出典候補：第60-86候補
状態：校正用・未確認",russian2,v04,校正用,fallback_vocab,60-86候補,yes,未確認,v04追加。出典回・アクセント・訳語・品詞を要確認。動詞は体ペアとして校正。,no,,0.6,,,,,,
m0975,vocab,са́хар,сахар,砂糖,名詞,男性,,,,,,60-86候補,語彙/作文,v04追加・頻出語彙・出典要確認,1,сахар,2,fallback_vocab,ru→ja / ja→ru候補,са́хар,砂糖,"答え：砂糖
品詞：名詞
性：男性
出典候補：第60-86候補
状態：校正用・未確認",russian2,v04,校正用,fallback_vocab,60-86候補,yes,未確認,v04追加。出典回・アクセント・訳語・品詞を要確認。動詞は体ペアとして校正。,no,,0.6,,,,,,
m0976,vocab,спорт,спорт,スポーツ,名詞,男性,,,,,,60-86候補,語彙/作文,v04追加・頻出語彙・出典要確認,1,спорт,2,fallback_vocab,ru→ja / ja→ru候補,спорт,スポーツ,"答え：スポーツ
品詞：名詞
性：男性
出典候補：第60-86候補
状態：校正用・未確認",russian2,v04,校正用,fallback_vocab,60-86候補,yes,未確認,v04追加。出典回・アクセント・訳語・品詞を要確認。動詞は体ペアとして校正。,no,,0.6,,,,,,
m0977,vocab,соревнова́ние,соревнование,競技会,名詞,中性,,,,,,60-86候補,語彙/作文,v04追加・頻出語彙・出典要確認,1,соревнование,2,fallback_vocab,ru→ja / ja→ru候補,соревнова́ние,競技会,"答え：競技会
品詞：名詞
性：中性
出典候補：第60-86候補
状態：校正用・未確認",russian2,v04,校正用,fallback_vocab,60-86候補,yes,未確認,v04追加。出典回・アクセント・訳語・品詞を要確認。動詞は体ペアとして校正。,no,,0.6,,,,,,
m0978,vocab,побе́да,победа,勝利,名詞,女性,,,,,,60-86候補,語彙/作文,v04追加・頻出語彙・出典要確認,1,победа,2,fallback_vocab,ru→ja / ja→ru候補,побе́да,勝利,"答え：勝利
品詞：名詞
性：女性
出典候補：第60-86候補
状態：校正用・未確認",russian2,v04,校正用,fallback_vocab,60-86候補,yes,未確認,v04追加。出典回・アクセント・訳語・品詞を要確認。動詞は体ペアとして校正。,no,,0.6,,,,,,
m0979,vocab,пораже́ние,поражение,敗北,名詞,中性,,,,,,60-86候補,語彙/作文,v04追加・頻出語彙・出典要確認,1,поражение,2,fallback_vocab,ru→ja / ja→ru候補,пораже́ние,敗北,"答え：敗北
品詞：名詞
性：中性
出典候補：第60-86候補
状態：校正用・未確認",russian2,v04,校正用,fallback_vocab,60-86候補,yes,未確認,v04追加。出典回・アクセント・訳語・品詞を要確認。動詞は体ペアとして校正。,no,,0.6,,,,,,
m0980,vocab,кома́нда,команда,チーム,名詞,女性,,,,,,60-86候補,語彙/作文,v04追加・頻出語彙・出典要確認,1,команда,2,fallback_vocab,ru→ja / ja→ru候補,кома́нда,チーム,"答え：チーム
品詞：名詞
性：女性
出典候補：第60-86候補
状態：校正用・未確認",russian2,v04,校正用,fallback_vocab,60-86候補,yes,未確認,v04追加。出典回・アクセント・訳語・品詞を要確認。動詞は体ペアとして校正。,no,,0.6,,,,,,
m0981,vocab,уча́стник,участник,参加者,名詞,男性,,,,,,60-86候補,語彙/作文,v04追加・頻出語彙・出典要確認,1,участник,2,fallback_vocab,ru→ja / ja→ru候補,уча́стник,参加者,"答え：参加者
品詞：名詞
性：男性
出典候補：第60-86候補
状態：校正用・未確認",russian2,v04,校正用,fallback_vocab,60-86候補,yes,未確認,v04追加。出典回・アクセント・訳語・品詞を要確認。動詞は体ペアとして校正。,no,,0.6,,,,,,
m0982,vocab,зритель,зритель,観客,名詞,男性,,,,,,60-86候補,語彙/作文,v04追加・頻出語彙・出典要確認,1,зритель,2,fallback_vocab,ru→ja / ja→ru候補,зритель,観客,"答え：観客
品詞：名詞
性：男性
出典候補：第60-86候補
状態：校正用・未確認",russian2,v04,校正用,fallback_vocab,60-86候補,yes,未確認,v04追加。出典回・アクセント・訳語・品詞を要確認。動詞は体ペアとして校正。,no,,0.6,,,,,,
m0983,vocab,сце́на,сцена,舞台,名詞,女性,,,,,,60-86候補,語彙/作文,v04追加・頻出語彙・出典要確認,1,сцена,2,fallback_vocab,ru→ja / ja→ru候補,сце́на,舞台,"答え：舞台
品詞：名詞
性：女性
出典候補：第60-86候補
状態：校正用・未確認",russian2,v04,校正用,fallback_vocab,60-86候補,yes,未確認,v04追加。出典回・アクセント・訳語・品詞を要確認。動詞は体ペアとして校正。,no,,0.6,,,,,,
m0984,vocab,фильм,фильм,映画,名詞,男性,,,,,,60-86候補,語彙/作文,v04追加・頻出語彙・出典要確認,1,фильм,2,fallback_vocab,ru→ja / ja→ru候補,фильм,映画,"答え：映画
品詞：名詞
性：男性
出典候補：第60-86候補
状態：校正用・未確認",russian2,v04,校正用,fallback_vocab,60-86候補,yes,未確認,v04追加。出典回・アクセント・訳語・品詞を要確認。動詞は体ペアとして校正。,no,,0.6,,,,,,
m0985,vocab,теа́тр,театр,劇場,名詞,男性,,,,,,60-86候補,語彙/作文,v04追加・頻出語彙・出典要確認,1,театр,2,fallback_vocab,ru→ja / ja→ru候補,теа́тр,劇場,"答え：劇場
品詞：名詞
性：男性
出典候補：第60-86候補
状態：校正用・未確認",russian2,v04,校正用,fallback_vocab,60-86候補,yes,未確認,v04追加。出典回・アクセント・訳語・品詞を要確認。動詞は体ペアとして校正。,no,,0.6,,,,,,
m0986,vocab,музе́й,музеи,博物館,名詞,男性,,,,,,60-86候補,語彙/作文,v04追加・頻出語彙・出典要確認,1,музеи,2,fallback_vocab,ru→ja / ja→ru候補,музе́й,博物館,"答え：博物館
品詞：名詞
性：男性
出典候補：第60-86候補
状態：校正用・未確認",russian2,v04,校正用,fallback_vocab,60-86候補,yes,未確認,v04追加。出典回・アクセント・訳語・品詞を要確認。動詞は体ペアとして校正。,no,,0.6,,,,,,
m0987,vocab,вы́ставка,выставка,展覧会,名詞,女性,,,,,,60-86候補,語彙/作文,v04追加・頻出語彙・出典要確認,1,выставка,2,fallback_vocab,ru→ja / ja→ru候補,вы́ставка,展覧会,"答え：展覧会
品詞：名詞
性：女性
出典候補：第60-86候補
状態：校正用・未確認",russian2,v04,校正用,fallback_vocab,60-86候補,yes,未確認,v04追加。出典回・アクセント・訳語・品詞を要確認。動詞は体ペアとして校正。,no,,0.6,,,,,,
m0988,vocab,би́лет,билет,切符・チケット,名詞,男性,,,,,,60-86候補,語彙/作文,v04追加・頻出語彙・出典要確認,1,билет,2,fallback_vocab,ru→ja / ja→ru候補,би́лет,切符・チケット,"答え：切符・チケット
品詞：名詞
性：男性
出典候補：第60-86候補
状態：校正用・未確認",russian2,v04,校正用,fallback_vocab,60-86候補,yes,未確認,v04追加。出典回・アクセント・訳語・品詞を要確認。動詞は体ペアとして校正。,no,,0.6,,,,,,
m0989,vocab,самолёт,самолет,飛行機,名詞,男性,,,,,,60-86候補,語彙/作文,v04追加・頻出語彙・出典要確認,1,самолет,2,fallback_vocab,ru→ja / ja→ru候補,самолёт,飛行機,"答え：飛行機
品詞：名詞
性：男性
出典候補：第60-86候補
状態：校正用・未確認",russian2,v04,校正用,fallback_vocab,60-86候補,yes,未確認,v04追加。出典回・アクセント・訳語・品詞を要確認。動詞は体ペアとして校正。,no,,0.6,,,,,,
m0990,vocab,по́ездка,поездка,旅行・移動,名詞,女性,,,,,,60-86候補,語彙/作文,v04追加・頻出語彙・出典要確認,1,поездка,2,fallback_vocab,ru→ja / ja→ru候補,по́ездка,旅行・移動,"答え：旅行・移動
品詞：名詞
性：女性
出典候補：第60-86候補
状態：校正用・未確認",russian2,v04,校正用,fallback_vocab,60-86候補,yes,未確認,v04追加。出典回・アクセント・訳語・品詞を要確認。動詞は体ペアとして校正。,no,,0.6,,,,,,
m0991,vocab,бага́ж,багаж,荷物,名詞,男性,,,,,,60-86候補,語彙/作文,v04追加・頻出語彙・出典要確認,1,багаж,2,fallback_vocab,ru→ja / ja→ru候補,бага́ж,荷物,"答え：荷物
品詞：名詞
性：男性
出典候補：第60-86候補
状態：校正用・未確認",russian2,v04,校正用,fallback_vocab,60-86候補,yes,未確認,v04追加。出典回・アクセント・訳語・品詞を要確認。動詞は体ペアとして校正。,no,,0.6,,,,,,
m0992,vocab,па́спорт,паспорт,パスポート,名詞,男性,,,,,,60-86候補,語彙/作文,v04追加・頻出語彙・出典要確認,1,паспорт,2,fallback_vocab,ru→ja / ja→ru候補,па́спорт,パスポート,"答え：パスポート
品詞：名詞
性：男性
出典候補：第60-86候補
状態：校正用・未確認",russian2,v04,校正用,fallback_vocab,60-86候補,yes,未確認,v04追加。出典回・アクセント・訳語・品詞を要確認。動詞は体ペアとして校正。,no,,0.6,,,,,,
m0993,vocab,грани́ца,граница,国境,名詞,女性,,,,,,60-86候補,語彙/作文,v04追加・頻出語彙・出典要確認,1,граница,2,fallback_vocab,ru→ja / ja→ru候補,грани́ца,国境,"答え：国境
品詞：名詞
性：女性
出典候補：第60-86候補
状態：校正用・未確認",russian2,v04,校正用,fallback_vocab,60-86候補,yes,未確認,v04追加。出典回・アクセント・訳語・品詞を要確認。動詞は体ペアとして校正。,no,,0.6,,,,,,
m0994,vocab,переводчик,переводчик,翻訳者・通訳者,名詞,男性,,,,,,60-86候補,語彙/作文,v04追加・頻出語彙・出典要確認,1,переводчик,2,fallback_vocab,ru→ja / ja→ru候補,переводчик,翻訳者・通訳者,"答え：翻訳者・通訳者
品詞：名詞
性：男性
出典候補：第60-86候補
状態：校正用・未確認",russian2,v04,校正用,fallback_vocab,60-86候補,yes,未確認,v04追加。出典回・アクセント・訳語・品詞を要確認。動詞は体ペアとして校正。,no,,0.6,,,,,,
m0995,vocab,слова́рь,словарь,辞書,名詞,男性,,,,,,60-86候補,語彙/作文,v04追加・頻出語彙・出典要確認,1,словарь,2,fallback_vocab,ru→ja / ja→ru候補,слова́рь,辞書,"答え：辞書
品詞：名詞
性：男性
出典候補：第60-86候補
状態：校正用・未確認",russian2,v04,校正用,fallback_vocab,60-86候補,yes,未確認,v04追加。出典回・アクセント・訳語・品詞を要確認。動詞は体ペアとして校正。,no,,0.6,,,,,,
m0996,vocab,ауди́рование,аудирование,聴解,名詞,中性,,,,,,60-86候補,語彙/作文,v04追加・頻出語彙・出典要確認,1,аудирование,2,fallback_vocab,ru→ja / ja→ru候補,ауди́рование,聴解,"答え：聴解
品詞：名詞
性：中性
出典候補：第60-86候補
状態：校正用・未確認",russian2,v04,校正用,fallback_vocab,60-86候補,yes,未確認,v04追加。出典回・アクセント・訳語・品詞を要確認。動詞は体ペアとして校正。,no,,0.6,,,,,,
m0997,vocab,произноше́ние,произношение,発音,名詞,中性,,,,,,60-86候補,語彙/作文,v04追加・頻出語彙・出典要確認,1,произношение,2,fallback_vocab,ru→ja / ja→ru候補,произноше́ние,発音,"答え：発音
品詞：名詞
性：中性
出典候補：第60-86候補
状態：校正用・未確認",russian2,v04,校正用,fallback_vocab,60-86候補,yes,未確認,v04追加。出典回・アクセント・訳語・品詞を要確認。動詞は体ペアとして校正。,no,,0.6,,,,,,
m0998,vocab,ударе́ние,ударение,アクセント,名詞,中性,,,,,,60-86候補,語彙/作文,v04追加・頻出語彙・出典要確認,1,ударение,2,fallback_vocab,ru→ja / ja→ru候補,ударе́ние,アクセント,"答え：アクセント
品詞：名詞
性：中性
出典候補：第60-86候補
状態：校正用・未確認",russian2,v04,校正用,fallback_vocab,60-86候補,yes,未確認,v04追加。出典回・アクセント・訳語・品詞を要確認。動詞は体ペアとして校正。,no,,0.6,,,,,,
m0999,vocab,звук,звук,音,名詞,男性,,,,,,60-86候補,語彙/作文,v04追加・頻出語彙・出典要確認,1,звук,2,fallback_vocab,ru→ja / ja→ru候補,звук,音,"答え：音
品詞：名詞
性：男性
出典候補：第60-86候補
状態：校正用・未確認",russian2,v04,校正用,fallback_vocab,60-86候補,yes,未確認,v04追加。出典回・アクセント・訳語・品詞を要確認。動詞は体ペアとして校正。,no,,0.6,,,,,,
m1000,vocab,буква,буква,文字,名詞,女性,,,,,,60-86候補,語彙/作文,v04追加・頻出語彙・出典要確認,1,буква,2,fallback_vocab,ru→ja / ja→ru候補,буква,文字,"答え：文字
品詞：名詞
性：女性
出典候補：第60-86候補
状態：校正用・未確認",russian2,v04,校正用,fallback_vocab,60-86候補,yes,未確認,v04追加。出典回・アクセント・訳語・品詞を要確認。動詞は体ペアとして校正。,no,,0.6,,,,,,
